{
  "session_id": "b20dadc1-8e3f-418a-bb22-6be8ff97133d",
  "event_type": "player_move",
  "input": {"device":"keyboard","move_sequence":1},
  "player": {"position":{"x":0,"y":1}},
  "goal_reached":false,
  "timestamp":"2026-02-13T02:23:09Z"
}

{
  "session_id": "b20dadc1-8e3f-418a-bb22-6be8ff97133d",
  "event_type": "player_move",
  "input": {"device":"keyboard","move_sequence":2},
  "player": {"position":{"x":1,"y":1}},
  "goal_reached":false,
  "timestamp":"2026-02-13T02:23:10Z"
}

{
  "session_id": "b20dadc1-8e3f-418a-bb22-6be8ff97133d",
  "event_type": "player_move",
  "input": {"device":"keyboard","move_sequence":3},
  "player": {"position":{"x":1,"y":2}},
  "goal_reached":false,
  "timestamp":"2026-02-13T02:23:11Z"
}

{
  "session_id": "b20dadc1-8e3f-418a-bb22-6be8ff97133d",
  "event_type": "player_move",
  "input": {"device":"keyboard","move_sequence":4},
  "player": {"position":{"x":1,"y":3}},
  "goal_reached":false,
  "timestamp":"2026-02-13T02:25:30Z"
}

{
  "session_id": "b20dadc1-8e3f-418a-bb22-6be8ff97133d",
  "event_type": "player_move",
  "input": {"device":"keyboard","move_sequence":5},
  "player": {"position":{"x":1,"y":4}},
  "goal_reached":false,
  "timestamp":"2026-02-13T02:25:30Z"
}

{
  "session_id": "b20dadc1-8e3f-418a-bb22-6be8ff97133d",
  "event_type": "player_move",
  "input": {"device":"keyboard","move_sequence":6},
  "player": {"position":{"x":2,"y":4}},
  "goal_reached":false,
  "timestamp":"2026-02-13T02:25:31Z"
}

{
  "session_id": "b20dadc1-8e3f-418a-bb22-6be8ff97133d",
  "event_type": "player_move",
  "input": {"device":"keyboard","move_sequence":7},
  "player": {"position":{"x":2,"y":5}},
  "goal_reached":false,
  "timestamp":"2026-02-13T02:25:32Z"
}

{
  "session_id": "b20dadc1-8e3f-418a-bb22-6be8ff97133d",
  "event_type": "player_move",
  "input": {"device":"keyboard","move_sequence":8},
  "player": {"position":{"x":3,"y":5}},
  "goal_reached":false,
  "timestamp":"2026-02-13T02:25:33Z"
}

{
  "session_id": "b20dadc1-8e3f-418a-bb22-6be8ff97133d",
  "event_type": "player_move",
  "input": {"device":"keyboard","move_sequence":9},
  "player": {"position":{"x":3,"y":4}},
  "goal_reached":false,
  "timestamp":"2026-02-13T02:25:34Z"
}

{
  "session_id": "b20dadc1-8e3f-418a-bb22-6be8ff97133d",
  "event_type": "player_move",
  "input": {"device":"keyboard","move_sequence":10},
  "player": {"position":{"x":4,"y":4}},
  "goal_reached":false,
  "timestamp":"2026-02-13T02:25:35Z"
}

{
  "session_id": "b20dadc1-8e3f-418a-bb22-6be8ff97133d",
  "event_type": "player_move",
  "input": {"device":"keyboard","move_sequence":11},
  "player": {"position":{"x":4,"y":3}},
  "goal_reached":false,
  "timestamp":"2026-02-13T02:25:36Z"
}

{
  "session_id": "b20dadc1-8e3f-418a-bb22-6be8ff97133d",
  "event_type": "player_move",
  "input": {"device":"keyboard","move_sequence":12},
  "player": {"position":{"x":4,"y":2}},
  "goal_reached":false,
  "timestamp":"2026-02-13T02:25:36Z"
}

{
  "session_id": "b20dadc1-8e3f-418a-bb22-6be8ff97133d",
  "event_type": "player_move",
  "input": {"device":"keyboard","move_sequence":13},
  "player": {"position":{"x":5,"y":2}},
  "goal_reached":false,
  "timestamp":"2026-02-13T02:25:37Z"
}

{
  "session_id": "b20dadc1-8e3f-418a-bb22-6be8ff97133d",
  "event_type": "player_move",
  "input": {"device":"keyboard","move_sequence":14},
  "player": {"position":{"x":5,"y":3}},
  "goal_reached":false,
  "timestamp":"2026-02-13T02:25:37Z"
}

{
  "session_id": "b20dadc1-8e3f-418a-bb22-6be8ff97133d",
  "event_type": "player_move",
  "input": {"device":"keyboard","move_sequence":15},
  "player": {"position":{"x":5,"y":4}},
  "goal_reached":false,
  "timestamp":"2026-02-13T02:25:38Z"
}

{
  "session_id": "b20dadc1-8e3f-418a-bb22-6be8ff97133d",
  "event_type": "player_move",
  "input": {"device":"keyboard","move_sequence":16},
  "player": {"position":{"x":6,"y":4}},
  "goal_reached":false,
  "timestamp":"2026-02-13T02:25:38Z"
}

{
  "session_id": "b20dadc1-8e3f-418a-bb22-6be8ff97133d",
  "event_type": "player_move",
  "input": {"device":"keyboard","move_sequence":17},
  "player": {"position":{"x":6,"y":3}},
  "goal_reached":false,
  "timestamp":"2026-02-13T02:25:39Z"
}

{
  "session_id": "b20dadc1-8e3f-418a-bb22-6be8ff97133d",
  "event_type": "player_move",
  "input": {"device":"keyboard","move_sequence":18},
  "player": {"position":{"x":7,"y":3}},
  "goal_reached":false,
  "timestamp":"2026-02-13T02:25:39Z"
}

{
  "session_id": "b20dadc1-8e3f-418a-bb22-6be8ff97133d",
  "event_type": "player_move",
  "input": {"device":"keyboard","move_sequence":19},
  "player": {"position":{"x":7,"y":4}},
  "goal_reached":false,
  "timestamp":"2026-02-13T02:25:40Z"
}

{
  "session_id": "b20dadc1-8e3f-418a-bb22-6be8ff97133d",
  "event_type": "player_move",
  "input": {"device":"keyboard","move_sequence":20},
  "player": {"position":{"x":7,"y":5}},
  "goal_reached":false,
  "timestamp":"2026-02-13T02:25:40Z"
}

{
  "session_id": "b20dadc1-8e3f-418a-bb22-6be8ff97133d",
  "event_type": "player_move",
  "input": {"device":"keyboard","move_sequence":21},
  "player": {"position":{"x":8,"y":5}},
  "goal_reached":false,
  "timestamp":"2026-02-13T02:25:41Z"
}

{
  "session_id": "b20dadc1-8e3f-418a-bb22-6be8ff97133d",
  "event_type": "player_move",
  "input": {"device":"keyboard","move_sequence":22},
  "player": {"position":{"x":9,"y":5}},
  "goal_reached":false,
  "timestamp":"2026-02-13T02:25:41Z"
}

{
  "session_id": "b20dadc1-8e3f-418a-bb22-6be8ff97133d",
  "event_type": "player_move",
  "input": {"device":"keyboard","move_sequence":23},
  "player": {"position":{"x":9,"y":4}},
  "goal_reached":false,
  "timestamp":"2026-02-13T02:25:42Z"
}

{
  "session_id": "b20dadc1-8e3f-418a-bb22-6be8ff97133d",
  "event_type": "player_move",
  "input": {"device":"keyboard","move_sequence":24},
  "player": {"position":{"x":10,"y":4}},
  "goal_reached":false,
  "timestamp":"2026-02-13T02:25:43Z"
}

{
  "session_id": "b20dadc1-8e3f-418a-bb22-6be8ff97133d",
  "event_type": "player_move",
  "input": {"device":"keyboard","move_sequence":25},
  "player": {"position":{"x":10,"y":3}},
  "goal_reached":false,
  "timestamp":"2026-02-13T02:25:43Z"
}

{
  "session_id": "b20dadc1-8e3f-418a-bb22-6be8ff97133d",
  "event_type": "player_move",
  "input": {"device":"keyboard","move_sequence":26},
  "player": {"position":{"x":11,"y":3}},
  "goal_reached":false,
  "timestamp":"2026-02-13T02:25:44Z"
}

{
  "session_id": "b20dadc1-8e3f-418a-bb22-6be8ff97133d",
  "event_type": "player_move",
  "input": {"device":"keyboard","move_sequence":27},
  "player": {"position":{"x":11,"y":4}},
  "goal_reached":false,
  "timestamp":"2026-02-13T02:25:44Z"
}

{
  "session_id": "b20dadc1-8e3f-418a-bb22-6be8ff97133d",
  "event_type": "player_move",
  "input": {"device":"keyboard","move_sequence":28},
  "player": {"position":{"x":12,"y":4}},
  "goal_reached":false,
  "timestamp":"2026-02-13T02:25:45Z"
}

{
  "session_id": "b20dadc1-8e3f-418a-bb22-6be8ff97133d",
  "event_type": "player_move",
  "input": {"device":"keyboard","move_sequence":29},
  "player": {"position":{"x":13,"y":4}},
  "goal_reached":false,
  "timestamp":"2026-02-13T02:25:45Z"
}

{
  "session_id": "b20dadc1-8e3f-418a-bb22-6be8ff97133d",
  "event_type": "player_move",
  "input": {"device":"keyboard","move_sequence":30},
  "player": {"position":{"x":14,"y":4}},
  "goal_reached":false,
  "timestamp":"2026-02-13T02:25:45Z"
}

{
  "session_id": "b20dadc1-8e3f-418a-bb22-6be8ff97133d",
  "event_type": "player_move",
  "input": {"device":"keyboard","move_sequence":31},
  "player": {"position":{"x":14,"y":3}},
  "goal_reached":false,
  "timestamp":"2026-02-13T02:25:46Z"
}

{
  "session_id": "b20dadc1-8e3f-418a-bb22-6be8ff97133d",
  "event_type": "player_move",
  "input": {"device":"keyboard","move_sequence":32},
  "player": {"position":{"x":15,"y":3}},
  "goal_reached":false,
  "timestamp":"2026-02-13T02:25:46Z"
}

{
  "session_id": "b20dadc1-8e3f-418a-bb22-6be8ff97133d",
  "event_type": "player_move",
  "input": {"device":"keyboard","move_sequence":33},
  "player": {"position":{"x":15,"y":2}},
  "goal_reached":false,
  "timestamp":"2026-02-13T02:25:47Z"
}

{
  "session_id": "b20dadc1-8e3f-418a-bb22-6be8ff97133d",
  "event_type": "player_move",
  "input": {"device":"keyboard","move_sequence":34},
  "player": {"position":{"x":16,"y":2}},
  "goal_reached":false,
  "timestamp":"2026-02-13T02:25:47Z"
}

{
  "session_id": "b20dadc1-8e3f-418a-bb22-6be8ff97133d",
  "event_type": "player_move",
  "input": {"device":"keyboard","move_sequence":35},
  "player": {"position":{"x":16,"y":3}},
  "goal_reached":false,
  "timestamp":"2026-02-13T02:25:48Z"
}

{
  "session_id": "b20dadc1-8e3f-418a-bb22-6be8ff97133d",
  "event_type": "player_move",
  "input": {"device":"keyboard","move_sequence":36},
  "player": {"position":{"x":16,"y":4}},
  "goal_reached":false,
  "timestamp":"2026-02-13T02:25:48Z"
}

{
  "session_id": "b20dadc1-8e3f-418a-bb22-6be8ff97133d",
  "event_type": "player_move",
  "input": {"device":"keyboard","move_sequence":37},
  "player": {"position":{"x":15,"y":4}},
  "goal_reached":false,
  "timestamp":"2026-02-13T02:25:49Z"
}

{
  "session_id": "b20dadc1-8e3f-418a-bb22-6be8ff97133d",
  "event_type": "player_move",
  "input": {"device":"keyboard","move_sequence":38},
  "player": {"position":{"x":15,"y":5}},
  "goal_reached":false,
  "timestamp":"2026-02-13T02:25:50Z"
}

{
  "session_id": "b20dadc1-8e3f-418a-bb22-6be8ff97133d",
  "event_type": "player_move",
  "input": {"device":"keyboard","move_sequence":39},
  "player": {"position":{"x":16,"y":5}},
  "goal_reached":false,
  "timestamp":"2026-02-13T02:25:50Z"
}

{
  "session_id": "b20dadc1-8e3f-418a-bb22-6be8ff97133d",
  "event_type": "player_move",
  "input": {"device":"keyboard","move_sequence":40},
  "player": {"position":{"x":17,"y":5}},
  "goal_reached":false,
  "timestamp":"2026-02-13T02:25:51Z"
}

{
  "session_id": "b20dadc1-8e3f-418a-bb22-6be8ff97133d",
  "event_type": "player_move",
  "input": {"device":"keyboard","move_sequence":41},
  "player": {"position":{"x":18,"y":5}},
  "goal_reached":false,
  "timestamp":"2026-02-13T02:25:51Z"
}

{
  "session_id": "b20dadc1-8e3f-418a-bb22-6be8ff97133d",
  "event_type": "player_move",
  "input": {"device":"keyboard","move_sequence":42},
  "player": {"position":{"x":19,"y":5}},
  "goal_reached":false,
  "timestamp":"2026-02-13T02:25:52Z"
}

{
  "session_id": "b20dadc1-8e3f-418a-bb22-6be8ff97133d",
  "event_type": "player_move",
  "input": {"device":"keyboard","move_sequence":43},
  "player": {"position":{"x":19,"y":4}},
  "goal_reached":false,
  "timestamp":"2026-02-13T02:25:53Z"
}

{
  "session_id": "b20dadc1-8e3f-418a-bb22-6be8ff97133d",
  "event_type": "player_move",
  "input": {"device":"keyboard","move_sequence":44},
  "player": {"position":{"x":19,"y":3}},
  "goal_reached":false,
  "timestamp":"2026-02-13T02:25:53Z"
}

{
  "session_id": "b20dadc1-8e3f-418a-bb22-6be8ff97133d",
  "event_type": "player_move",
  "input": {"device":"keyboard","move_sequence":45},
  "player": {"position":{"x":19,"y":4}},
  "goal_reached":false,
  "timestamp":"2026-02-13T02:25:53Z"
}

{
  "session_id": "b20dadc1-8e3f-418a-bb22-6be8ff97133d",
  "event_type": "player_move",
  "input": {"device":"keyboard","move_sequence":46},
  "player": {"position":{"x":19,"y":3}},
  "goal_reached":false,
  "timestamp":"2026-02-13T02:25:54Z"
}

{
  "session_id": "b20dadc1-8e3f-418a-bb22-6be8ff97133d",
  "event_type": "player_move",
  "input": {"device":"keyboard","move_sequence":47},
  "player": {"position":{"x":18,"y":3}},
  "goal_reached":false,
  "timestamp":"2026-02-13T02:25:55Z"
}

{
  "session_id": "855009f3-4cc9-45e6-9687-30454dc85ed8",
  "event_type": "player_move",
  "input": {"device":"keyboard","move_sequence":1},
  "player": {"position":{"x":1,"y":0}},
  "goal_reached":false,
  "timestamp":"2026-02-17T22:11:55Z"
}

{
  "session_id": "855009f3-4cc9-45e6-9687-30454dc85ed8",
  "event_type": "player_move",
  "input": {"device":"keyboard","move_sequence":2},
  "player": {"position":{"x":1,"y":1}},
  "goal_reached":false,
  "timestamp":"2026-02-17T22:11:56Z"
}

{
  "session_id": "855009f3-4cc9-45e6-9687-30454dc85ed8",
  "event_type": "player_move",
  "input": {"device":"keyboard","move_sequence":3},
  "player": {"position":{"x":1,"y":2}},
  "goal_reached":false,
  "timestamp":"2026-02-17T22:11:56Z"
}

{
  "session_id": "855009f3-4cc9-45e6-9687-30454dc85ed8",
  "event_type": "player_move",
  "input": {"device":"keyboard","move_sequence":4},
  "player": {"position":{"x":2,"y":2}},
  "goal_reached":false,
  "timestamp":"2026-02-17T22:11:57Z"
}

{
  "session_id": "855009f3-4cc9-45e6-9687-30454dc85ed8",
  "event_type": "player_move",
  "input": {"device":"keyboard","move_sequence":5},
  "player": {"position":{"x":3,"y":2}},
  "goal_reached":false,
  "timestamp":"2026-02-17T22:12:03Z"
}

{
  "session_id": "855009f3-4cc9-45e6-9687-30454dc85ed8",
  "event_type": "player_move",
  "input": {"device":"keyboard","move_sequence":6},
  "player": {"position":{"x":4,"y":2}},
  "goal_reached":false,
  "timestamp":"2026-02-17T22:12:03Z"
}

{
  "session_id": "855009f3-4cc9-45e6-9687-30454dc85ed8",
  "event_type": "player_move",
  "input": {"device":"keyboard","move_sequence":7},
  "player": {"position":{"x":4,"y":3}},
  "goal_reached":false,
  "timestamp":"2026-02-17T22:12:04Z"
}

{
  "session_id": "855009f3-4cc9-45e6-9687-30454dc85ed8",
  "event_type": "player_move",
  "input": {"device":"keyboard","move_sequence":8},
  "player": {"position":{"x":5,"y":3}},
  "goal_reached":false,
  "timestamp":"2026-02-17T22:12:04Z"
}

{
  "session_id": "855009f3-4cc9-45e6-9687-30454dc85ed8",
  "event_type": "player_move",
  "input": {"device":"keyboard","move_sequence":9},
  "player": {"position":{"x":5,"y":2}},
  "goal_reached":false,
  "timestamp":"2026-02-17T22:12:05Z"
}

{
  "session_id": "855009f3-4cc9-45e6-9687-30454dc85ed8",
  "event_type": "player_move",
  "input": {"device":"keyboard","move_sequence":10},
  "player": {"position":{"x":6,"y":2}},
  "goal_reached":false,
  "timestamp":"2026-02-17T22:12:05Z"
}

{
  "session_id": "855009f3-4cc9-45e6-9687-30454dc85ed8",
  "event_type": "player_move",
  "input": {"device":"keyboard","move_sequence":11},
  "player": {"position":{"x":6,"y":1}},
  "goal_reached":false,
  "timestamp":"2026-02-17T22:12:06Z"
}

{
  "session_id": "855009f3-4cc9-45e6-9687-30454dc85ed8",
  "event_type": "player_move",
  "input": {"device":"keyboard","move_sequence":12},
  "player": {"position":{"x":7,"y":1}},
  "goal_reached":false,
  "timestamp":"2026-02-17T22:12:06Z"
}

{
  "session_id": "855009f3-4cc9-45e6-9687-30454dc85ed8",
  "event_type": "player_move",
  "input": {"device":"keyboard","move_sequence":13},
  "player": {"position":{"x":7,"y":0}},
  "goal_reached":false,
  "timestamp":"2026-02-17T22:12:07Z"
}

{
  "session_id": "84dbd37b-bc40-434f-a010-90d28b08dcf5",
  "event_type": "player_move",
  "input": {"device":"keyboard","move_sequence":1},
  "player": {"position":{"x":1,"y":0}},
  "goal_reached":false,
  "timestamp":"2026-02-19T14:46:16Z"
}

{
  "session_id": "4b98d320-c105-40aa-a028-eb9c34a8d814",
  "event_type": "player_move",
  "input": {"device":"keyboard","move_sequence":1},
  "player": {"position":{"x":1,"y":0}},
  "goal_reached":false,
  "timestamp":"2026-02-19T14:51:24Z"
}

{
  "session_id": "4b98d320-c105-40aa-a028-eb9c34a8d814",
  "event_type": "player_move",
  "input": {"device":"keyboard","move_sequence":2},
  "player": {"position":{"x":1,"y":1}},
  "goal_reached":false,
  "timestamp":"2026-02-19T14:54:40Z"
}

{
  "session_id": "78f74a88-fba8-4078-9351-0ccd6662d332",
  "event_type": "player_move",
  "input": {"device":"keyboard","move_sequence":1},
  "player": {"position":{"x":0,"y":1}},
  "goal_reached":false,
  "timestamp":"2026-02-19T14:59:27Z"
}

{
  "session_id": "78f74a88-fba8-4078-9351-0ccd6662d332",
  "event_type": "player_move",
  "input": {"device":"keyboard","move_sequence":2},
  "player": {"position":{"x":1,"y":1}},
  "goal_reached":false,
  "timestamp":"2026-02-19T14:59:27Z"
}

{
  "session_id": "78f74a88-fba8-4078-9351-0ccd6662d332",
  "event_type": "player_move",
  "input": {"device":"keyboard","move_sequence":3},
  "player": {"position":{"x":2,"y":1}},
  "goal_reached":false,
  "timestamp":"2026-02-19T14:59:42Z"
}

{
  "session_id": "78f74a88-fba8-4078-9351-0ccd6662d332",
  "event_type": "player_move",
  "input": {"device":"keyboard","move_sequence":4},
  "player": {"position":{"x":3,"y":1}},
  "goal_reached":false,
  "timestamp":"2026-02-19T14:59:42Z"
}

{
  "session_id": "78f74a88-fba8-4078-9351-0ccd6662d332",
  "event_type": "player_move",
  "input": {"device":"keyboard","move_sequence":5},
  "player": {"position":{"x":3,"y":0}},
  "goal_reached":false,
  "timestamp":"2026-02-19T14:59:43Z"
}

{
  "session_id": "78f74a88-fba8-4078-9351-0ccd6662d332",
  "event_type": "player_move",
  "input": {"device":"keyboard","move_sequence":6},
  "player": {"position":{"x":4,"y":0}},
  "goal_reached":false,
  "timestamp":"2026-02-19T14:59:43Z"
}

{
  "session_id": "78f74a88-fba8-4078-9351-0ccd6662d332",
  "event_type": "player_move",
  "input": {"device":"keyboard","move_sequence":7},
  "player": {"position":{"x":5,"y":0}},
  "goal_reached":false,
  "timestamp":"2026-02-19T14:59:44Z"
}

{
  "session_id": "78f74a88-fba8-4078-9351-0ccd6662d332",
  "event_type": "player_move",
  "input": {"device":"keyboard","move_sequence":8},
  "player": {"position":{"x":5,"y":1}},
  "goal_reached":false,
  "timestamp":"2026-02-19T14:59:44Z"
}

{
  "session_id": "78f74a88-fba8-4078-9351-0ccd6662d332",
  "event_type": "player_move",
  "input": {"device":"keyboard","move_sequence":9},
  "player": {"position":{"x":5,"y":2}},
  "goal_reached":false,
  "timestamp":"2026-02-19T14:59:45Z"
}

{
  "session_id": "78f74a88-fba8-4078-9351-0ccd6662d332",
  "event_type": "player_move",
  "input": {"device":"keyboard","move_sequence":10},
  "player": {"position":{"x":4,"y":2}},
  "goal_reached":false,
  "timestamp":"2026-02-19T14:59:46Z"
}

{
  "session_id": "78f74a88-fba8-4078-9351-0ccd6662d332",
  "event_type": "player_move",
  "input": {"device":"keyboard","move_sequence":11},
  "player": {"position":{"x":4,"y":1}},
  "goal_reached":false,
  "timestamp":"2026-02-19T14:59:46Z"
}

{
  "session_id": "78f74a88-fba8-4078-9351-0ccd6662d332",
  "event_type": "player_move",
  "input": {"device":"keyboard","move_sequence":12},
  "player": {"position":{"x":4,"y":2}},
  "goal_reached":false,
  "timestamp":"2026-02-19T14:59:46Z"
}

{
  "session_id": "78f74a88-fba8-4078-9351-0ccd6662d332",
  "event_type": "player_move",
  "input": {"device":"keyboard","move_sequence":13},
  "player": {"position":{"x":3,"y":2}},
  "goal_reached":false,
  "timestamp":"2026-02-19T14:59:47Z"
}

{
  "session_id": "78f74a88-fba8-4078-9351-0ccd6662d332",
  "event_type": "player_move",
  "input": {"device":"keyboard","move_sequence":14},
  "player": {"position":{"x":3,"y":3}},
  "goal_reached":false,
  "timestamp":"2026-02-19T14:59:47Z"
}

{
  "session_id": "389b28f3-c70b-40e6-b00c-ecdb2e028766",
  "event_type": "player_move",
  "input": {"device":"keyboard","move_sequence":1},
  "player": {"position":{"x":1,"y":0}},
  "goal_reached":false,
  "timestamp":"2026-02-19T15:19:34Z"
}

{
  "session_id": "389b28f3-c70b-40e6-b00c-ecdb2e028766",
  "event_type": "player_move",
  "input": {"device":"keyboard","move_sequence":2},
  "player": {"position":{"x":2,"y":0}},
  "goal_reached":false,
  "timestamp":"2026-02-19T15:19:34Z"
}

{
  "session_id": "389b28f3-c70b-40e6-b00c-ecdb2e028766",
  "event_type": "player_move",
  "input": {"device":"keyboard","move_sequence":3},
  "player": {"position":{"x":2,"y":1}},
  "goal_reached":false,
  "timestamp":"2026-02-19T15:19:34Z"
}

{
  "session_id": "389b28f3-c70b-40e6-b00c-ecdb2e028766",
  "event_type": "player_move",
  "input": {"device":"keyboard","move_sequence":4},
  "player": {"position":{"x":2,"y":2}},
  "goal_reached":false,
  "timestamp":"2026-02-19T15:20:56Z"
}

{
  "session_id": "389b28f3-c70b-40e6-b00c-ecdb2e028766",
  "event_type": "player_move",
  "input": {"device":"keyboard","move_sequence":5},
  "player": {"position":{"x":1,"y":2}},
  "goal_reached":false,
  "timestamp":"2026-02-19T15:20:57Z"
}

{
  "session_id": "389b28f3-c70b-40e6-b00c-ecdb2e028766",
  "event_type": "player_move",
  "input": {"device":"keyboard","move_sequence":6},
  "player": {"position":{"x":1,"y":1}},
  "goal_reached":false,
  "timestamp":"2026-02-19T15:20:58Z"
}

{
  "session_id": "389b28f3-c70b-40e6-b00c-ecdb2e028766",
  "event_type": "player_move",
  "input": {"device":"keyboard","move_sequence":7},
  "player": {"position":{"x":0,"y":1}},
  "goal_reached":false,
  "timestamp":"2026-02-19T15:20:58Z"
}

{
  "session_id": "389b28f3-c70b-40e6-b00c-ecdb2e028766",
  "event_type": "player_move",
  "input": {"device":"keyboard","move_sequence":8},
  "player": {"position":{"x":0,"y":2}},
  "goal_reached":false,
  "timestamp":"2026-02-19T15:20:58Z"
}

{
  "session_id": "389b28f3-c70b-40e6-b00c-ecdb2e028766",
  "event_type": "player_move",
  "input": {"device":"keyboard","move_sequence":9},
  "player": {"position":{"x":0,"y":3}},
  "goal_reached":false,
  "timestamp":"2026-02-19T15:20:59Z"
}

{
  "session_id": "389b28f3-c70b-40e6-b00c-ecdb2e028766",
  "event_type": "player_move",
  "input": {"device":"keyboard","move_sequence":10},
  "player": {"position":{"x":1,"y":3}},
  "goal_reached":false,
  "timestamp":"2026-02-19T15:20:59Z"
}

{
  "session_id": "389b28f3-c70b-40e6-b00c-ecdb2e028766",
  "event_type": "player_move",
  "input": {"device":"keyboard","move_sequence":11},
  "player": {"position":{"x":1,"y":4}},
  "goal_reached":false,
  "timestamp":"2026-02-19T15:20:59Z"
}

{
  "session_id": "389b28f3-c70b-40e6-b00c-ecdb2e028766",
  "event_type": "player_move",
  "input": {"device":"keyboard","move_sequence":12},
  "player": {"position":{"x":1,"y":5}},
  "goal_reached":false,
  "timestamp":"2026-02-19T15:21:00Z"
}

{
  "session_id": "389b28f3-c70b-40e6-b00c-ecdb2e028766",
  "event_type": "player_move",
  "input": {"device":"keyboard","move_sequence":13},
  "player": {"position":{"x":1,"y":6}},
  "goal_reached":false,
  "timestamp":"2026-02-19T15:21:00Z"
}

{
  "session_id": "389b28f3-c70b-40e6-b00c-ecdb2e028766",
  "event_type": "player_move",
  "input": {"device":"keyboard","move_sequence":14},
  "player": {"position":{"x":0,"y":6}},
  "goal_reached":false,
  "timestamp":"2026-02-19T15:21:00Z"
}

{
  "session_id": "389b28f3-c70b-40e6-b00c-ecdb2e028766",
  "event_type": "player_move",
  "input": {"device":"keyboard","move_sequence":15},
  "player": {"position":{"x":0,"y":7}},
  "goal_reached":false,
  "timestamp":"2026-02-19T15:21:00Z"
}

{
  "session_id": "389b28f3-c70b-40e6-b00c-ecdb2e028766",
  "event_type": "player_move",
  "input": {"device":"keyboard","move_sequence":16},
  "player": {"position":{"x":0,"y":8}},
  "goal_reached":false,
  "timestamp":"2026-02-19T15:21:01Z"
}

{
  "session_id": "389b28f3-c70b-40e6-b00c-ecdb2e028766",
  "event_type": "player_move",
  "input": {"device":"keyboard","move_sequence":17},
  "player": {"position":{"x":0,"y":9}},
  "goal_reached":false,
  "timestamp":"2026-02-19T15:21:01Z"
}

{
  "session_id": "389b28f3-c70b-40e6-b00c-ecdb2e028766",
  "event_type": "player_move",
  "input": {"device":"keyboard","move_sequence":18},
  "player": {"position":{"x":1,"y":9}},
  "goal_reached":false,
  "timestamp":"2026-02-19T15:21:01Z"
}

{
  "session_id": "389b28f3-c70b-40e6-b00c-ecdb2e028766",
  "event_type": "player_move",
  "input": {"device":"keyboard","move_sequence":19},
  "player": {"position":{"x":2,"y":9}},
  "goal_reached":false,
  "timestamp":"2026-02-19T15:21:02Z"
}

{
  "session_id": "389b28f3-c70b-40e6-b00c-ecdb2e028766",
  "event_type": "player_move",
  "input": {"device":"keyboard","move_sequence":20},
  "player": {"position":{"x":2,"y":8}},
  "goal_reached":false,
  "timestamp":"2026-02-19T15:21:02Z"
}

{
  "session_id": "389b28f3-c70b-40e6-b00c-ecdb2e028766",
  "event_type": "player_move",
  "input": {"device":"keyboard","move_sequence":21},
  "player": {"position":{"x":2,"y":7}},
  "goal_reached":false,
  "timestamp":"2026-02-19T15:21:03Z"
}

{
  "session_id": "389b28f3-c70b-40e6-b00c-ecdb2e028766",
  "event_type": "player_move",
  "input": {"device":"keyboard","move_sequence":22},
  "player": {"position":{"x":2,"y":6}},
  "goal_reached":false,
  "timestamp":"2026-02-19T15:21:03Z"
}

{
  "session_id": "389b28f3-c70b-40e6-b00c-ecdb2e028766",
  "event_type": "player_move",
  "input": {"device":"keyboard","move_sequence":23},
  "player": {"position":{"x":3,"y":6}},
  "goal_reached":false,
  "timestamp":"2026-02-19T15:21:03Z"
}

{
  "session_id": "389b28f3-c70b-40e6-b00c-ecdb2e028766",
  "event_type": "player_move",
  "input": {"device":"keyboard","move_sequence":24},
  "player": {"position":{"x":3,"y":7}},
  "goal_reached":false,
  "timestamp":"2026-02-19T15:21:04Z"
}

{
  "session_id": "389b28f3-c70b-40e6-b00c-ecdb2e028766",
  "event_type": "player_move",
  "input": {"device":"keyboard","move_sequence":25},
  "player": {"position":{"x":3,"y":8}},
  "goal_reached":false,
  "timestamp":"2026-02-19T15:21:04Z"
}

{
  "session_id": "389b28f3-c70b-40e6-b00c-ecdb2e028766",
  "event_type": "player_move",
  "input": {"device":"keyboard","move_sequence":26},
  "player": {"position":{"x":3,"y":9}},
  "goal_reached":false,
  "timestamp":"2026-02-19T15:21:04Z"
}

{
  "session_id": "389b28f3-c70b-40e6-b00c-ecdb2e028766",
  "event_type": "player_move",
  "input": {"device":"keyboard","move_sequence":27},
  "player": {"position":{"x":3,"y":10}},
  "goal_reached":false,
  "timestamp":"2026-02-19T15:21:04Z"
}

{
  "session_id": "389b28f3-c70b-40e6-b00c-ecdb2e028766",
  "event_type": "player_move",
  "input": {"device":"keyboard","move_sequence":28},
  "player": {"position":{"x":2,"y":10}},
  "goal_reached":false,
  "timestamp":"2026-02-19T15:21:05Z"
}

{
  "session_id": "389b28f3-c70b-40e6-b00c-ecdb2e028766",
  "event_type": "player_move",
  "input": {"device":"keyboard","move_sequence":29},
  "player": {"position":{"x":2,"y":11}},
  "goal_reached":false,
  "timestamp":"2026-02-19T15:21:06Z"
}

{
  "session_id": "389b28f3-c70b-40e6-b00c-ecdb2e028766",
  "event_type": "player_move",
  "input": {"device":"keyboard","move_sequence":30},
  "player": {"position":{"x":1,"y":11}},
  "goal_reached":false,
  "timestamp":"2026-02-19T15:21:06Z"
}

{
  "session_id": "389b28f3-c70b-40e6-b00c-ecdb2e028766",
  "event_type": "player_move",
  "input": {"device":"keyboard","move_sequence":31},
  "player": {"position":{"x":1,"y":12}},
  "goal_reached":false,
  "timestamp":"2026-02-19T15:21:06Z"
}

{
  "session_id": "daf88baa-26bd-48be-b0be-86efa8831d8a",
  "event_type": "player_move",
  "input": {"device":"keyboard","move_sequence":1},
  "player": {"position":{"x":0,"y":1}},
  "goal_reached":false,
  "timestamp":"2026-02-19T17:32:30Z"
}

{
  "session_id": "daf88baa-26bd-48be-b0be-86efa8831d8a",
  "event_type": "player_move",
  "input": {"device":"keyboard","move_sequence":2},
  "player": {"position":{"x":0,"y":2}},
  "goal_reached":false,
  "timestamp":"2026-02-19T17:32:30Z"
}

{
  "session_id": "daf88baa-26bd-48be-b0be-86efa8831d8a",
  "event_type": "player_move",
  "input": {"device":"keyboard","move_sequence":3},
  "player": {"position":{"x":0,"y":3}},
  "goal_reached":false,
  "timestamp":"2026-02-19T17:32:31Z"
}

{
  "session_id": "daf88baa-26bd-48be-b0be-86efa8831d8a",
  "event_type": "player_move",
  "input": {"device":"keyboard","move_sequence":4},
  "player": {"position":{"x":0,"y":4}},
  "goal_reached":false,
  "timestamp":"2026-02-19T17:32:31Z"
}

{
  "session_id": "daf88baa-26bd-48be-b0be-86efa8831d8a",
  "event_type": "player_move",
  "input": {"device":"keyboard","move_sequence":5},
  "player": {"position":{"x":0,"y":3}},
  "goal_reached":false,
  "timestamp":"2026-02-19T17:32:31Z"
}

{
  "session_id": "daf88baa-26bd-48be-b0be-86efa8831d8a",
  "event_type": "player_move",
  "input": {"device":"keyboard","move_sequence":6},
  "player": {"position":{"x":0,"y":4}},
  "goal_reached":false,
  "timestamp":"2026-02-19T17:32:31Z"
}

{
  "session_id": "daf88baa-26bd-48be-b0be-86efa8831d8a",
  "event_type": "player_move",
  "input": {"device":"keyboard","move_sequence":7},
  "player": {"position":{"x":0,"y":5}},
  "goal_reached":false,
  "timestamp":"2026-02-19T17:32:32Z"
}

{
  "session_id": "daf88baa-26bd-48be-b0be-86efa8831d8a",
  "event_type": "player_move",
  "input": {"device":"keyboard","move_sequence":8},
  "player": {"position":{"x":0,"y":6}},
  "goal_reached":false,
  "timestamp":"2026-02-19T17:33:47Z"
}

{
  "session_id": "daf88baa-26bd-48be-b0be-86efa8831d8a",
  "event_type": "player_move",
  "input": {"device":"keyboard","move_sequence":9},
  "player": {"position":{"x":1,"y":6}},
  "goal_reached":false,
  "timestamp":"2026-02-19T17:33:49Z"
}

{
  "session_id": "518e9508-a1c4-45fe-b6f2-f994fcf39b90",
  "event_type": "player_move",
  "input": {"device":"keyboard","move_sequence":1},
  "player": {"position":{"x":0,"y":1}},
  "goal_reached":false,
  "timestamp":"2026-02-19T18:09:49Z"
}

{
  "session_id": "518e9508-a1c4-45fe-b6f2-f994fcf39b90",
  "event_type": "player_move",
  "input": {"device":"keyboard","move_sequence":2},
  "player": {"position":{"x":1,"y":1}},
  "goal_reached":false,
  "timestamp":"2026-02-19T18:09:50Z"
}

{
  "session_id": "518e9508-a1c4-45fe-b6f2-f994fcf39b90",
  "event_type": "player_move",
  "input": {"device":"keyboard","move_sequence":3},
  "player": {"position":{"x":1,"y":0}},
  "goal_reached":false,
  "timestamp":"2026-02-19T18:09:50Z"
}

{
  "session_id": "518e9508-a1c4-45fe-b6f2-f994fcf39b90",
  "event_type": "player_move",
  "input": {"device":"keyboard","move_sequence":4},
  "player": {"position":{"x":2,"y":0}},
  "goal_reached":false,
  "timestamp":"2026-02-19T18:09:51Z"
}

{
  "session_id": "518e9508-a1c4-45fe-b6f2-f994fcf39b90",
  "event_type": "player_move",
  "input": {"device":"keyboard","move_sequence":5},
  "player": {"position":{"x":3,"y":0}},
  "goal_reached":false,
  "timestamp":"2026-02-19T18:09:51Z"
}

{
  "session_id": "225bb226-2937-4d6a-8ce3-29c742d7d6f8",
  "event_type": "player_move",
  "input": {"device":"keyboard","move_sequence":1},
  "player": {"position":{"x":1,"y":0}},
  "goal_reached":false,
  "timestamp":"2026-02-19T18:45:42Z"
}

{
  "session_id": "225bb226-2937-4d6a-8ce3-29c742d7d6f8",
  "event_type": "player_move",
  "input": {"device":"keyboard","move_sequence":2},
  "player": {"position":{"x":1,"y":1}},
  "goal_reached":false,
  "timestamp":"2026-02-19T18:45:42Z"
}

{
  "session_id": "225bb226-2937-4d6a-8ce3-29c742d7d6f8",
  "event_type": "player_move",
  "input": {"device":"keyboard","move_sequence":3},
  "player": {"position":{"x":2,"y":1}},
  "goal_reached":false,
  "timestamp":"2026-02-19T18:45:42Z"
}

{
  "session_id": "225bb226-2937-4d6a-8ce3-29c742d7d6f8",
  "event_type": "player_move",
  "input": {"device":"keyboard","move_sequence":4},
  "player": {"position":{"x":2,"y":2}},
  "goal_reached":false,
  "timestamp":"2026-02-19T18:45:43Z"
}

{
  "session_id": "225bb226-2937-4d6a-8ce3-29c742d7d6f8",
  "event_type": "player_move",
  "input": {"device":"keyboard","move_sequence":5},
  "player": {"position":{"x":3,"y":2}},
  "goal_reached":false,
  "timestamp":"2026-02-19T18:45:44Z"
}

{
  "session_id": "c054346f-8864-46a8-9ee5-f59a01eae6fb",
  "event_type": "player_move",
  "input": {"device":"keyboard","move_sequence":1},
  "player": {"position":{"x":1,"y":0}},
  "goal_reached":false,
  "timestamp":"2026-02-19T20:34:12Z"
}

{
  "session_id": "c054346f-8864-46a8-9ee5-f59a01eae6fb",
  "event_type": "player_move",
  "input": {"device":"keyboard","move_sequence":2},
  "player": {"position":{"x":1,"y":1}},
  "goal_reached":false,
  "timestamp":"2026-02-19T20:34:13Z"
}

{
  "session_id": "c054346f-8864-46a8-9ee5-f59a01eae6fb",
  "event_type": "player_move",
  "input": {"device":"keyboard","move_sequence":3},
  "player": {"position":{"x":1,"y":2}},
  "goal_reached":false,
  "timestamp":"2026-02-19T20:34:14Z"
}

{
  "session_id": "c054346f-8864-46a8-9ee5-f59a01eae6fb",
  "event_type": "player_move",
  "input": {"device":"keyboard","move_sequence":4},
  "player": {"position":{"x":0,"y":2}},
  "goal_reached":false,
  "timestamp":"2026-02-19T20:34:14Z"
}

{
  "session_id": "c054346f-8864-46a8-9ee5-f59a01eae6fb",
  "event_type": "player_move",
  "input": {"device":"keyboard","move_sequence":5},
  "player": {"position":{"x":0,"y":3}},
  "goal_reached":false,
  "timestamp":"2026-02-19T20:34:15Z"
}

{
  "session_id": "c054346f-8864-46a8-9ee5-f59a01eae6fb",
  "event_type": "player_move",
  "input": {"device":"keyboard","move_sequence":6},
  "player": {"position":{"x":1,"y":3}},
  "goal_reached":false,
  "timestamp":"2026-02-19T20:34:15Z"
}

{
  "session_id": "c054346f-8864-46a8-9ee5-f59a01eae6fb",
  "event_type": "player_move",
  "input": {"device":"keyboard","move_sequence":7},
  "player": {"position":{"x":1,"y":4}},
  "goal_reached":false,
  "timestamp":"2026-02-19T20:34:16Z"
}

{
  "session_id": "c054346f-8864-46a8-9ee5-f59a01eae6fb",
  "event_type": "player_move",
  "input": {"device":"keyboard","move_sequence":8},
  "player": {"position":{"x":1,"y":5}},
  "goal_reached":false,
  "timestamp":"2026-02-19T20:34:16Z"
}

{
  "session_id": "c054346f-8864-46a8-9ee5-f59a01eae6fb",
  "event_type": "player_move",
  "input": {"device":"keyboard","move_sequence":9},
  "player": {"position":{"x":1,"y":6}},
  "goal_reached":false,
  "timestamp":"2026-02-19T20:34:17Z"
}

{
  "session_id": "c054346f-8864-46a8-9ee5-f59a01eae6fb",
  "event_type": "player_move",
  "input": {"device":"keyboard","move_sequence":10},
  "player": {"position":{"x":2,"y":6}},
  "goal_reached":false,
  "timestamp":"2026-02-19T20:34:17Z"
}

{
  "session_id": "c054346f-8864-46a8-9ee5-f59a01eae6fb",
  "event_type": "player_move",
  "input": {"device":"keyboard","move_sequence":11},
  "player": {"position":{"x":2,"y":5}},
  "goal_reached":false,
  "timestamp":"2026-02-19T20:34:18Z"
}

{
  "session_id": "c054346f-8864-46a8-9ee5-f59a01eae6fb",
  "event_type": "player_move",
  "input": {"device":"keyboard","move_sequence":12},
  "player": {"position":{"x":3,"y":5}},
  "goal_reached":false,
  "timestamp":"2026-02-19T20:34:19Z"
}

{
  "session_id": "c054346f-8864-46a8-9ee5-f59a01eae6fb",
  "event_type": "player_move",
  "input": {"device":"keyboard","move_sequence":13},
  "player": {"position":{"x":4,"y":5}},
  "goal_reached":false,
  "timestamp":"2026-02-19T20:34:19Z"
}

{
  "session_id": "c054346f-8864-46a8-9ee5-f59a01eae6fb",
  "event_type": "player_move",
  "input": {"device":"keyboard","move_sequence":14},
  "player": {"position":{"x":5,"y":5}},
  "goal_reached":false,
  "timestamp":"2026-02-19T20:34:19Z"
}

{
  "session_id": "c054346f-8864-46a8-9ee5-f59a01eae6fb",
  "event_type": "player_move",
  "input": {"device":"keyboard","move_sequence":15},
  "player": {"position":{"x":5,"y":4}},
  "goal_reached":false,
  "timestamp":"2026-02-19T20:34:20Z"
}

{
  "session_id": "c054346f-8864-46a8-9ee5-f59a01eae6fb",
  "event_type": "player_move",
  "input": {"device":"keyboard","move_sequence":16},
  "player": {"position":{"x":5,"y":5}},
  "goal_reached":false,
  "timestamp":"2026-02-19T20:34:20Z"
}

{
  "session_id": "c054346f-8864-46a8-9ee5-f59a01eae6fb",
  "event_type": "player_move",
  "input": {"device":"keyboard","move_sequence":17},
  "player": {"position":{"x":5,"y":4}},
  "goal_reached":false,
  "timestamp":"2026-02-19T20:34:21Z"
}

{
  "session_id": "c054346f-8864-46a8-9ee5-f59a01eae6fb",
  "event_type": "player_move",
  "input": {"device":"keyboard","move_sequence":18},
  "player": {"position":{"x":4,"y":4}},
  "goal_reached":false,
  "timestamp":"2026-02-19T20:34:23Z"
}

{
  "session_id": "c054346f-8864-46a8-9ee5-f59a01eae6fb",
  "event_type": "player_move",
  "input": {"device":"keyboard","move_sequence":19},
  "player": {"position":{"x":3,"y":4}},
  "goal_reached":false,
  "timestamp":"2026-02-19T20:34:23Z"
}

{
  "session_id": "c054346f-8864-46a8-9ee5-f59a01eae6fb",
  "event_type": "player_move",
  "input": {"device":"keyboard","move_sequence":20},
  "player": {"position":{"x":3,"y":3}},
  "goal_reached":false,
  "timestamp":"2026-02-19T20:34:24Z"
}

{
  "session_id": "c054346f-8864-46a8-9ee5-f59a01eae6fb",
  "event_type": "player_move",
  "input": {"device":"keyboard","move_sequence":21},
  "player": {"position":{"x":4,"y":3}},
  "goal_reached":false,
  "timestamp":"2026-02-19T20:34:24Z"
}

{
  "session_id": "c054346f-8864-46a8-9ee5-f59a01eae6fb",
  "event_type": "player_move",
  "input": {"device":"keyboard","move_sequence":22},
  "player": {"position":{"x":4,"y":2}},
  "goal_reached":false,
  "timestamp":"2026-02-19T20:34:25Z"
}

{
  "session_id": "c054346f-8864-46a8-9ee5-f59a01eae6fb",
  "event_type": "player_move",
  "input": {"device":"keyboard","move_sequence":23},
  "player": {"position":{"x":4,"y":1}},
  "goal_reached":false,
  "timestamp":"2026-02-19T20:34:25Z"
}

{
  "session_id": "c054346f-8864-46a8-9ee5-f59a01eae6fb",
  "event_type": "player_move",
  "input": {"device":"keyboard","move_sequence":24},
  "player": {"position":{"x":4,"y":0}},
  "goal_reached":false,
  "timestamp":"2026-02-19T20:34:26Z"
}

{
  "session_id": "c054346f-8864-46a8-9ee5-f59a01eae6fb",
  "event_type": "player_move",
  "input": {"device":"keyboard","move_sequence":25},
  "player": {"position":{"x":5,"y":0}},
  "goal_reached":false,
  "timestamp":"2026-02-19T20:34:26Z"
}

{
  "session_id": "c054346f-8864-46a8-9ee5-f59a01eae6fb",
  "event_type": "player_move",
  "input": {"device":"keyboard","move_sequence":26},
  "player": {"position":{"x":5,"y":1}},
  "goal_reached":false,
  "timestamp":"2026-02-19T20:34:27Z"
}

{
  "session_id": "c054346f-8864-46a8-9ee5-f59a01eae6fb",
  "event_type": "player_move",
  "input": {"device":"keyboard","move_sequence":27},
  "player": {"position":{"x":5,"y":2}},
  "goal_reached":false,
  "timestamp":"2026-02-19T20:34:27Z"
}

{
  "session_id": "c054346f-8864-46a8-9ee5-f59a01eae6fb",
  "event_type": "player_move",
  "input": {"device":"keyboard","move_sequence":28},
  "player": {"position":{"x":5,"y":3}},
  "goal_reached":false,
  "timestamp":"2026-02-19T20:34:28Z"
}

{
  "session_id": "c054346f-8864-46a8-9ee5-f59a01eae6fb",
  "event_type": "player_move",
  "input": {"device":"keyboard","move_sequence":29},
  "player": {"position":{"x":6,"y":3}},
  "goal_reached":false,
  "timestamp":"2026-02-19T20:34:28Z"
}

{
  "session_id": "c054346f-8864-46a8-9ee5-f59a01eae6fb",
  "event_type": "player_move",
  "input": {"device":"keyboard","move_sequence":30},
  "player": {"position":{"x":7,"y":3}},
  "goal_reached":false,
  "timestamp":"2026-02-19T20:34:29Z"
}

{
  "session_id": "c054346f-8864-46a8-9ee5-f59a01eae6fb",
  "event_type": "player_move",
  "input": {"device":"keyboard","move_sequence":31},
  "player": {"position":{"x":7,"y":2}},
  "goal_reached":false,
  "timestamp":"2026-02-19T20:34:29Z"
}

{
  "session_id": "c054346f-8864-46a8-9ee5-f59a01eae6fb",
  "event_type": "player_move",
  "input": {"device":"keyboard","move_sequence":32},
  "player": {"position":{"x":7,"y":1}},
  "goal_reached":false,
  "timestamp":"2026-02-19T20:34:30Z"
}

{
  "session_id": "c054346f-8864-46a8-9ee5-f59a01eae6fb",
  "event_type": "player_move",
  "input": {"device":"keyboard","move_sequence":33},
  "player": {"position":{"x":6,"y":1}},
  "goal_reached":false,
  "timestamp":"2026-02-19T20:34:30Z"
}

{
  "session_id": "c054346f-8864-46a8-9ee5-f59a01eae6fb",
  "event_type": "player_move",
  "input": {"device":"keyboard","move_sequence":34},
  "player": {"position":{"x":6,"y":0}},
  "goal_reached":false,
  "timestamp":"2026-02-19T20:34:31Z"
}

{
  "session_id": "c054346f-8864-46a8-9ee5-f59a01eae6fb",
  "event_type": "player_move",
  "input": {"device":"keyboard","move_sequence":35},
  "player": {"position":{"x":7,"y":0}},
  "goal_reached":false,
  "timestamp":"2026-02-19T20:34:32Z"
}

{
  "session_id": "c054346f-8864-46a8-9ee5-f59a01eae6fb",
  "event_type": "player_move",
  "input": {"device":"keyboard","move_sequence":36},
  "player": {"position":{"x":8,"y":0}},
  "goal_reached":false,
  "timestamp":"2026-02-19T20:34:32Z"
}

{
  "session_id": "c054346f-8864-46a8-9ee5-f59a01eae6fb",
  "event_type": "player_move",
  "input": {"device":"keyboard","move_sequence":37},
  "player": {"position":{"x":8,"y":1}},
  "goal_reached":false,
  "timestamp":"2026-02-19T20:34:33Z"
}

{
  "session_id": "c054346f-8864-46a8-9ee5-f59a01eae6fb",
  "event_type": "player_move",
  "input": {"device":"keyboard","move_sequence":38},
  "player": {"position":{"x":8,"y":2}},
  "goal_reached":false,
  "timestamp":"2026-02-19T20:34:33Z"
}

{
  "session_id": "c054346f-8864-46a8-9ee5-f59a01eae6fb",
  "event_type": "player_move",
  "input": {"device":"keyboard","move_sequence":39},
  "player": {"position":{"x":9,"y":2}},
  "goal_reached":false,
  "timestamp":"2026-02-19T20:34:34Z"
}

{
  "session_id": "c054346f-8864-46a8-9ee5-f59a01eae6fb",
  "event_type": "player_move",
  "input": {"device":"keyboard","move_sequence":40},
  "player": {"position":{"x":9,"y":1}},
  "goal_reached":false,
  "timestamp":"2026-02-19T20:34:34Z"
}

{
  "session_id": "c054346f-8864-46a8-9ee5-f59a01eae6fb",
  "event_type": "player_move",
  "input": {"device":"keyboard","move_sequence":41},
  "player": {"position":{"x":9,"y":0}},
  "goal_reached":false,
  "timestamp":"2026-02-19T20:34:35Z"
}

{
  "session_id": "c054346f-8864-46a8-9ee5-f59a01eae6fb",
  "event_type": "player_move",
  "input": {"device":"keyboard","move_sequence":42},
  "player": {"position":{"x":10,"y":0}},
  "goal_reached":false,
  "timestamp":"2026-02-19T20:34:35Z"
}

{
  "session_id": "c054346f-8864-46a8-9ee5-f59a01eae6fb",
  "event_type": "player_move",
  "input": {"device":"keyboard","move_sequence":43},
  "player": {"position":{"x":10,"y":1}},
  "goal_reached":false,
  "timestamp":"2026-02-19T20:34:36Z"
}

{
  "session_id": "c054346f-8864-46a8-9ee5-f59a01eae6fb",
  "event_type": "player_move",
  "input": {"device":"keyboard","move_sequence":44},
  "player": {"position":{"x":10,"y":2}},
  "goal_reached":false,
  "timestamp":"2026-02-19T20:34:36Z"
}

{
  "session_id": "c054346f-8864-46a8-9ee5-f59a01eae6fb",
  "event_type": "player_move",
  "input": {"device":"keyboard","move_sequence":45},
  "player": {"position":{"x":11,"y":2}},
  "goal_reached":false,
  "timestamp":"2026-02-19T20:34:37Z"
}

{
  "session_id": "c054346f-8864-46a8-9ee5-f59a01eae6fb",
  "event_type": "player_move",
  "input": {"device":"keyboard","move_sequence":46},
  "player": {"position":{"x":11,"y":1}},
  "goal_reached":false,
  "timestamp":"2026-02-19T20:34:37Z"
}

{
  "session_id": "c054346f-8864-46a8-9ee5-f59a01eae6fb",
  "event_type": "player_move",
  "input": {"device":"keyboard","move_sequence":47},
  "player": {"position":{"x":11,"y":0}},
  "goal_reached":false,
  "timestamp":"2026-02-19T20:34:38Z"
}

{
  "session_id": "c054346f-8864-46a8-9ee5-f59a01eae6fb",
  "event_type": "player_move",
  "input": {"device":"keyboard","move_sequence":48},
  "player": {"position":{"x":12,"y":0}},
  "goal_reached":false,
  "timestamp":"2026-02-19T20:34:39Z"
}

{
  "session_id": "c054346f-8864-46a8-9ee5-f59a01eae6fb",
  "event_type": "player_move",
  "input": {"device":"keyboard","move_sequence":49},
  "player": {"position":{"x":13,"y":0}},
  "goal_reached":false,
  "timestamp":"2026-02-19T20:34:39Z"
}

{
  "session_id": "c054346f-8864-46a8-9ee5-f59a01eae6fb",
  "event_type": "player_move",
  "input": {"device":"keyboard","move_sequence":50},
  "player": {"position":{"x":14,"y":0}},
  "goal_reached":false,
  "timestamp":"2026-02-19T20:34:39Z"
}

{
  "session_id": "c054346f-8864-46a8-9ee5-f59a01eae6fb",
  "event_type": "player_move",
  "input": {"device":"keyboard","move_sequence":51},
  "player": {"position":{"x":14,"y":1}},
  "goal_reached":false,
  "timestamp":"2026-02-19T20:34:40Z"
}

{
  "session_id": "c054346f-8864-46a8-9ee5-f59a01eae6fb",
  "event_type": "player_move",
  "input": {"device":"keyboard","move_sequence":52},
  "player": {"position":{"x":13,"y":1}},
  "goal_reached":false,
  "timestamp":"2026-02-19T20:34:41Z"
}

{
  "session_id": "c054346f-8864-46a8-9ee5-f59a01eae6fb",
  "event_type": "player_move",
  "input": {"device":"keyboard","move_sequence":53},
  "player": {"position":{"x":13,"y":2}},
  "goal_reached":false,
  "timestamp":"2026-02-19T20:34:42Z"
}

{
  "session_id": "c054346f-8864-46a8-9ee5-f59a01eae6fb",
  "event_type": "player_move",
  "input": {"device":"keyboard","move_sequence":54},
  "player": {"position":{"x":12,"y":2}},
  "goal_reached":false,
  "timestamp":"2026-02-19T20:34:42Z"
}

{
  "session_id": "c054346f-8864-46a8-9ee5-f59a01eae6fb",
  "event_type": "player_move",
  "input": {"device":"keyboard","move_sequence":55},
  "player": {"position":{"x":12,"y":3}},
  "goal_reached":false,
  "timestamp":"2026-02-19T20:34:43Z"
}

{
  "session_id": "c054346f-8864-46a8-9ee5-f59a01eae6fb",
  "event_type": "player_move",
  "input": {"device":"keyboard","move_sequence":56},
  "player": {"position":{"x":12,"y":4}},
  "goal_reached":false,
  "timestamp":"2026-02-19T20:34:43Z"
}

{
  "session_id": "c054346f-8864-46a8-9ee5-f59a01eae6fb",
  "event_type": "player_move",
  "input": {"device":"keyboard","move_sequence":57},
  "player": {"position":{"x":12,"y":5}},
  "goal_reached":false,
  "timestamp":"2026-02-19T20:34:44Z"
}

{
  "session_id": "c054346f-8864-46a8-9ee5-f59a01eae6fb",
  "event_type": "player_move",
  "input": {"device":"keyboard","move_sequence":58},
  "player": {"position":{"x":11,"y":5}},
  "goal_reached":false,
  "timestamp":"2026-02-19T20:34:44Z"
}

{
  "session_id": "c054346f-8864-46a8-9ee5-f59a01eae6fb",
  "event_type": "player_move",
  "input": {"device":"keyboard","move_sequence":59},
  "player": {"position":{"x":11,"y":6}},
  "goal_reached":false,
  "timestamp":"2026-02-19T20:34:45Z"
}

{
  "session_id": "c054346f-8864-46a8-9ee5-f59a01eae6fb",
  "event_type": "player_move",
  "input": {"device":"keyboard","move_sequence":60},
  "player": {"position":{"x":10,"y":6}},
  "goal_reached":false,
  "timestamp":"2026-02-19T20:34:46Z"
}

{
  "session_id": "c054346f-8864-46a8-9ee5-f59a01eae6fb",
  "event_type": "player_move",
  "input": {"device":"keyboard","move_sequence":61},
  "player": {"position":{"x":10,"y":5}},
  "goal_reached":false,
  "timestamp":"2026-02-19T20:34:46Z"
}

{
  "session_id": "c054346f-8864-46a8-9ee5-f59a01eae6fb",
  "event_type": "player_move",
  "input": {"device":"keyboard","move_sequence":62},
  "player": {"position":{"x":10,"y":4}},
  "goal_reached":false,
  "timestamp":"2026-02-19T20:34:47Z"
}

{
  "session_id": "c054346f-8864-46a8-9ee5-f59a01eae6fb",
  "event_type": "player_move",
  "input": {"device":"keyboard","move_sequence":63},
  "player": {"position":{"x":10,"y":3}},
  "goal_reached":false,
  "timestamp":"2026-02-19T20:34:47Z"
}

{
  "session_id": "c054346f-8864-46a8-9ee5-f59a01eae6fb",
  "event_type": "player_move",
  "input": {"device":"keyboard","move_sequence":64},
  "player": {"position":{"x":9,"y":3}},
  "goal_reached":false,
  "timestamp":"2026-02-19T20:34:48Z"
}

{
  "session_id": "c054346f-8864-46a8-9ee5-f59a01eae6fb",
  "event_type": "player_move",
  "input": {"device":"keyboard","move_sequence":65},
  "player": {"position":{"x":9,"y":4}},
  "goal_reached":false,
  "timestamp":"2026-02-19T20:34:48Z"
}

{
  "session_id": "c054346f-8864-46a8-9ee5-f59a01eae6fb",
  "event_type": "player_move",
  "input": {"device":"keyboard","move_sequence":66},
  "player": {"position":{"x":8,"y":4}},
  "goal_reached":false,
  "timestamp":"2026-02-19T20:34:49Z"
}

{
  "session_id": "c054346f-8864-46a8-9ee5-f59a01eae6fb",
  "event_type": "player_move",
  "input": {"device":"keyboard","move_sequence":67},
  "player": {"position":{"x":8,"y":5}},
  "goal_reached":false,
  "timestamp":"2026-02-19T20:34:50Z"
}

{
  "session_id": "c054346f-8864-46a8-9ee5-f59a01eae6fb",
  "event_type": "player_move",
  "input": {"device":"keyboard","move_sequence":68},
  "player": {"position":{"x":9,"y":5}},
  "goal_reached":false,
  "timestamp":"2026-02-19T20:34:50Z"
}

{
  "session_id": "c054346f-8864-46a8-9ee5-f59a01eae6fb",
  "event_type": "player_move",
  "input": {"device":"keyboard","move_sequence":69},
  "player": {"position":{"x":9,"y":6}},
  "goal_reached":false,
  "timestamp":"2026-02-19T20:34:51Z"
}

{
  "session_id": "c054346f-8864-46a8-9ee5-f59a01eae6fb",
  "event_type": "player_move",
  "input": {"device":"keyboard","move_sequence":70},
  "player": {"position":{"x":9,"y":7}},
  "goal_reached":false,
  "timestamp":"2026-02-19T20:34:51Z"
}

{
  "session_id": "c054346f-8864-46a8-9ee5-f59a01eae6fb",
  "event_type": "player_move",
  "input": {"device":"keyboard","move_sequence":71},
  "player": {"position":{"x":9,"y":8}},
  "goal_reached":false,
  "timestamp":"2026-02-19T20:34:52Z"
}

{
  "session_id": "c054346f-8864-46a8-9ee5-f59a01eae6fb",
  "event_type": "player_move",
  "input": {"device":"keyboard","move_sequence":72},
  "player": {"position":{"x":9,"y":9}},
  "goal_reached":false,
  "timestamp":"2026-02-19T20:34:52Z"
}

{
  "session_id": "c054346f-8864-46a8-9ee5-f59a01eae6fb",
  "event_type": "player_move",
  "input": {"device":"keyboard","move_sequence":73},
  "player": {"position":{"x":8,"y":9}},
  "goal_reached":false,
  "timestamp":"2026-02-19T20:34:53Z"
}

{
  "session_id": "c054346f-8864-46a8-9ee5-f59a01eae6fb",
  "event_type": "player_move",
  "input": {"device":"keyboard","move_sequence":74},
  "player": {"position":{"x":7,"y":9}},
  "goal_reached":false,
  "timestamp":"2026-02-19T20:34:53Z"
}

{
  "session_id": "c054346f-8864-46a8-9ee5-f59a01eae6fb",
  "event_type": "player_move",
  "input": {"device":"keyboard","move_sequence":75},
  "player": {"position":{"x":7,"y":10}},
  "goal_reached":false,
  "timestamp":"2026-02-19T20:34:54Z"
}

{
  "session_id": "c054346f-8864-46a8-9ee5-f59a01eae6fb",
  "event_type": "player_move",
  "input": {"device":"keyboard","move_sequence":76},
  "player": {"position":{"x":8,"y":10}},
  "goal_reached":false,
  "timestamp":"2026-02-19T20:34:54Z"
}

{
  "session_id": "c054346f-8864-46a8-9ee5-f59a01eae6fb",
  "event_type": "player_move",
  "input": {"device":"keyboard","move_sequence":77},
  "player": {"position":{"x":9,"y":10}},
  "goal_reached":false,
  "timestamp":"2026-02-19T20:34:55Z"
}

{
  "session_id": "c054346f-8864-46a8-9ee5-f59a01eae6fb",
  "event_type": "player_move",
  "input": {"device":"keyboard","move_sequence":78},
  "player": {"position":{"x":9,"y":11}},
  "goal_reached":false,
  "timestamp":"2026-02-19T20:34:55Z"
}

{
  "session_id": "c054346f-8864-46a8-9ee5-f59a01eae6fb",
  "event_type": "player_move",
  "input": {"device":"keyboard","move_sequence":79},
  "player": {"position":{"x":10,"y":11}},
  "goal_reached":false,
  "timestamp":"2026-02-19T20:34:56Z"
}

{
  "session_id": "c054346f-8864-46a8-9ee5-f59a01eae6fb",
  "event_type": "player_move",
  "input": {"device":"keyboard","move_sequence":80},
  "player": {"position":{"x":10,"y":12}},
  "goal_reached":false,
  "timestamp":"2026-02-19T20:34:56Z"
}

{
  "session_id": "c054346f-8864-46a8-9ee5-f59a01eae6fb",
  "event_type": "player_move",
  "input": {"device":"keyboard","move_sequence":81},
  "player": {"position":{"x":11,"y":12}},
  "goal_reached":false,
  "timestamp":"2026-02-19T20:34:57Z"
}

{
  "session_id": "c054346f-8864-46a8-9ee5-f59a01eae6fb",
  "event_type": "player_move",
  "input": {"device":"keyboard","move_sequence":82},
  "player": {"position":{"x":11,"y":13}},
  "goal_reached":false,
  "timestamp":"2026-02-19T20:34:57Z"
}

{
  "session_id": "c054346f-8864-46a8-9ee5-f59a01eae6fb",
  "event_type": "player_move",
  "input": {"device":"keyboard","move_sequence":83},
  "player": {"position":{"x":11,"y":14}},
  "goal_reached":false,
  "timestamp":"2026-02-19T20:34:58Z"
}

{
  "session_id": "c054346f-8864-46a8-9ee5-f59a01eae6fb",
  "event_type": "player_move",
  "input": {"device":"keyboard","move_sequence":84},
  "player": {"position":{"x":12,"y":14}},
  "goal_reached":false,
  "timestamp":"2026-02-19T20:34:58Z"
}

{
  "session_id": "c054346f-8864-46a8-9ee5-f59a01eae6fb",
  "event_type": "player_move",
  "input": {"device":"keyboard","move_sequence":85},
  "player": {"position":{"x":12,"y":13}},
  "goal_reached":false,
  "timestamp":"2026-02-19T20:34:59Z"
}

{
  "session_id": "c054346f-8864-46a8-9ee5-f59a01eae6fb",
  "event_type": "player_move",
  "input": {"device":"keyboard","move_sequence":86},
  "player": {"position":{"x":13,"y":13}},
  "goal_reached":false,
  "timestamp":"2026-02-19T20:34:59Z"
}

{
  "session_id": "c054346f-8864-46a8-9ee5-f59a01eae6fb",
  "event_type": "player_move",
  "input": {"device":"keyboard","move_sequence":87},
  "player": {"position":{"x":13,"y":12}},
  "goal_reached":false,
  "timestamp":"2026-02-19T20:35:00Z"
}

{
  "session_id": "c054346f-8864-46a8-9ee5-f59a01eae6fb",
  "event_type": "player_move",
  "input": {"device":"keyboard","move_sequence":88},
  "player": {"position":{"x":13,"y":11}},
  "goal_reached":false,
  "timestamp":"2026-02-19T20:35:01Z"
}

{
  "session_id": "c054346f-8864-46a8-9ee5-f59a01eae6fb",
  "event_type": "player_move",
  "input": {"device":"keyboard","move_sequence":89},
  "player": {"position":{"x":14,"y":11}},
  "goal_reached":false,
  "timestamp":"2026-02-19T20:35:01Z"
}

{
  "session_id": "c054346f-8864-46a8-9ee5-f59a01eae6fb",
  "event_type": "player_move",
  "input": {"device":"keyboard","move_sequence":90},
  "player": {"position":{"x":14,"y":12}},
  "goal_reached":false,
  "timestamp":"2026-02-19T20:35:02Z"
}

{
  "session_id": "c054346f-8864-46a8-9ee5-f59a01eae6fb",
  "event_type": "player_move",
  "input": {"device":"keyboard","move_sequence":91},
  "player": {"position":{"x":15,"y":12}},
  "goal_reached":false,
  "timestamp":"2026-02-19T20:35:03Z"
}

{
  "session_id": "c054346f-8864-46a8-9ee5-f59a01eae6fb",
  "event_type": "player_move",
  "input": {"device":"keyboard","move_sequence":92},
  "player": {"position":{"x":15,"y":13}},
  "goal_reached":false,
  "timestamp":"2026-02-19T20:35:03Z"
}

{
  "session_id": "c054346f-8864-46a8-9ee5-f59a01eae6fb",
  "event_type": "player_move",
  "input": {"device":"keyboard","move_sequence":93},
  "player": {"position":{"x":16,"y":13}},
  "goal_reached":false,
  "timestamp":"2026-02-19T20:35:04Z"
}

{
  "session_id": "c054346f-8864-46a8-9ee5-f59a01eae6fb",
  "event_type": "player_move",
  "input": {"device":"keyboard","move_sequence":94},
  "player": {"position":{"x":16,"y":14}},
  "goal_reached":false,
  "timestamp":"2026-02-19T20:35:04Z"
}

{
  "session_id": "c054346f-8864-46a8-9ee5-f59a01eae6fb",
  "event_type": "player_move",
  "input": {"device":"keyboard","move_sequence":95},
  "player": {"position":{"x":17,"y":14}},
  "goal_reached":false,
  "timestamp":"2026-02-19T20:35:05Z"
}

{
  "session_id": "c054346f-8864-46a8-9ee5-f59a01eae6fb",
  "event_type": "player_move",
  "input": {"device":"keyboard","move_sequence":96},
  "player": {"position":{"x":17,"y":13}},
  "goal_reached":false,
  "timestamp":"2026-02-19T20:35:05Z"
}

{
  "session_id": "c054346f-8864-46a8-9ee5-f59a01eae6fb",
  "event_type": "player_move",
  "input": {"device":"keyboard","move_sequence":97},
  "player": {"position":{"x":17,"y":12}},
  "goal_reached":false,
  "timestamp":"2026-02-19T20:35:06Z"
}

{
  "session_id": "c054346f-8864-46a8-9ee5-f59a01eae6fb",
  "event_type": "player_move",
  "input": {"device":"keyboard","move_sequence":98},
  "player": {"position":{"x":16,"y":12}},
  "goal_reached":false,
  "timestamp":"2026-02-19T20:35:06Z"
}

{
  "session_id": "c054346f-8864-46a8-9ee5-f59a01eae6fb",
  "event_type": "player_move",
  "input": {"device":"keyboard","move_sequence":99},
  "player": {"position":{"x":16,"y":11}},
  "goal_reached":false,
  "timestamp":"2026-02-19T20:35:07Z"
}

{
  "session_id": "c054346f-8864-46a8-9ee5-f59a01eae6fb",
  "event_type": "player_move",
  "input": {"device":"keyboard","move_sequence":100},
  "player": {"position":{"x":15,"y":11}},
  "goal_reached":false,
  "timestamp":"2026-02-19T20:35:08Z"
}

{
  "session_id": "c054346f-8864-46a8-9ee5-f59a01eae6fb",
  "event_type": "player_move",
  "input": {"device":"keyboard","move_sequence":101},
  "player": {"position":{"x":15,"y":10}},
  "goal_reached":false,
  "timestamp":"2026-02-19T20:35:08Z"
}

{
  "session_id": "c054346f-8864-46a8-9ee5-f59a01eae6fb",
  "event_type": "player_move",
  "input": {"device":"keyboard","move_sequence":102},
  "player": {"position":{"x":14,"y":10}},
  "goal_reached":false,
  "timestamp":"2026-02-19T20:35:09Z"
}

{
  "session_id": "c054346f-8864-46a8-9ee5-f59a01eae6fb",
  "event_type": "player_move",
  "input": {"device":"keyboard","move_sequence":103},
  "player": {"position":{"x":13,"y":10}},
  "goal_reached":false,
  "timestamp":"2026-02-19T20:35:09Z"
}

{
  "session_id": "c054346f-8864-46a8-9ee5-f59a01eae6fb",
  "event_type": "player_move",
  "input": {"device":"keyboard","move_sequence":104},
  "player": {"position":{"x":12,"y":10}},
  "goal_reached":false,
  "timestamp":"2026-02-19T20:35:10Z"
}

{
  "session_id": "c054346f-8864-46a8-9ee5-f59a01eae6fb",
  "event_type": "player_move",
  "input": {"device":"keyboard","move_sequence":105},
  "player": {"position":{"x":12,"y":9}},
  "goal_reached":false,
  "timestamp":"2026-02-19T20:35:11Z"
}

{
  "session_id": "c054346f-8864-46a8-9ee5-f59a01eae6fb",
  "event_type": "player_move",
  "input": {"device":"keyboard","move_sequence":106},
  "player": {"position":{"x":13,"y":9}},
  "goal_reached":false,
  "timestamp":"2026-02-19T20:35:12Z"
}

{
  "session_id": "c054346f-8864-46a8-9ee5-f59a01eae6fb",
  "event_type": "player_move",
  "input": {"device":"keyboard","move_sequence":107},
  "player": {"position":{"x":13,"y":8}},
  "goal_reached":false,
  "timestamp":"2026-02-19T20:35:12Z"
}

{
  "session_id": "c054346f-8864-46a8-9ee5-f59a01eae6fb",
  "event_type": "player_move",
  "input": {"device":"keyboard","move_sequence":108},
  "player": {"position":{"x":13,"y":7}},
  "goal_reached":false,
  "timestamp":"2026-02-19T20:35:13Z"
}

{
  "session_id": "c054346f-8864-46a8-9ee5-f59a01eae6fb",
  "event_type": "player_move",
  "input": {"device":"keyboard","move_sequence":109},
  "player": {"position":{"x":12,"y":7}},
  "goal_reached":false,
  "timestamp":"2026-02-19T20:35:14Z"
}

{
  "session_id": "c054346f-8864-46a8-9ee5-f59a01eae6fb",
  "event_type": "player_move",
  "input": {"device":"keyboard","move_sequence":110},
  "player": {"position":{"x":12,"y":6}},
  "goal_reached":false,
  "timestamp":"2026-02-19T20:35:14Z"
}

{
  "session_id": "c054346f-8864-46a8-9ee5-f59a01eae6fb",
  "event_type": "player_move",
  "input": {"device":"keyboard","move_sequence":111},
  "player": {"position":{"x":13,"y":6}},
  "goal_reached":false,
  "timestamp":"2026-02-19T20:35:15Z"
}

{
  "session_id": "c054346f-8864-46a8-9ee5-f59a01eae6fb",
  "event_type": "player_move",
  "input": {"device":"keyboard","move_sequence":112},
  "player": {"position":{"x":13,"y":5}},
  "goal_reached":false,
  "timestamp":"2026-02-19T20:35:15Z"
}

{
  "session_id": "c054346f-8864-46a8-9ee5-f59a01eae6fb",
  "event_type": "player_move",
  "input": {"device":"keyboard","move_sequence":113},
  "player": {"position":{"x":13,"y":4}},
  "goal_reached":false,
  "timestamp":"2026-02-19T20:35:16Z"
}

{
  "session_id": "c054346f-8864-46a8-9ee5-f59a01eae6fb",
  "event_type": "player_move",
  "input": {"device":"keyboard","move_sequence":114},
  "player": {"position":{"x":13,"y":3}},
  "goal_reached":false,
  "timestamp":"2026-02-19T20:35:16Z"
}

{
  "session_id": "c054346f-8864-46a8-9ee5-f59a01eae6fb",
  "event_type": "player_move",
  "input": {"device":"keyboard","move_sequence":115},
  "player": {"position":{"x":14,"y":3}},
  "goal_reached":false,
  "timestamp":"2026-02-19T20:35:17Z"
}

{
  "session_id": "c054346f-8864-46a8-9ee5-f59a01eae6fb",
  "event_type": "player_move",
  "input": {"device":"keyboard","move_sequence":116},
  "player": {"position":{"x":15,"y":3}},
  "goal_reached":false,
  "timestamp":"2026-02-19T20:35:18Z"
}

{
  "session_id": "c054346f-8864-46a8-9ee5-f59a01eae6fb",
  "event_type": "player_move",
  "input": {"device":"keyboard","move_sequence":117},
  "player": {"position":{"x":16,"y":3}},
  "goal_reached":false,
  "timestamp":"2026-02-19T20:35:18Z"
}

{
  "session_id": "c054346f-8864-46a8-9ee5-f59a01eae6fb",
  "event_type": "player_move",
  "input": {"device":"keyboard","move_sequence":118},
  "player": {"position":{"x":16,"y":4}},
  "goal_reached":false,
  "timestamp":"2026-02-19T20:35:19Z"
}

{
  "session_id": "c054346f-8864-46a8-9ee5-f59a01eae6fb",
  "event_type": "player_move",
  "input": {"device":"keyboard","move_sequence":119},
  "player": {"position":{"x":16,"y":5}},
  "goal_reached":false,
  "timestamp":"2026-02-19T20:35:19Z"
}

{
  "session_id": "c054346f-8864-46a8-9ee5-f59a01eae6fb",
  "event_type": "player_move",
  "input": {"device":"keyboard","move_sequence":120},
  "player": {"position":{"x":15,"y":5}},
  "goal_reached":false,
  "timestamp":"2026-02-19T20:35:20Z"
}

{
  "session_id": "c054346f-8864-46a8-9ee5-f59a01eae6fb",
  "event_type": "player_move",
  "input": {"device":"keyboard","move_sequence":121},
  "player": {"position":{"x":15,"y":6}},
  "goal_reached":false,
  "timestamp":"2026-02-19T20:35:21Z"
}

{
  "session_id": "c054346f-8864-46a8-9ee5-f59a01eae6fb",
  "event_type": "player_move",
  "input": {"device":"keyboard","move_sequence":122},
  "player": {"position":{"x":15,"y":7}},
  "goal_reached":false,
  "timestamp":"2026-02-19T20:35:21Z"
}

{
  "session_id": "c054346f-8864-46a8-9ee5-f59a01eae6fb",
  "event_type": "player_move",
  "input": {"device":"keyboard","move_sequence":123},
  "player": {"position":{"x":15,"y":8}},
  "goal_reached":false,
  "timestamp":"2026-02-19T20:35:21Z"
}

{
  "session_id": "c054346f-8864-46a8-9ee5-f59a01eae6fb",
  "event_type": "player_move",
  "input": {"device":"keyboard","move_sequence":124},
  "player": {"position":{"x":16,"y":8}},
  "goal_reached":false,
  "timestamp":"2026-02-19T20:35:22Z"
}

{
  "session_id": "c054346f-8864-46a8-9ee5-f59a01eae6fb",
  "event_type": "player_move",
  "input": {"device":"keyboard","move_sequence":125},
  "player": {"position":{"x":16,"y":9}},
  "goal_reached":false,
  "timestamp":"2026-02-19T20:35:23Z"
}

{
  "session_id": "c054346f-8864-46a8-9ee5-f59a01eae6fb",
  "event_type": "player_move",
  "input": {"device":"keyboard","move_sequence":126},
  "player": {"position":{"x":16,"y":10}},
  "goal_reached":false,
  "timestamp":"2026-02-19T20:35:23Z"
}

{
  "session_id": "c054346f-8864-46a8-9ee5-f59a01eae6fb",
  "event_type": "player_move",
  "input": {"device":"keyboard","move_sequence":127},
  "player": {"position":{"x":17,"y":10}},
  "goal_reached":false,
  "timestamp":"2026-02-19T20:35:24Z"
}

{
  "session_id": "c054346f-8864-46a8-9ee5-f59a01eae6fb",
  "event_type": "player_move",
  "input": {"device":"keyboard","move_sequence":128},
  "player": {"position":{"x":17,"y":11}},
  "goal_reached":false,
  "timestamp":"2026-02-19T20:35:24Z"
}

{
  "session_id": "c054346f-8864-46a8-9ee5-f59a01eae6fb",
  "event_type": "player_move",
  "input": {"device":"keyboard","move_sequence":129},
  "player": {"position":{"x":18,"y":11}},
  "goal_reached":false,
  "timestamp":"2026-02-19T20:35:25Z"
}

{
  "session_id": "c054346f-8864-46a8-9ee5-f59a01eae6fb",
  "event_type": "player_move",
  "input": {"device":"keyboard","move_sequence":130},
  "player": {"position":{"x":18,"y":12}},
  "goal_reached":false,
  "timestamp":"2026-02-19T20:35:26Z"
}

{
  "session_id": "c054346f-8864-46a8-9ee5-f59a01eae6fb",
  "event_type": "player_move",
  "input": {"device":"keyboard","move_sequence":131},
  "player": {"position":{"x":19,"y":12}},
  "goal_reached":false,
  "timestamp":"2026-02-19T20:35:26Z"
}

{
  "session_id": "c054346f-8864-46a8-9ee5-f59a01eae6fb",
  "event_type": "player_move",
  "input": {"device":"keyboard","move_sequence":132},
  "player": {"position":{"x":19,"y":13}},
  "goal_reached":false,
  "timestamp":"2026-02-19T20:35:27Z"
}

{
  "session_id": "c054346f-8864-46a8-9ee5-f59a01eae6fb",
  "event_type": "player_move",
  "input": {"device":"keyboard","move_sequence":133},
  "player": {"position":{"x":19,"y":14}},
  "goal_reached":false,
  "timestamp":"2026-02-19T20:35:27Z"
}

{
  "session_id": "c054346f-8864-46a8-9ee5-f59a01eae6fb",
  "event_type": "player_move",
  "input": {"device":"keyboard","move_sequence":134},
  "player": {"position":{"x":20,"y":14}},
  "goal_reached":true,
  "timestamp":"2026-02-19T20:35:28Z"
}

{
  "session_id": "c054346f-8864-46a8-9ee5-f59a01eae6fb",
  "event_type": "player_move",
  "input": {"device":"keyboard","move_sequence":1},
  "player": {"position":{"x":1,"y":0}},
  "goal_reached":false,
  "timestamp":"2026-02-19T20:36:00Z"
}

{
  "session_id": "c054346f-8864-46a8-9ee5-f59a01eae6fb",
  "event_type": "player_move",
  "input": {"device":"keyboard","move_sequence":2},
  "player": {"position":{"x":2,"y":0}},
  "goal_reached":false,
  "timestamp":"2026-02-19T20:36:01Z"
}

{
  "session_id": "c054346f-8864-46a8-9ee5-f59a01eae6fb",
  "event_type": "player_move",
  "input": {"device":"keyboard","move_sequence":3},
  "player": {"position":{"x":3,"y":0}},
  "goal_reached":false,
  "timestamp":"2026-02-19T20:36:01Z"
}

{
  "session_id": "c054346f-8864-46a8-9ee5-f59a01eae6fb",
  "event_type": "player_move",
  "input": {"device":"keyboard","move_sequence":4},
  "player": {"position":{"x":4,"y":0}},
  "goal_reached":false,
  "timestamp":"2026-02-19T20:36:02Z"
}

{
  "session_id": "c054346f-8864-46a8-9ee5-f59a01eae6fb",
  "event_type": "player_move",
  "input": {"device":"keyboard","move_sequence":5},
  "player": {"position":{"x":4,"y":1}},
  "goal_reached":false,
  "timestamp":"2026-02-19T20:36:02Z"
}

{
  "session_id": "c054346f-8864-46a8-9ee5-f59a01eae6fb",
  "event_type": "player_move",
  "input": {"device":"keyboard","move_sequence":6},
  "player": {"position":{"x":5,"y":1}},
  "goal_reached":false,
  "timestamp":"2026-02-19T20:36:03Z"
}

{
  "session_id": "c054346f-8864-46a8-9ee5-f59a01eae6fb",
  "event_type": "player_move",
  "input": {"device":"keyboard","move_sequence":7},
  "player": {"position":{"x":5,"y":2}},
  "goal_reached":false,
  "timestamp":"2026-02-19T20:36:03Z"
}

{
  "session_id": "c054346f-8864-46a8-9ee5-f59a01eae6fb",
  "event_type": "player_move",
  "input": {"device":"keyboard","move_sequence":8},
  "player": {"position":{"x":6,"y":2}},
  "goal_reached":false,
  "timestamp":"2026-02-19T20:36:04Z"
}

{
  "session_id": "c054346f-8864-46a8-9ee5-f59a01eae6fb",
  "event_type": "player_move",
  "input": {"device":"keyboard","move_sequence":9},
  "player": {"position":{"x":7,"y":2}},
  "goal_reached":false,
  "timestamp":"2026-02-19T20:36:05Z"
}

{
  "session_id": "c054346f-8864-46a8-9ee5-f59a01eae6fb",
  "event_type": "player_move",
  "input": {"device":"keyboard","move_sequence":10},
  "player": {"position":{"x":7,"y":3}},
  "goal_reached":false,
  "timestamp":"2026-02-19T20:36:05Z"
}

{
  "session_id": "c054346f-8864-46a8-9ee5-f59a01eae6fb",
  "event_type": "player_move",
  "input": {"device":"keyboard","move_sequence":11},
  "player": {"position":{"x":8,"y":3}},
  "goal_reached":false,
  "timestamp":"2026-02-19T20:36:06Z"
}

{
  "session_id": "c054346f-8864-46a8-9ee5-f59a01eae6fb",
  "event_type": "player_move",
  "input": {"device":"keyboard","move_sequence":12},
  "player": {"position":{"x":8,"y":2}},
  "goal_reached":false,
  "timestamp":"2026-02-19T20:36:06Z"
}

{
  "session_id": "c054346f-8864-46a8-9ee5-f59a01eae6fb",
  "event_type": "player_move",
  "input": {"device":"keyboard","move_sequence":13},
  "player": {"position":{"x":9,"y":2}},
  "goal_reached":false,
  "timestamp":"2026-02-19T20:36:07Z"
}

{
  "session_id": "c054346f-8864-46a8-9ee5-f59a01eae6fb",
  "event_type": "player_move",
  "input": {"device":"keyboard","move_sequence":14},
  "player": {"position":{"x":9,"y":1}},
  "goal_reached":false,
  "timestamp":"2026-02-19T20:36:07Z"
}

{
  "session_id": "c054346f-8864-46a8-9ee5-f59a01eae6fb",
  "event_type": "player_move",
  "input": {"device":"keyboard","move_sequence":15},
  "player": {"position":{"x":9,"y":0}},
  "goal_reached":false,
  "timestamp":"2026-02-19T20:36:08Z"
}

{
  "session_id": "c054346f-8864-46a8-9ee5-f59a01eae6fb",
  "event_type": "player_move",
  "input": {"device":"keyboard","move_sequence":16},
  "player": {"position":{"x":10,"y":0}},
  "goal_reached":false,
  "timestamp":"2026-02-19T20:36:08Z"
}

{
  "session_id": "c054346f-8864-46a8-9ee5-f59a01eae6fb",
  "event_type": "player_move",
  "input": {"device":"keyboard","move_sequence":17},
  "player": {"position":{"x":11,"y":0}},
  "goal_reached":false,
  "timestamp":"2026-02-19T20:36:09Z"
}

{
  "session_id": "c054346f-8864-46a8-9ee5-f59a01eae6fb",
  "event_type": "player_move",
  "input": {"device":"keyboard","move_sequence":18},
  "player": {"position":{"x":12,"y":0}},
  "goal_reached":false,
  "timestamp":"2026-02-19T20:36:09Z"
}

{
  "session_id": "c054346f-8864-46a8-9ee5-f59a01eae6fb",
  "event_type": "player_move",
  "input": {"device":"keyboard","move_sequence":19},
  "player": {"position":{"x":12,"y":1}},
  "goal_reached":false,
  "timestamp":"2026-02-19T20:36:10Z"
}

{
  "session_id": "c054346f-8864-46a8-9ee5-f59a01eae6fb",
  "event_type": "player_move",
  "input": {"device":"keyboard","move_sequence":20},
  "player": {"position":{"x":12,"y":2}},
  "goal_reached":false,
  "timestamp":"2026-02-19T20:36:10Z"
}

{
  "session_id": "c054346f-8864-46a8-9ee5-f59a01eae6fb",
  "event_type": "player_move",
  "input": {"device":"keyboard","move_sequence":21},
  "player": {"position":{"x":11,"y":2}},
  "goal_reached":false,
  "timestamp":"2026-02-19T20:36:11Z"
}

{
  "session_id": "c054346f-8864-46a8-9ee5-f59a01eae6fb",
  "event_type": "player_move",
  "input": {"device":"keyboard","move_sequence":22},
  "player": {"position":{"x":11,"y":1}},
  "goal_reached":false,
  "timestamp":"2026-02-19T20:36:11Z"
}

{
  "session_id": "c054346f-8864-46a8-9ee5-f59a01eae6fb",
  "event_type": "player_move",
  "input": {"device":"keyboard","move_sequence":23},
  "player": {"position":{"x":10,"y":1}},
  "goal_reached":false,
  "timestamp":"2026-02-19T20:36:12Z"
}

{
  "session_id": "c054346f-8864-46a8-9ee5-f59a01eae6fb",
  "event_type": "player_move",
  "input": {"device":"keyboard","move_sequence":24},
  "player": {"position":{"x":10,"y":2}},
  "goal_reached":false,
  "timestamp":"2026-02-19T20:36:12Z"
}

{
  "session_id": "c054346f-8864-46a8-9ee5-f59a01eae6fb",
  "event_type": "player_move",
  "input": {"device":"keyboard","move_sequence":25},
  "player": {"position":{"x":10,"y":3}},
  "goal_reached":false,
  "timestamp":"2026-02-19T20:36:13Z"
}

{
  "session_id": "c054346f-8864-46a8-9ee5-f59a01eae6fb",
  "event_type": "player_move",
  "input": {"device":"keyboard","move_sequence":26},
  "player": {"position":{"x":10,"y":4}},
  "goal_reached":false,
  "timestamp":"2026-02-19T20:36:13Z"
}

{
  "session_id": "c054346f-8864-46a8-9ee5-f59a01eae6fb",
  "event_type": "player_move",
  "input": {"device":"keyboard","move_sequence":27},
  "player": {"position":{"x":10,"y":5}},
  "goal_reached":false,
  "timestamp":"2026-02-19T20:36:13Z"
}

{
  "session_id": "c054346f-8864-46a8-9ee5-f59a01eae6fb",
  "event_type": "player_move",
  "input": {"device":"keyboard","move_sequence":28},
  "player": {"position":{"x":11,"y":5}},
  "goal_reached":false,
  "timestamp":"2026-02-19T20:36:14Z"
}

{
  "session_id": "c054346f-8864-46a8-9ee5-f59a01eae6fb",
  "event_type": "player_move",
  "input": {"device":"keyboard","move_sequence":29},
  "player": {"position":{"x":11,"y":6}},
  "goal_reached":false,
  "timestamp":"2026-02-19T20:36:14Z"
}

{
  "session_id": "c054346f-8864-46a8-9ee5-f59a01eae6fb",
  "event_type": "player_move",
  "input": {"device":"keyboard","move_sequence":30},
  "player": {"position":{"x":12,"y":6}},
  "goal_reached":false,
  "timestamp":"2026-02-19T20:36:15Z"
}

{
  "session_id": "c054346f-8864-46a8-9ee5-f59a01eae6fb",
  "event_type": "player_move",
  "input": {"device":"keyboard","move_sequence":31},
  "player": {"position":{"x":12,"y":5}},
  "goal_reached":false,
  "timestamp":"2026-02-19T20:36:15Z"
}

{
  "session_id": "c054346f-8864-46a8-9ee5-f59a01eae6fb",
  "event_type": "player_move",
  "input": {"device":"keyboard","move_sequence":32},
  "player": {"position":{"x":12,"y":4}},
  "goal_reached":false,
  "timestamp":"2026-02-19T20:36:16Z"
}

{
  "session_id": "c054346f-8864-46a8-9ee5-f59a01eae6fb",
  "event_type": "player_move",
  "input": {"device":"keyboard","move_sequence":33},
  "player": {"position":{"x":11,"y":4}},
  "goal_reached":false,
  "timestamp":"2026-02-19T20:36:16Z"
}

{
  "session_id": "c054346f-8864-46a8-9ee5-f59a01eae6fb",
  "event_type": "player_move",
  "input": {"device":"keyboard","move_sequence":34},
  "player": {"position":{"x":11,"y":3}},
  "goal_reached":false,
  "timestamp":"2026-02-19T20:36:17Z"
}

{
  "session_id": "c054346f-8864-46a8-9ee5-f59a01eae6fb",
  "event_type": "player_move",
  "input": {"device":"keyboard","move_sequence":35},
  "player": {"position":{"x":12,"y":3}},
  "goal_reached":false,
  "timestamp":"2026-02-19T20:36:17Z"
}

{
  "session_id": "c054346f-8864-46a8-9ee5-f59a01eae6fb",
  "event_type": "player_move",
  "input": {"device":"keyboard","move_sequence":36},
  "player": {"position":{"x":13,"y":3}},
  "goal_reached":false,
  "timestamp":"2026-02-19T20:36:18Z"
}

{
  "session_id": "c054346f-8864-46a8-9ee5-f59a01eae6fb",
  "event_type": "player_move",
  "input": {"device":"keyboard","move_sequence":37},
  "player": {"position":{"x":13,"y":4}},
  "goal_reached":false,
  "timestamp":"2026-02-19T20:36:18Z"
}

{
  "session_id": "c054346f-8864-46a8-9ee5-f59a01eae6fb",
  "event_type": "player_move",
  "input": {"device":"keyboard","move_sequence":38},
  "player": {"position":{"x":14,"y":4}},
  "goal_reached":false,
  "timestamp":"2026-02-19T20:36:19Z"
}

{
  "session_id": "c054346f-8864-46a8-9ee5-f59a01eae6fb",
  "event_type": "player_move",
  "input": {"device":"keyboard","move_sequence":39},
  "player": {"position":{"x":15,"y":4}},
  "goal_reached":false,
  "timestamp":"2026-02-19T20:36:19Z"
}

{
  "session_id": "c054346f-8864-46a8-9ee5-f59a01eae6fb",
  "event_type": "player_move",
  "input": {"device":"keyboard","move_sequence":40},
  "player": {"position":{"x":15,"y":3}},
  "goal_reached":false,
  "timestamp":"2026-02-19T20:36:20Z"
}

{
  "session_id": "c054346f-8864-46a8-9ee5-f59a01eae6fb",
  "event_type": "player_move",
  "input": {"device":"keyboard","move_sequence":41},
  "player": {"position":{"x":16,"y":3}},
  "goal_reached":false,
  "timestamp":"2026-02-19T20:36:21Z"
}

{
  "session_id": "c054346f-8864-46a8-9ee5-f59a01eae6fb",
  "event_type": "player_move",
  "input": {"device":"keyboard","move_sequence":42},
  "player": {"position":{"x":16,"y":4}},
  "goal_reached":false,
  "timestamp":"2026-02-19T20:36:21Z"
}

{
  "session_id": "c054346f-8864-46a8-9ee5-f59a01eae6fb",
  "event_type": "player_move",
  "input": {"device":"keyboard","move_sequence":43},
  "player": {"position":{"x":17,"y":4}},
  "goal_reached":false,
  "timestamp":"2026-02-19T20:36:22Z"
}

{
  "session_id": "c054346f-8864-46a8-9ee5-f59a01eae6fb",
  "event_type": "player_move",
  "input": {"device":"keyboard","move_sequence":44},
  "player": {"position":{"x":18,"y":4}},
  "goal_reached":false,
  "timestamp":"2026-02-19T20:36:22Z"
}

{
  "session_id": "c054346f-8864-46a8-9ee5-f59a01eae6fb",
  "event_type": "player_move",
  "input": {"device":"keyboard","move_sequence":45},
  "player": {"position":{"x":18,"y":5}},
  "goal_reached":false,
  "timestamp":"2026-02-19T20:36:23Z"
}

{
  "session_id": "c054346f-8864-46a8-9ee5-f59a01eae6fb",
  "event_type": "player_move",
  "input": {"device":"keyboard","move_sequence":46},
  "player": {"position":{"x":18,"y":6}},
  "goal_reached":false,
  "timestamp":"2026-02-19T20:36:23Z"
}

{
  "session_id": "c054346f-8864-46a8-9ee5-f59a01eae6fb",
  "event_type": "player_move",
  "input": {"device":"keyboard","move_sequence":47},
  "player": {"position":{"x":19,"y":6}},
  "goal_reached":false,
  "timestamp":"2026-02-19T20:36:24Z"
}

{
  "session_id": "c054346f-8864-46a8-9ee5-f59a01eae6fb",
  "event_type": "player_move",
  "input": {"device":"keyboard","move_sequence":48},
  "player": {"position":{"x":19,"y":5}},
  "goal_reached":false,
  "timestamp":"2026-02-19T20:36:25Z"
}

{
  "session_id": "c054346f-8864-46a8-9ee5-f59a01eae6fb",
  "event_type": "player_move",
  "input": {"device":"keyboard","move_sequence":49},
  "player": {"position":{"x":19,"y":4}},
  "goal_reached":false,
  "timestamp":"2026-02-19T20:36:25Z"
}

{
  "session_id": "c054346f-8864-46a8-9ee5-f59a01eae6fb",
  "event_type": "player_move",
  "input": {"device":"keyboard","move_sequence":50},
  "player": {"position":{"x":19,"y":3}},
  "goal_reached":false,
  "timestamp":"2026-02-19T20:36:25Z"
}

{
  "session_id": "c054346f-8864-46a8-9ee5-f59a01eae6fb",
  "event_type": "player_move",
  "input": {"device":"keyboard","move_sequence":51},
  "player": {"position":{"x":18,"y":3}},
  "goal_reached":false,
  "timestamp":"2026-02-19T20:36:26Z"
}

{
  "session_id": "c054346f-8864-46a8-9ee5-f59a01eae6fb",
  "event_type": "player_move",
  "input": {"device":"keyboard","move_sequence":52},
  "player": {"position":{"x":18,"y":2}},
  "goal_reached":false,
  "timestamp":"2026-02-19T20:36:27Z"
}

{
  "session_id": "c054346f-8864-46a8-9ee5-f59a01eae6fb",
  "event_type": "player_move",
  "input": {"device":"keyboard","move_sequence":53},
  "player": {"position":{"x":19,"y":2}},
  "goal_reached":false,
  "timestamp":"2026-02-19T20:36:27Z"
}

{
  "session_id": "c054346f-8864-46a8-9ee5-f59a01eae6fb",
  "event_type": "player_move",
  "input": {"device":"keyboard","move_sequence":54},
  "player": {"position":{"x":19,"y":1}},
  "goal_reached":false,
  "timestamp":"2026-02-19T20:36:28Z"
}

{
  "session_id": "c054346f-8864-46a8-9ee5-f59a01eae6fb",
  "event_type": "player_move",
  "input": {"device":"keyboard","move_sequence":55},
  "player": {"position":{"x":19,"y":0}},
  "goal_reached":false,
  "timestamp":"2026-02-19T20:36:28Z"
}

{
  "session_id": "c054346f-8864-46a8-9ee5-f59a01eae6fb",
  "event_type": "player_move",
  "input": {"device":"keyboard","move_sequence":56},
  "player": {"position":{"x":20,"y":0}},
  "goal_reached":false,
  "timestamp":"2026-02-19T20:36:29Z"
}

{
  "session_id": "c054346f-8864-46a8-9ee5-f59a01eae6fb",
  "event_type": "player_move",
  "input": {"device":"keyboard","move_sequence":57},
  "player": {"position":{"x":20,"y":1}},
  "goal_reached":false,
  "timestamp":"2026-02-19T20:36:29Z"
}

{
  "session_id": "c054346f-8864-46a8-9ee5-f59a01eae6fb",
  "event_type": "player_move",
  "input": {"device":"keyboard","move_sequence":58},
  "player": {"position":{"x":20,"y":2}},
  "goal_reached":false,
  "timestamp":"2026-02-19T20:36:30Z"
}

{
  "session_id": "c054346f-8864-46a8-9ee5-f59a01eae6fb",
  "event_type": "player_move",
  "input": {"device":"keyboard","move_sequence":59},
  "player": {"position":{"x":20,"y":3}},
  "goal_reached":false,
  "timestamp":"2026-02-19T20:36:30Z"
}

{
  "session_id": "c054346f-8864-46a8-9ee5-f59a01eae6fb",
  "event_type": "player_move",
  "input": {"device":"keyboard","move_sequence":60},
  "player": {"position":{"x":20,"y":4}},
  "goal_reached":false,
  "timestamp":"2026-02-19T20:36:30Z"
}

{
  "session_id": "c054346f-8864-46a8-9ee5-f59a01eae6fb",
  "event_type": "player_move",
  "input": {"device":"keyboard","move_sequence":61},
  "player": {"position":{"x":20,"y":5}},
  "goal_reached":false,
  "timestamp":"2026-02-19T20:36:31Z"
}

{
  "session_id": "c054346f-8864-46a8-9ee5-f59a01eae6fb",
  "event_type": "player_move",
  "input": {"device":"keyboard","move_sequence":62},
  "player": {"position":{"x":20,"y":6}},
  "goal_reached":false,
  "timestamp":"2026-02-19T20:36:31Z"
}

{
  "session_id": "c054346f-8864-46a8-9ee5-f59a01eae6fb",
  "event_type": "player_move",
  "input": {"device":"keyboard","move_sequence":63},
  "player": {"position":{"x":20,"y":7}},
  "goal_reached":false,
  "timestamp":"2026-02-19T20:36:31Z"
}

{
  "session_id": "c054346f-8864-46a8-9ee5-f59a01eae6fb",
  "event_type": "player_move",
  "input": {"device":"keyboard","move_sequence":64},
  "player": {"position":{"x":20,"y":8}},
  "goal_reached":false,
  "timestamp":"2026-02-19T20:36:32Z"
}

{
  "session_id": "c054346f-8864-46a8-9ee5-f59a01eae6fb",
  "event_type": "player_move",
  "input": {"device":"keyboard","move_sequence":65},
  "player": {"position":{"x":20,"y":9}},
  "goal_reached":false,
  "timestamp":"2026-02-19T20:36:32Z"
}

{
  "session_id": "c054346f-8864-46a8-9ee5-f59a01eae6fb",
  "event_type": "player_move",
  "input": {"device":"keyboard","move_sequence":66},
  "player": {"position":{"x":20,"y":10}},
  "goal_reached":false,
  "timestamp":"2026-02-19T20:36:32Z"
}

{
  "session_id": "c054346f-8864-46a8-9ee5-f59a01eae6fb",
  "event_type": "player_move",
  "input": {"device":"keyboard","move_sequence":67},
  "player": {"position":{"x":20,"y":11}},
  "goal_reached":false,
  "timestamp":"2026-02-19T20:36:32Z"
}

{
  "session_id": "c054346f-8864-46a8-9ee5-f59a01eae6fb",
  "event_type": "player_move",
  "input": {"device":"keyboard","move_sequence":68},
  "player": {"position":{"x":20,"y":12}},
  "goal_reached":false,
  "timestamp":"2026-02-19T20:36:33Z"
}

{
  "session_id": "c054346f-8864-46a8-9ee5-f59a01eae6fb",
  "event_type": "player_move",
  "input": {"device":"keyboard","move_sequence":69},
  "player": {"position":{"x":19,"y":12}},
  "goal_reached":false,
  "timestamp":"2026-02-19T20:36:34Z"
}

{
  "session_id": "c054346f-8864-46a8-9ee5-f59a01eae6fb",
  "event_type": "player_move",
  "input": {"device":"keyboard","move_sequence":70},
  "player": {"position":{"x":19,"y":13}},
  "goal_reached":false,
  "timestamp":"2026-02-19T20:36:34Z"
}

{
  "session_id": "c054346f-8864-46a8-9ee5-f59a01eae6fb",
  "event_type": "player_move",
  "input": {"device":"keyboard","move_sequence":71},
  "player": {"position":{"x":19,"y":14}},
  "goal_reached":false,
  "timestamp":"2026-02-19T20:36:34Z"
}

{
  "session_id": "c054346f-8864-46a8-9ee5-f59a01eae6fb",
  "event_type": "player_move",
  "input": {"device":"keyboard","move_sequence":72},
  "player": {"position":{"x":20,"y":14}},
  "goal_reached":true,
  "timestamp":"2026-02-19T20:36:35Z"
}

{
  "session_id": "c054346f-8864-46a8-9ee5-f59a01eae6fb",
  "event_type": "player_move",
  "input": {"device":"keyboard","move_sequence":1},
  "player": {"position":{"x":1,"y":0}},
  "goal_reached":false,
  "timestamp":"2026-02-19T20:36:51Z"
}

{
  "session_id": "c054346f-8864-46a8-9ee5-f59a01eae6fb",
  "event_type": "player_move",
  "input": {"device":"keyboard","move_sequence":2},
  "player": {"position":{"x":1,"y":1}},
  "goal_reached":false,
  "timestamp":"2026-02-19T20:36:52Z"
}

{
  "session_id": "c054346f-8864-46a8-9ee5-f59a01eae6fb",
  "event_type": "player_move",
  "input": {"device":"keyboard","move_sequence":3},
  "player": {"position":{"x":2,"y":1}},
  "goal_reached":false,
  "timestamp":"2026-02-19T20:36:52Z"
}

{
  "session_id": "c054346f-8864-46a8-9ee5-f59a01eae6fb",
  "event_type": "player_move",
  "input": {"device":"keyboard","move_sequence":4},
  "player": {"position":{"x":2,"y":0}},
  "goal_reached":false,
  "timestamp":"2026-02-19T20:36:53Z"
}

{
  "session_id": "c054346f-8864-46a8-9ee5-f59a01eae6fb",
  "event_type": "player_move",
  "input": {"device":"keyboard","move_sequence":5},
  "player": {"position":{"x":2,"y":1}},
  "goal_reached":false,
  "timestamp":"2026-02-19T20:36:53Z"
}

{
  "session_id": "c054346f-8864-46a8-9ee5-f59a01eae6fb",
  "event_type": "player_move",
  "input": {"device":"keyboard","move_sequence":6},
  "player": {"position":{"x":2,"y":0}},
  "goal_reached":false,
  "timestamp":"2026-02-19T20:36:54Z"
}

{
  "session_id": "c054346f-8864-46a8-9ee5-f59a01eae6fb",
  "event_type": "player_move",
  "input": {"device":"keyboard","move_sequence":7},
  "player": {"position":{"x":3,"y":0}},
  "goal_reached":false,
  "timestamp":"2026-02-19T20:36:54Z"
}

{
  "session_id": "c054346f-8864-46a8-9ee5-f59a01eae6fb",
  "event_type": "player_move",
  "input": {"device":"keyboard","move_sequence":8},
  "player": {"position":{"x":3,"y":1}},
  "goal_reached":false,
  "timestamp":"2026-02-19T20:36:55Z"
}

{
  "session_id": "c054346f-8864-46a8-9ee5-f59a01eae6fb",
  "event_type": "player_move",
  "input": {"device":"keyboard","move_sequence":9},
  "player": {"position":{"x":4,"y":1}},
  "goal_reached":false,
  "timestamp":"2026-02-19T20:36:55Z"
}

{
  "session_id": "c054346f-8864-46a8-9ee5-f59a01eae6fb",
  "event_type": "player_move",
  "input": {"device":"keyboard","move_sequence":10},
  "player": {"position":{"x":5,"y":1}},
  "goal_reached":false,
  "timestamp":"2026-02-19T20:36:56Z"
}

{
  "session_id": "c054346f-8864-46a8-9ee5-f59a01eae6fb",
  "event_type": "player_move",
  "input": {"device":"keyboard","move_sequence":11},
  "player": {"position":{"x":5,"y":2}},
  "goal_reached":false,
  "timestamp":"2026-02-19T20:36:56Z"
}

{
  "session_id": "c054346f-8864-46a8-9ee5-f59a01eae6fb",
  "event_type": "player_move",
  "input": {"device":"keyboard","move_sequence":12},
  "player": {"position":{"x":6,"y":2}},
  "goal_reached":false,
  "timestamp":"2026-02-19T20:36:57Z"
}

{
  "session_id": "c054346f-8864-46a8-9ee5-f59a01eae6fb",
  "event_type": "player_move",
  "input": {"device":"keyboard","move_sequence":13},
  "player": {"position":{"x":6,"y":3}},
  "goal_reached":false,
  "timestamp":"2026-02-19T20:36:57Z"
}

{
  "session_id": "c054346f-8864-46a8-9ee5-f59a01eae6fb",
  "event_type": "player_move",
  "input": {"device":"keyboard","move_sequence":14},
  "player": {"position":{"x":6,"y":4}},
  "goal_reached":false,
  "timestamp":"2026-02-19T20:36:58Z"
}

{
  "session_id": "c054346f-8864-46a8-9ee5-f59a01eae6fb",
  "event_type": "player_move",
  "input": {"device":"keyboard","move_sequence":15},
  "player": {"position":{"x":6,"y":5}},
  "goal_reached":false,
  "timestamp":"2026-02-19T20:36:58Z"
}

{
  "session_id": "c054346f-8864-46a8-9ee5-f59a01eae6fb",
  "event_type": "player_move",
  "input": {"device":"keyboard","move_sequence":16},
  "player": {"position":{"x":6,"y":6}},
  "goal_reached":false,
  "timestamp":"2026-02-19T20:36:58Z"
}

{
  "session_id": "c054346f-8864-46a8-9ee5-f59a01eae6fb",
  "event_type": "player_move",
  "input": {"device":"keyboard","move_sequence":17},
  "player": {"position":{"x":5,"y":6}},
  "goal_reached":false,
  "timestamp":"2026-02-19T20:36:59Z"
}

{
  "session_id": "c054346f-8864-46a8-9ee5-f59a01eae6fb",
  "event_type": "player_move",
  "input": {"device":"keyboard","move_sequence":18},
  "player": {"position":{"x":5,"y":7}},
  "goal_reached":false,
  "timestamp":"2026-02-19T20:36:59Z"
}

{
  "session_id": "c054346f-8864-46a8-9ee5-f59a01eae6fb",
  "event_type": "player_move",
  "input": {"device":"keyboard","move_sequence":19},
  "player": {"position":{"x":4,"y":7}},
  "goal_reached":false,
  "timestamp":"2026-02-19T20:37:00Z"
}

{
  "session_id": "c054346f-8864-46a8-9ee5-f59a01eae6fb",
  "event_type": "player_move",
  "input": {"device":"keyboard","move_sequence":20},
  "player": {"position":{"x":4,"y":8}},
  "goal_reached":false,
  "timestamp":"2026-02-19T20:37:00Z"
}

{
  "session_id": "c054346f-8864-46a8-9ee5-f59a01eae6fb",
  "event_type": "player_move",
  "input": {"device":"keyboard","move_sequence":21},
  "player": {"position":{"x":4,"y":9}},
  "goal_reached":false,
  "timestamp":"2026-02-19T20:37:01Z"
}

{
  "session_id": "c054346f-8864-46a8-9ee5-f59a01eae6fb",
  "event_type": "player_move",
  "input": {"device":"keyboard","move_sequence":22},
  "player": {"position":{"x":4,"y":10}},
  "goal_reached":false,
  "timestamp":"2026-02-19T20:37:01Z"
}

{
  "session_id": "c054346f-8864-46a8-9ee5-f59a01eae6fb",
  "event_type": "player_move",
  "input": {"device":"keyboard","move_sequence":23},
  "player": {"position":{"x":4,"y":11}},
  "goal_reached":false,
  "timestamp":"2026-02-19T20:37:01Z"
}

{
  "session_id": "c054346f-8864-46a8-9ee5-f59a01eae6fb",
  "event_type": "player_move",
  "input": {"device":"keyboard","move_sequence":24},
  "player": {"position":{"x":4,"y":12}},
  "goal_reached":false,
  "timestamp":"2026-02-19T20:37:02Z"
}

{
  "session_id": "c054346f-8864-46a8-9ee5-f59a01eae6fb",
  "event_type": "player_move",
  "input": {"device":"keyboard","move_sequence":25},
  "player": {"position":{"x":5,"y":12}},
  "goal_reached":false,
  "timestamp":"2026-02-19T20:37:02Z"
}

{
  "session_id": "c054346f-8864-46a8-9ee5-f59a01eae6fb",
  "event_type": "player_move",
  "input": {"device":"keyboard","move_sequence":26},
  "player": {"position":{"x":5,"y":11}},
  "goal_reached":false,
  "timestamp":"2026-02-19T20:37:03Z"
}

{
  "session_id": "c054346f-8864-46a8-9ee5-f59a01eae6fb",
  "event_type": "player_move",
  "input": {"device":"keyboard","move_sequence":27},
  "player": {"position":{"x":5,"y":10}},
  "goal_reached":false,
  "timestamp":"2026-02-19T20:37:03Z"
}

{
  "session_id": "c054346f-8864-46a8-9ee5-f59a01eae6fb",
  "event_type": "player_move",
  "input": {"device":"keyboard","move_sequence":28},
  "player": {"position":{"x":6,"y":10}},
  "goal_reached":false,
  "timestamp":"2026-02-19T20:37:04Z"
}

{
  "session_id": "c054346f-8864-46a8-9ee5-f59a01eae6fb",
  "event_type": "player_move",
  "input": {"device":"keyboard","move_sequence":29},
  "player": {"position":{"x":7,"y":10}},
  "goal_reached":false,
  "timestamp":"2026-02-19T20:37:04Z"
}

{
  "session_id": "c054346f-8864-46a8-9ee5-f59a01eae6fb",
  "event_type": "player_move",
  "input": {"device":"keyboard","move_sequence":30},
  "player": {"position":{"x":8,"y":10}},
  "goal_reached":false,
  "timestamp":"2026-02-19T20:37:05Z"
}

{
  "session_id": "c054346f-8864-46a8-9ee5-f59a01eae6fb",
  "event_type": "player_move",
  "input": {"device":"keyboard","move_sequence":31},
  "player": {"position":{"x":9,"y":10}},
  "goal_reached":false,
  "timestamp":"2026-02-19T20:37:05Z"
}

{
  "session_id": "c054346f-8864-46a8-9ee5-f59a01eae6fb",
  "event_type": "player_move",
  "input": {"device":"keyboard","move_sequence":32},
  "player": {"position":{"x":9,"y":9}},
  "goal_reached":false,
  "timestamp":"2026-02-19T20:37:06Z"
}

{
  "session_id": "c054346f-8864-46a8-9ee5-f59a01eae6fb",
  "event_type": "player_move",
  "input": {"device":"keyboard","move_sequence":33},
  "player": {"position":{"x":10,"y":9}},
  "goal_reached":false,
  "timestamp":"2026-02-19T20:37:06Z"
}

{
  "session_id": "c054346f-8864-46a8-9ee5-f59a01eae6fb",
  "event_type": "player_move",
  "input": {"device":"keyboard","move_sequence":34},
  "player": {"position":{"x":10,"y":10}},
  "goal_reached":false,
  "timestamp":"2026-02-19T20:37:07Z"
}

{
  "session_id": "c054346f-8864-46a8-9ee5-f59a01eae6fb",
  "event_type": "player_move",
  "input": {"device":"keyboard","move_sequence":35},
  "player": {"position":{"x":11,"y":10}},
  "goal_reached":false,
  "timestamp":"2026-02-19T20:37:07Z"
}

{
  "session_id": "c054346f-8864-46a8-9ee5-f59a01eae6fb",
  "event_type": "player_move",
  "input": {"device":"keyboard","move_sequence":36},
  "player": {"position":{"x":12,"y":10}},
  "goal_reached":false,
  "timestamp":"2026-02-19T20:37:08Z"
}

{
  "session_id": "c054346f-8864-46a8-9ee5-f59a01eae6fb",
  "event_type": "player_move",
  "input": {"device":"keyboard","move_sequence":37},
  "player": {"position":{"x":13,"y":10}},
  "goal_reached":false,
  "timestamp":"2026-02-19T20:37:08Z"
}

{
  "session_id": "c054346f-8864-46a8-9ee5-f59a01eae6fb",
  "event_type": "player_move",
  "input": {"device":"keyboard","move_sequence":38},
  "player": {"position":{"x":14,"y":10}},
  "goal_reached":false,
  "timestamp":"2026-02-19T20:37:08Z"
}

{
  "session_id": "c054346f-8864-46a8-9ee5-f59a01eae6fb",
  "event_type": "player_move",
  "input": {"device":"keyboard","move_sequence":39},
  "player": {"position":{"x":15,"y":10}},
  "goal_reached":false,
  "timestamp":"2026-02-19T20:37:09Z"
}

{
  "session_id": "c054346f-8864-46a8-9ee5-f59a01eae6fb",
  "event_type": "player_move",
  "input": {"device":"keyboard","move_sequence":40},
  "player": {"position":{"x":15,"y":9}},
  "goal_reached":false,
  "timestamp":"2026-02-19T20:37:09Z"
}

{
  "session_id": "c054346f-8864-46a8-9ee5-f59a01eae6fb",
  "event_type": "player_move",
  "input": {"device":"keyboard","move_sequence":41},
  "player": {"position":{"x":15,"y":8}},
  "goal_reached":false,
  "timestamp":"2026-02-19T20:37:10Z"
}

{
  "session_id": "c054346f-8864-46a8-9ee5-f59a01eae6fb",
  "event_type": "player_move",
  "input": {"device":"keyboard","move_sequence":42},
  "player": {"position":{"x":14,"y":8}},
  "goal_reached":false,
  "timestamp":"2026-02-19T20:37:10Z"
}

{
  "session_id": "c054346f-8864-46a8-9ee5-f59a01eae6fb",
  "event_type": "player_move",
  "input": {"device":"keyboard","move_sequence":43},
  "player": {"position":{"x":14,"y":9}},
  "goal_reached":false,
  "timestamp":"2026-02-19T20:37:11Z"
}

{
  "session_id": "c054346f-8864-46a8-9ee5-f59a01eae6fb",
  "event_type": "player_move",
  "input": {"device":"keyboard","move_sequence":44},
  "player": {"position":{"x":13,"y":9}},
  "goal_reached":false,
  "timestamp":"2026-02-19T20:37:11Z"
}

{
  "session_id": "c054346f-8864-46a8-9ee5-f59a01eae6fb",
  "event_type": "player_move",
  "input": {"device":"keyboard","move_sequence":45},
  "player": {"position":{"x":13,"y":8}},
  "goal_reached":false,
  "timestamp":"2026-02-19T20:37:12Z"
}

{
  "session_id": "c054346f-8864-46a8-9ee5-f59a01eae6fb",
  "event_type": "player_move",
  "input": {"device":"keyboard","move_sequence":46},
  "player": {"position":{"x":13,"y":7}},
  "goal_reached":false,
  "timestamp":"2026-02-19T20:37:12Z"
}

{
  "session_id": "c054346f-8864-46a8-9ee5-f59a01eae6fb",
  "event_type": "player_move",
  "input": {"device":"keyboard","move_sequence":47},
  "player": {"position":{"x":14,"y":7}},
  "goal_reached":false,
  "timestamp":"2026-02-19T20:37:13Z"
}

{
  "session_id": "c054346f-8864-46a8-9ee5-f59a01eae6fb",
  "event_type": "player_move",
  "input": {"device":"keyboard","move_sequence":48},
  "player": {"position":{"x":15,"y":7}},
  "goal_reached":false,
  "timestamp":"2026-02-19T20:37:13Z"
}

{
  "session_id": "c054346f-8864-46a8-9ee5-f59a01eae6fb",
  "event_type": "player_move",
  "input": {"device":"keyboard","move_sequence":49},
  "player": {"position":{"x":16,"y":7}},
  "goal_reached":false,
  "timestamp":"2026-02-19T20:37:14Z"
}

{
  "session_id": "c054346f-8864-46a8-9ee5-f59a01eae6fb",
  "event_type": "player_move",
  "input": {"device":"keyboard","move_sequence":50},
  "player": {"position":{"x":16,"y":6}},
  "goal_reached":false,
  "timestamp":"2026-02-19T20:37:14Z"
}

{
  "session_id": "c054346f-8864-46a8-9ee5-f59a01eae6fb",
  "event_type": "player_move",
  "input": {"device":"keyboard","move_sequence":51},
  "player": {"position":{"x":16,"y":5}},
  "goal_reached":false,
  "timestamp":"2026-02-19T20:37:15Z"
}

{
  "session_id": "c054346f-8864-46a8-9ee5-f59a01eae6fb",
  "event_type": "player_move",
  "input": {"device":"keyboard","move_sequence":52},
  "player": {"position":{"x":17,"y":5}},
  "goal_reached":false,
  "timestamp":"2026-02-19T20:37:16Z"
}

{
  "session_id": "c054346f-8864-46a8-9ee5-f59a01eae6fb",
  "event_type": "player_move",
  "input": {"device":"keyboard","move_sequence":53},
  "player": {"position":{"x":17,"y":4}},
  "goal_reached":false,
  "timestamp":"2026-02-19T20:37:16Z"
}

{
  "session_id": "c054346f-8864-46a8-9ee5-f59a01eae6fb",
  "event_type": "player_move",
  "input": {"device":"keyboard","move_sequence":54},
  "player": {"position":{"x":17,"y":3}},
  "goal_reached":false,
  "timestamp":"2026-02-19T20:37:17Z"
}

{
  "session_id": "c054346f-8864-46a8-9ee5-f59a01eae6fb",
  "event_type": "player_move",
  "input": {"device":"keyboard","move_sequence":55},
  "player": {"position":{"x":18,"y":3}},
  "goal_reached":false,
  "timestamp":"2026-02-19T20:37:17Z"
}

{
  "session_id": "c054346f-8864-46a8-9ee5-f59a01eae6fb",
  "event_type": "player_move",
  "input": {"device":"keyboard","move_sequence":56},
  "player": {"position":{"x":19,"y":3}},
  "goal_reached":false,
  "timestamp":"2026-02-19T20:37:18Z"
}

{
  "session_id": "c054346f-8864-46a8-9ee5-f59a01eae6fb",
  "event_type": "player_move",
  "input": {"device":"keyboard","move_sequence":57},
  "player": {"position":{"x":20,"y":3}},
  "goal_reached":false,
  "timestamp":"2026-02-19T20:37:18Z"
}

{
  "session_id": "c054346f-8864-46a8-9ee5-f59a01eae6fb",
  "event_type": "player_move",
  "input": {"device":"keyboard","move_sequence":58},
  "player": {"position":{"x":20,"y":4}},
  "goal_reached":false,
  "timestamp":"2026-02-19T20:37:19Z"
}

{
  "session_id": "c054346f-8864-46a8-9ee5-f59a01eae6fb",
  "event_type": "player_move",
  "input": {"device":"keyboard","move_sequence":59},
  "player": {"position":{"x":19,"y":4}},
  "goal_reached":false,
  "timestamp":"2026-02-19T20:37:19Z"
}

{
  "session_id": "c054346f-8864-46a8-9ee5-f59a01eae6fb",
  "event_type": "player_move",
  "input": {"device":"keyboard","move_sequence":60},
  "player": {"position":{"x":18,"y":4}},
  "goal_reached":false,
  "timestamp":"2026-02-19T20:37:20Z"
}

{
  "session_id": "c054346f-8864-46a8-9ee5-f59a01eae6fb",
  "event_type": "player_move",
  "input": {"device":"keyboard","move_sequence":61},
  "player": {"position":{"x":18,"y":5}},
  "goal_reached":false,
  "timestamp":"2026-02-19T20:37:21Z"
}

{
  "session_id": "c054346f-8864-46a8-9ee5-f59a01eae6fb",
  "event_type": "player_move",
  "input": {"device":"keyboard","move_sequence":62},
  "player": {"position":{"x":18,"y":6}},
  "goal_reached":false,
  "timestamp":"2026-02-19T20:37:21Z"
}

{
  "session_id": "c054346f-8864-46a8-9ee5-f59a01eae6fb",
  "event_type": "player_move",
  "input": {"device":"keyboard","move_sequence":63},
  "player": {"position":{"x":19,"y":6}},
  "goal_reached":false,
  "timestamp":"2026-02-19T20:37:22Z"
}

{
  "session_id": "c054346f-8864-46a8-9ee5-f59a01eae6fb",
  "event_type": "player_move",
  "input": {"device":"keyboard","move_sequence":64},
  "player": {"position":{"x":19,"y":7}},
  "goal_reached":false,
  "timestamp":"2026-02-19T20:37:23Z"
}

{
  "session_id": "c054346f-8864-46a8-9ee5-f59a01eae6fb",
  "event_type": "player_move",
  "input": {"device":"keyboard","move_sequence":65},
  "player": {"position":{"x":19,"y":8}},
  "goal_reached":false,
  "timestamp":"2026-02-19T20:37:23Z"
}

{
  "session_id": "c054346f-8864-46a8-9ee5-f59a01eae6fb",
  "event_type": "player_move",
  "input": {"device":"keyboard","move_sequence":66},
  "player": {"position":{"x":19,"y":9}},
  "goal_reached":false,
  "timestamp":"2026-02-19T20:37:24Z"
}

{
  "session_id": "c054346f-8864-46a8-9ee5-f59a01eae6fb",
  "event_type": "player_move",
  "input": {"device":"keyboard","move_sequence":67},
  "player": {"position":{"x":19,"y":10}},
  "goal_reached":false,
  "timestamp":"2026-02-19T20:37:24Z"
}

{
  "session_id": "c054346f-8864-46a8-9ee5-f59a01eae6fb",
  "event_type": "player_move",
  "input": {"device":"keyboard","move_sequence":68},
  "player": {"position":{"x":20,"y":10}},
  "goal_reached":false,
  "timestamp":"2026-02-19T20:37:25Z"
}

{
  "session_id": "c054346f-8864-46a8-9ee5-f59a01eae6fb",
  "event_type": "player_move",
  "input": {"device":"keyboard","move_sequence":69},
  "player": {"position":{"x":20,"y":11}},
  "goal_reached":false,
  "timestamp":"2026-02-19T20:37:25Z"
}

{
  "session_id": "c054346f-8864-46a8-9ee5-f59a01eae6fb",
  "event_type": "player_move",
  "input": {"device":"keyboard","move_sequence":70},
  "player": {"position":{"x":19,"y":11}},
  "goal_reached":false,
  "timestamp":"2026-02-19T20:37:26Z"
}

{
  "session_id": "c054346f-8864-46a8-9ee5-f59a01eae6fb",
  "event_type": "player_move",
  "input": {"device":"keyboard","move_sequence":71},
  "player": {"position":{"x":19,"y":12}},
  "goal_reached":false,
  "timestamp":"2026-02-19T20:37:26Z"
}

{
  "session_id": "c054346f-8864-46a8-9ee5-f59a01eae6fb",
  "event_type": "player_move",
  "input": {"device":"keyboard","move_sequence":72},
  "player": {"position":{"x":19,"y":13}},
  "goal_reached":false,
  "timestamp":"2026-02-19T20:37:27Z"
}

{
  "session_id": "c054346f-8864-46a8-9ee5-f59a01eae6fb",
  "event_type": "player_move",
  "input": {"device":"keyboard","move_sequence":73},
  "player": {"position":{"x":20,"y":13}},
  "goal_reached":false,
  "timestamp":"2026-02-19T20:37:28Z"
}

{
  "session_id": "c054346f-8864-46a8-9ee5-f59a01eae6fb",
  "event_type": "player_move",
  "input": {"device":"keyboard","move_sequence":74},
  "player": {"position":{"x":20,"y":14}},
  "goal_reached":true,
  "timestamp":"2026-02-19T20:37:28Z"
}

{
  "session_id": "ac98f008-0eb7-4101-ba59-8f5e8d81b316",
  "event_type": "player_move",
  "input": {"device":"keyboard","move_sequence":1},
  "player": {"position":{"x":0,"y":1}},
  "goal_reached":false,
  "timestamp":"2026-02-19T23:39:51Z"
}

{
  "session_id": "ac98f008-0eb7-4101-ba59-8f5e8d81b316",
  "event_type": "player_move",
  "input": {"device":"keyboard","move_sequence":2},
  "player": {"position":{"x":0,"y":2}},
  "goal_reached":false,
  "timestamp":"2026-02-19T23:39:51Z"
}

{
  "session_id": "ac98f008-0eb7-4101-ba59-8f5e8d81b316",
  "event_type": "player_move",
  "input": {"device":"keyboard","move_sequence":3},
  "player": {"position":{"x":0,"y":3}},
  "goal_reached":false,
  "timestamp":"2026-02-19T23:39:51Z"
}

{
  "session_id": "ac98f008-0eb7-4101-ba59-8f5e8d81b316",
  "event_type": "player_move",
  "input": {"device":"keyboard","move_sequence":4},
  "player": {"position":{"x":0,"y":4}},
  "goal_reached":false,
  "timestamp":"2026-02-19T23:40:22Z"
}

{
  "session_id": "ac98f008-0eb7-4101-ba59-8f5e8d81b316",
  "event_type": "player_move",
  "input": {"device":"keyboard","move_sequence":5},
  "player": {"position":{"x":1,"y":4}},
  "goal_reached":false,
  "timestamp":"2026-02-19T23:40:22Z"
}

{
  "session_id": "ac98f008-0eb7-4101-ba59-8f5e8d81b316",
  "event_type": "player_move",
  "input": {"device":"keyboard","move_sequence":6},
  "player": {"position":{"x":1,"y":5}},
  "goal_reached":false,
  "timestamp":"2026-02-19T23:40:22Z"
}

{
  "session_id": "ac98f008-0eb7-4101-ba59-8f5e8d81b316",
  "event_type": "player_move",
  "input": {"device":"keyboard","move_sequence":7},
  "player": {"position":{"x":1,"y":6}},
  "goal_reached":false,
  "timestamp":"2026-02-19T23:40:23Z"
}

{
  "session_id": "cd41e641-1278-402f-a467-1c55808b365a",
  "event_type": "player_move",
  "input": {"device":"keyboard","move_sequence":1},
  "player": {"position":{"x":1,"y":0}},
  "goal_reached":false,
  "timestamp":"2026-02-19T23:46:07Z"
}

{
  "session_id": "cd41e641-1278-402f-a467-1c55808b365a",
  "event_type": "player_move",
  "input": {"device":"keyboard","move_sequence":2},
  "player": {"position":{"x":2,"y":0}},
  "goal_reached":false,
  "timestamp":"2026-02-19T23:46:08Z"
}

{
  "session_id": "cd41e641-1278-402f-a467-1c55808b365a",
  "event_type": "player_move",
  "input": {"device":"keyboard","move_sequence":3},
  "player": {"position":{"x":2,"y":1}},
  "goal_reached":false,
  "timestamp":"2026-02-19T23:46:08Z"
}

{
  "session_id": "cd41e641-1278-402f-a467-1c55808b365a",
  "event_type": "player_move",
  "input": {"device":"keyboard","move_sequence":4},
  "player": {"position":{"x":2,"y":2}},
  "goal_reached":false,
  "timestamp":"2026-02-19T23:46:08Z"
}

{
  "session_id": "cd41e641-1278-402f-a467-1c55808b365a",
  "event_type": "player_move",
  "input": {"device":"keyboard","move_sequence":5},
  "player": {"position":{"x":1,"y":2}},
  "goal_reached":false,
  "timestamp":"2026-02-19T23:46:09Z"
}

{
  "session_id": "cd41e641-1278-402f-a467-1c55808b365a",
  "event_type": "player_move",
  "input": {"device":"keyboard","move_sequence":6},
  "player": {"position":{"x":1,"y":3}},
  "goal_reached":false,
  "timestamp":"2026-02-19T23:46:09Z"
}

{
  "session_id": "cd41e641-1278-402f-a467-1c55808b365a",
  "event_type": "player_move",
  "input": {"device":"keyboard","move_sequence":7},
  "player": {"position":{"x":1,"y":4}},
  "goal_reached":false,
  "timestamp":"2026-02-19T23:46:09Z"
}

{
  "session_id": "cd41e641-1278-402f-a467-1c55808b365a",
  "event_type": "player_move",
  "input": {"device":"keyboard","move_sequence":8},
  "player": {"position":{"x":2,"y":4}},
  "goal_reached":false,
  "timestamp":"2026-02-19T23:46:10Z"
}

{
  "session_id": "cd41e641-1278-402f-a467-1c55808b365a",
  "event_type": "player_move",
  "input": {"device":"keyboard","move_sequence":9},
  "player": {"position":{"x":2,"y":3}},
  "goal_reached":false,
  "timestamp":"2026-02-19T23:46:10Z"
}

{
  "session_id": "cd41e641-1278-402f-a467-1c55808b365a",
  "event_type": "player_move",
  "input": {"device":"keyboard","move_sequence":10},
  "player": {"position":{"x":3,"y":3}},
  "goal_reached":false,
  "timestamp":"2026-02-19T23:46:10Z"
}

{
  "session_id": "cd41e641-1278-402f-a467-1c55808b365a",
  "event_type": "player_move",
  "input": {"device":"keyboard","move_sequence":11},
  "player": {"position":{"x":3,"y":4}},
  "goal_reached":false,
  "timestamp":"2026-02-19T23:46:11Z"
}

{
  "session_id": "053f6b8a-83c7-40d1-8e85-d58ae38b55b7",
  "event_type": "player_move",
  "input": {"device":"keyboard","move_sequence":1},
  "player": {"position":{"x":1,"y":0}},
  "goal_reached":false,
  "timestamp":"2026-02-19T23:46:48Z"
}

{
  "session_id": "053f6b8a-83c7-40d1-8e85-d58ae38b55b7",
  "event_type": "player_move",
  "input": {"device":"keyboard","move_sequence":2},
  "player": {"position":{"x":1,"y":1}},
  "goal_reached":false,
  "timestamp":"2026-02-19T23:46:48Z"
}

{
  "session_id": "053f6b8a-83c7-40d1-8e85-d58ae38b55b7",
  "event_type": "player_move",
  "input": {"device":"keyboard","move_sequence":3},
  "player": {"position":{"x":2,"y":1}},
  "goal_reached":false,
  "timestamp":"2026-02-19T23:46:48Z"
}

{
  "session_id": "053f6b8a-83c7-40d1-8e85-d58ae38b55b7",
  "event_type": "player_move",
  "input": {"device":"keyboard","move_sequence":4},
  "player": {"position":{"x":2,"y":0}},
  "goal_reached":false,
  "timestamp":"2026-02-19T23:46:52Z"
}

{
  "session_id": "053f6b8a-83c7-40d1-8e85-d58ae38b55b7",
  "event_type": "player_move",
  "input": {"device":"keyboard","move_sequence":5},
  "player": {"position":{"x":3,"y":0}},
  "goal_reached":false,
  "timestamp":"2026-02-19T23:46:53Z"
}

{
  "session_id": "053f6b8a-83c7-40d1-8e85-d58ae38b55b7",
  "event_type": "player_move",
  "input": {"device":"keyboard","move_sequence":6},
  "player": {"position":{"x":3,"y":1}},
  "goal_reached":false,
  "timestamp":"2026-02-19T23:46:53Z"
}

{
  "session_id": "053f6b8a-83c7-40d1-8e85-d58ae38b55b7",
  "event_type": "player_move",
  "input": {"device":"keyboard","move_sequence":7},
  "player": {"position":{"x":3,"y":2}},
  "goal_reached":false,
  "timestamp":"2026-02-19T23:46:53Z"
}

{
  "session_id": "053f6b8a-83c7-40d1-8e85-d58ae38b55b7",
  "event_type": "player_move",
  "input": {"device":"keyboard","move_sequence":8},
  "player": {"position":{"x":3,"y":3}},
  "goal_reached":false,
  "timestamp":"2026-02-19T23:46:53Z"
}

{
  "session_id": "053f6b8a-83c7-40d1-8e85-d58ae38b55b7",
  "event_type": "player_move",
  "input": {"device":"keyboard","move_sequence":9},
  "player": {"position":{"x":2,"y":3}},
  "goal_reached":false,
  "timestamp":"2026-02-19T23:47:00Z"
}

{
  "session_id": "053f6b8a-83c7-40d1-8e85-d58ae38b55b7",
  "event_type": "player_move",
  "input": {"device":"keyboard","move_sequence":10},
  "player": {"position":{"x":2,"y":4}},
  "goal_reached":false,
  "timestamp":"2026-02-19T23:47:01Z"
}

{
  "session_id": "053f6b8a-83c7-40d1-8e85-d58ae38b55b7",
  "event_type": "player_move",
  "input": {"device":"keyboard","move_sequence":11},
  "player": {"position":{"x":1,"y":4}},
  "goal_reached":false,
  "timestamp":"2026-02-19T23:47:01Z"
}

{
  "session_id": "053f6b8a-83c7-40d1-8e85-d58ae38b55b7",
  "event_type": "player_move",
  "input": {"device":"keyboard","move_sequence":12},
  "player": {"position":{"x":1,"y":5}},
  "goal_reached":false,
  "timestamp":"2026-02-19T23:47:02Z"
}

{
  "session_id": "112ee1c7-f0e7-4203-903f-665f7f15d8ce",
  "event_type": "player_move",
  "input": {"device":"keyboard","move_sequence":1},
  "player": {"position":{"x":1,"y":0}},
  "goal_reached":false,
  "timestamp":"2026-02-19T23:52:15Z"
}

{
  "session_id": "112ee1c7-f0e7-4203-903f-665f7f15d8ce",
  "event_type": "player_move",
  "input": {"device":"keyboard","move_sequence":2},
  "player": {"position":{"x":1,"y":1}},
  "goal_reached":false,
  "timestamp":"2026-02-19T23:52:16Z"
}

{
  "session_id": "112ee1c7-f0e7-4203-903f-665f7f15d8ce",
  "event_type": "player_move",
  "input": {"device":"keyboard","move_sequence":3},
  "player": {"position":{"x":0,"y":1}},
  "goal_reached":false,
  "timestamp":"2026-02-19T23:52:16Z"
}

{
  "session_id": "112ee1c7-f0e7-4203-903f-665f7f15d8ce",
  "event_type": "player_move",
  "input": {"device":"keyboard","move_sequence":4},
  "player": {"position":{"x":0,"y":2}},
  "goal_reached":false,
  "timestamp":"2026-02-19T23:52:20Z"
}

{
  "session_id": "112ee1c7-f0e7-4203-903f-665f7f15d8ce",
  "event_type": "player_move",
  "input": {"device":"keyboard","move_sequence":5},
  "player": {"position":{"x":0,"y":3}},
  "goal_reached":false,
  "timestamp":"2026-02-19T23:52:20Z"
}

{
  "session_id": "112ee1c7-f0e7-4203-903f-665f7f15d8ce",
  "event_type": "player_move",
  "input": {"device":"keyboard","move_sequence":6},
  "player": {"position":{"x":1,"y":3}},
  "goal_reached":false,
  "timestamp":"2026-02-19T23:52:21Z"
}

{
  "session_id": "112ee1c7-f0e7-4203-903f-665f7f15d8ce",
  "event_type": "player_move",
  "input": {"device":"keyboard","move_sequence":7},
  "player": {"position":{"x":1,"y":4}},
  "goal_reached":false,
  "timestamp":"2026-02-19T23:52:21Z"
}

{
  "session_id": "112ee1c7-f0e7-4203-903f-665f7f15d8ce",
  "event_type": "player_move",
  "input": {"device":"keyboard","move_sequence":8},
  "player": {"position":{"x":1,"y":5}},
  "goal_reached":false,
  "timestamp":"2026-02-19T23:52:22Z"
}

{
  "session_id": "112ee1c7-f0e7-4203-903f-665f7f15d8ce",
  "event_type": "player_move",
  "input": {"device":"keyboard","move_sequence":9},
  "player": {"position":{"x":0,"y":5}},
  "goal_reached":false,
  "timestamp":"2026-02-19T23:52:22Z"
}

{
  "session_id": "112ee1c7-f0e7-4203-903f-665f7f15d8ce",
  "event_type": "player_move",
  "input": {"device":"keyboard","move_sequence":10},
  "player": {"position":{"x":0,"y":6}},
  "goal_reached":false,
  "timestamp":"2026-02-19T23:52:23Z"
}

{
  "session_id": "112ee1c7-f0e7-4203-903f-665f7f15d8ce",
  "event_type": "player_move",
  "input": {"device":"keyboard","move_sequence":11},
  "player": {"position":{"x":0,"y":7}},
  "goal_reached":false,
  "timestamp":"2026-02-19T23:52:26Z"
}

{
  "session_id": "112ee1c7-f0e7-4203-903f-665f7f15d8ce",
  "event_type": "player_move",
  "input": {"device":"keyboard","move_sequence":12},
  "player": {"position":{"x":0,"y":8}},
  "goal_reached":false,
  "timestamp":"2026-02-19T23:52:27Z"
}

{
  "session_id": "112ee1c7-f0e7-4203-903f-665f7f15d8ce",
  "event_type": "player_move",
  "input": {"device":"keyboard","move_sequence":13},
  "player": {"position":{"x":0,"y":9}},
  "goal_reached":false,
  "timestamp":"2026-02-19T23:52:27Z"
}

{
  "session_id": "112ee1c7-f0e7-4203-903f-665f7f15d8ce",
  "event_type": "player_move",
  "input": {"device":"keyboard","move_sequence":14},
  "player": {"position":{"x":1,"y":9}},
  "goal_reached":false,
  "timestamp":"2026-02-19T23:52:27Z"
}

{
  "session_id": "31ffb25c-80e3-496c-98f6-2e0ba4d8169f",
  "event_type": "player_move",
  "input": {"device":"keyboard","move_sequence":1},
  "player": {"position":{"x":0,"y":1}},
  "goal_reached":false,
  "timestamp":"2026-02-20T00:06:25Z"
}

{
  "session_id": "31ffb25c-80e3-496c-98f6-2e0ba4d8169f",
  "event_type": "player_move",
  "input": {"device":"keyboard","move_sequence":2},
  "player": {"position":{"x":0,"y":2}},
  "goal_reached":false,
  "timestamp":"2026-02-20T00:06:25Z"
}

{
  "session_id": "31ffb25c-80e3-496c-98f6-2e0ba4d8169f",
  "event_type": "player_move",
  "input": {"device":"keyboard","move_sequence":3},
  "player": {"position":{"x":0,"y":3}},
  "goal_reached":false,
  "timestamp":"2026-02-20T00:06:26Z"
}

{
  "session_id": "31ffb25c-80e3-496c-98f6-2e0ba4d8169f",
  "event_type": "player_move",
  "input": {"device":"keyboard","move_sequence":4},
  "player": {"position":{"x":0,"y":4}},
  "goal_reached":false,
  "timestamp":"2026-02-20T00:06:26Z"
}

{
  "session_id": "31ffb25c-80e3-496c-98f6-2e0ba4d8169f",
  "event_type": "player_move",
  "input": {"device":"keyboard","move_sequence":5},
  "player": {"position":{"x":1,"y":4}},
  "goal_reached":false,
  "timestamp":"2026-02-20T00:06:27Z"
}

{
  "session_id": "31ffb25c-80e3-496c-98f6-2e0ba4d8169f",
  "event_type": "player_move",
  "input": {"device":"keyboard","move_sequence":6},
  "player": {"position":{"x":1,"y":5}},
  "goal_reached":false,
  "timestamp":"2026-02-20T00:06:27Z"
}

{
  "session_id": "31ffb25c-80e3-496c-98f6-2e0ba4d8169f",
  "event_type": "player_move",
  "input": {"device":"keyboard","move_sequence":7},
  "player": {"position":{"x":1,"y":6}},
  "goal_reached":false,
  "timestamp":"2026-02-20T00:07:03Z"
}

{
  "session_id": "31ffb25c-80e3-496c-98f6-2e0ba4d8169f",
  "event_type": "player_move",
  "input": {"device":"keyboard","move_sequence":8},
  "player": {"position":{"x":1,"y":7}},
  "goal_reached":false,
  "timestamp":"2026-02-20T00:07:03Z"
}

{
  "session_id": "31ffb25c-80e3-496c-98f6-2e0ba4d8169f",
  "event_type": "player_move",
  "input": {"device":"keyboard","move_sequence":9},
  "player": {"position":{"x":0,"y":7}},
  "goal_reached":false,
  "timestamp":"2026-02-20T00:07:04Z"
}

{
  "session_id": "31ffb25c-80e3-496c-98f6-2e0ba4d8169f",
  "event_type": "player_move",
  "input": {"device":"keyboard","move_sequence":10},
  "player": {"position":{"x":0,"y":8}},
  "goal_reached":false,
  "timestamp":"2026-02-20T00:07:04Z"
}

{
  "session_id": "31ffb25c-80e3-496c-98f6-2e0ba4d8169f",
  "event_type": "player_move",
  "input": {"device":"keyboard","move_sequence":11},
  "player": {"position":{"x":1,"y":8}},
  "goal_reached":false,
  "timestamp":"2026-02-20T00:07:05Z"
}

{
  "session_id": "31ffb25c-80e3-496c-98f6-2e0ba4d8169f",
  "event_type": "player_move",
  "input": {"device":"keyboard","move_sequence":12},
  "player": {"position":{"x":1,"y":9}},
  "goal_reached":false,
  "timestamp":"2026-02-20T00:07:05Z"
}

{
  "session_id": "31ffb25c-80e3-496c-98f6-2e0ba4d8169f",
  "event_type": "player_move",
  "input": {"device":"keyboard","move_sequence":13},
  "player": {"position":{"x":1,"y":10}},
  "goal_reached":false,
  "timestamp":"2026-02-20T00:07:06Z"
}

{
  "session_id": "31ffb25c-80e3-496c-98f6-2e0ba4d8169f",
  "event_type": "player_move",
  "input": {"device":"keyboard","move_sequence":14},
  "player": {"position":{"x":1,"y":11}},
  "goal_reached":false,
  "timestamp":"2026-02-20T00:07:06Z"
}

{
  "session_id": "31ffb25c-80e3-496c-98f6-2e0ba4d8169f",
  "event_type": "player_move",
  "input": {"device":"keyboard","move_sequence":15},
  "player": {"position":{"x":2,"y":11}},
  "goal_reached":false,
  "timestamp":"2026-02-20T00:07:07Z"
}

{
  "session_id": "31ffb25c-80e3-496c-98f6-2e0ba4d8169f",
  "event_type": "player_move",
  "input": {"device":"keyboard","move_sequence":16},
  "player": {"position":{"x":2,"y":10}},
  "goal_reached":false,
  "timestamp":"2026-02-20T00:07:07Z"
}

{
  "session_id": "31ffb25c-80e3-496c-98f6-2e0ba4d8169f",
  "event_type": "player_move",
  "input": {"device":"keyboard","move_sequence":17},
  "player": {"position":{"x":3,"y":10}},
  "goal_reached":false,
  "timestamp":"2026-02-20T00:07:08Z"
}

{
  "session_id": "31ffb25c-80e3-496c-98f6-2e0ba4d8169f",
  "event_type": "player_move",
  "input": {"device":"keyboard","move_sequence":18},
  "player": {"position":{"x":4,"y":10}},
  "goal_reached":false,
  "timestamp":"2026-02-20T00:07:08Z"
}

{
  "session_id": "31ffb25c-80e3-496c-98f6-2e0ba4d8169f",
  "event_type": "player_move",
  "input": {"device":"keyboard","move_sequence":19},
  "player": {"position":{"x":4,"y":9}},
  "goal_reached":false,
  "timestamp":"2026-02-20T00:07:09Z"
}

{
  "session_id": "31ffb25c-80e3-496c-98f6-2e0ba4d8169f",
  "event_type": "player_move",
  "input": {"device":"keyboard","move_sequence":20},
  "player": {"position":{"x":5,"y":9}},
  "goal_reached":false,
  "timestamp":"2026-02-20T00:07:10Z"
}

{
  "session_id": "31ffb25c-80e3-496c-98f6-2e0ba4d8169f",
  "event_type": "player_move",
  "input": {"device":"keyboard","move_sequence":21},
  "player": {"position":{"x":6,"y":9}},
  "goal_reached":false,
  "timestamp":"2026-02-20T00:07:10Z"
}

{
  "session_id": "31ffb25c-80e3-496c-98f6-2e0ba4d8169f",
  "event_type": "player_move",
  "input": {"device":"keyboard","move_sequence":22},
  "player": {"position":{"x":6,"y":10}},
  "goal_reached":false,
  "timestamp":"2026-02-20T00:07:11Z"
}

{
  "session_id": "31ffb25c-80e3-496c-98f6-2e0ba4d8169f",
  "event_type": "player_move",
  "input": {"device":"keyboard","move_sequence":23},
  "player": {"position":{"x":5,"y":10}},
  "goal_reached":false,
  "timestamp":"2026-02-20T00:07:12Z"
}

{
  "session_id": "31ffb25c-80e3-496c-98f6-2e0ba4d8169f",
  "event_type": "player_move",
  "input": {"device":"keyboard","move_sequence":24},
  "player": {"position":{"x":5,"y":11}},
  "goal_reached":false,
  "timestamp":"2026-02-20T00:07:12Z"
}

{
  "session_id": "31ffb25c-80e3-496c-98f6-2e0ba4d8169f",
  "event_type": "player_move",
  "input": {"device":"keyboard","move_sequence":25},
  "player": {"position":{"x":6,"y":11}},
  "goal_reached":false,
  "timestamp":"2026-02-20T00:07:12Z"
}

{
  "session_id": "31ffb25c-80e3-496c-98f6-2e0ba4d8169f",
  "event_type": "player_move",
  "input": {"device":"keyboard","move_sequence":26},
  "player": {"position":{"x":6,"y":12}},
  "goal_reached":false,
  "timestamp":"2026-02-20T00:07:13Z"
}

{
  "session_id": "31ffb25c-80e3-496c-98f6-2e0ba4d8169f",
  "event_type": "player_move",
  "input": {"device":"keyboard","move_sequence":27},
  "player": {"position":{"x":5,"y":12}},
  "goal_reached":false,
  "timestamp":"2026-02-20T00:07:13Z"
}

{
  "session_id": "31ffb25c-80e3-496c-98f6-2e0ba4d8169f",
  "event_type": "player_move",
  "input": {"device":"keyboard","move_sequence":28},
  "player": {"position":{"x":4,"y":12}},
  "goal_reached":false,
  "timestamp":"2026-02-20T00:07:14Z"
}

{
  "session_id": "31ffb25c-80e3-496c-98f6-2e0ba4d8169f",
  "event_type": "player_move",
  "input": {"device":"keyboard","move_sequence":29},
  "player": {"position":{"x":4,"y":11}},
  "goal_reached":false,
  "timestamp":"2026-02-20T00:07:14Z"
}

{
  "session_id": "31ffb25c-80e3-496c-98f6-2e0ba4d8169f",
  "event_type": "player_move",
  "input": {"device":"keyboard","move_sequence":30},
  "player": {"position":{"x":3,"y":11}},
  "goal_reached":false,
  "timestamp":"2026-02-20T00:07:14Z"
}

{
  "session_id": "31ffb25c-80e3-496c-98f6-2e0ba4d8169f",
  "event_type": "player_move",
  "input": {"device":"keyboard","move_sequence":31},
  "player": {"position":{"x":3,"y":12}},
  "goal_reached":false,
  "timestamp":"2026-02-20T00:07:15Z"
}

{
  "session_id": "31ffb25c-80e3-496c-98f6-2e0ba4d8169f",
  "event_type": "player_move",
  "input": {"device":"keyboard","move_sequence":32},
  "player": {"position":{"x":2,"y":12}},
  "goal_reached":false,
  "timestamp":"2026-02-20T00:07:15Z"
}

{
  "session_id": "31ffb25c-80e3-496c-98f6-2e0ba4d8169f",
  "event_type": "player_move",
  "input": {"device":"keyboard","move_sequence":33},
  "player": {"position":{"x":2,"y":13}},
  "goal_reached":false,
  "timestamp":"2026-02-20T00:07:16Z"
}

{
  "session_id": "31ffb25c-80e3-496c-98f6-2e0ba4d8169f",
  "event_type": "player_move",
  "input": {"device":"keyboard","move_sequence":34},
  "player": {"position":{"x":3,"y":13}},
  "goal_reached":false,
  "timestamp":"2026-02-20T00:07:17Z"
}

{
  "session_id": "31ffb25c-80e3-496c-98f6-2e0ba4d8169f",
  "event_type": "player_move",
  "input": {"device":"keyboard","move_sequence":35},
  "player": {"position":{"x":3,"y":14}},
  "goal_reached":false,
  "timestamp":"2026-02-20T00:07:18Z"
}

{
  "session_id": "31ffb25c-80e3-496c-98f6-2e0ba4d8169f",
  "event_type": "player_move",
  "input": {"device":"keyboard","move_sequence":36},
  "player": {"position":{"x":4,"y":14}},
  "goal_reached":false,
  "timestamp":"2026-02-20T00:07:18Z"
}

{
  "session_id": "31ffb25c-80e3-496c-98f6-2e0ba4d8169f",
  "event_type": "player_move",
  "input": {"device":"keyboard","move_sequence":37},
  "player": {"position":{"x":4,"y":13}},
  "goal_reached":false,
  "timestamp":"2026-02-20T00:07:18Z"
}

{
  "session_id": "31ffb25c-80e3-496c-98f6-2e0ba4d8169f",
  "event_type": "player_move",
  "input": {"device":"keyboard","move_sequence":38},
  "player": {"position":{"x":5,"y":13}},
  "goal_reached":false,
  "timestamp":"2026-02-20T00:07:19Z"
}

{
  "session_id": "31ffb25c-80e3-496c-98f6-2e0ba4d8169f",
  "event_type": "player_move",
  "input": {"device":"keyboard","move_sequence":39},
  "player": {"position":{"x":6,"y":13}},
  "goal_reached":false,
  "timestamp":"2026-02-20T00:07:19Z"
}

{
  "session_id": "31ffb25c-80e3-496c-98f6-2e0ba4d8169f",
  "event_type": "player_move",
  "input": {"device":"keyboard","move_sequence":40},
  "player": {"position":{"x":7,"y":13}},
  "goal_reached":false,
  "timestamp":"2026-02-20T00:07:19Z"
}

{
  "session_id": "31ffb25c-80e3-496c-98f6-2e0ba4d8169f",
  "event_type": "player_move",
  "input": {"device":"keyboard","move_sequence":41},
  "player": {"position":{"x":8,"y":13}},
  "goal_reached":false,
  "timestamp":"2026-02-20T00:07:20Z"
}

{
  "session_id": "31ffb25c-80e3-496c-98f6-2e0ba4d8169f",
  "event_type": "player_move",
  "input": {"device":"keyboard","move_sequence":42},
  "player": {"position":{"x":8,"y":12}},
  "goal_reached":false,
  "timestamp":"2026-02-20T00:07:20Z"
}

{
  "session_id": "31ffb25c-80e3-496c-98f6-2e0ba4d8169f",
  "event_type": "player_move",
  "input": {"device":"keyboard","move_sequence":43},
  "player": {"position":{"x":8,"y":13}},
  "goal_reached":false,
  "timestamp":"2026-02-20T00:07:21Z"
}

{
  "session_id": "31ffb25c-80e3-496c-98f6-2e0ba4d8169f",
  "event_type": "player_move",
  "input": {"device":"keyboard","move_sequence":44},
  "player": {"position":{"x":8,"y":12}},
  "goal_reached":false,
  "timestamp":"2026-02-20T00:07:21Z"
}

{
  "session_id": "31ffb25c-80e3-496c-98f6-2e0ba4d8169f",
  "event_type": "player_move",
  "input": {"device":"keyboard","move_sequence":45},
  "player": {"position":{"x":9,"y":12}},
  "goal_reached":false,
  "timestamp":"2026-02-20T00:07:21Z"
}

{
  "session_id": "31ffb25c-80e3-496c-98f6-2e0ba4d8169f",
  "event_type": "player_move",
  "input": {"device":"keyboard","move_sequence":46},
  "player": {"position":{"x":9,"y":11}},
  "goal_reached":false,
  "timestamp":"2026-02-20T00:07:22Z"
}

{
  "session_id": "31ffb25c-80e3-496c-98f6-2e0ba4d8169f",
  "event_type": "player_move",
  "input": {"device":"keyboard","move_sequence":47},
  "player": {"position":{"x":10,"y":11}},
  "goal_reached":false,
  "timestamp":"2026-02-20T00:07:22Z"
}

{
  "session_id": "31ffb25c-80e3-496c-98f6-2e0ba4d8169f",
  "event_type": "player_move",
  "input": {"device":"keyboard","move_sequence":48},
  "player": {"position":{"x":10,"y":10}},
  "goal_reached":false,
  "timestamp":"2026-02-20T00:07:23Z"
}

{
  "session_id": "31ffb25c-80e3-496c-98f6-2e0ba4d8169f",
  "event_type": "player_move",
  "input": {"device":"keyboard","move_sequence":49},
  "player": {"position":{"x":9,"y":10}},
  "goal_reached":false,
  "timestamp":"2026-02-20T00:07:23Z"
}

{
  "session_id": "31ffb25c-80e3-496c-98f6-2e0ba4d8169f",
  "event_type": "player_move",
  "input": {"device":"keyboard","move_sequence":50},
  "player": {"position":{"x":8,"y":10}},
  "goal_reached":false,
  "timestamp":"2026-02-20T00:07:23Z"
}

{
  "session_id": "31ffb25c-80e3-496c-98f6-2e0ba4d8169f",
  "event_type": "player_move",
  "input": {"device":"keyboard","move_sequence":51},
  "player": {"position":{"x":8,"y":11}},
  "goal_reached":false,
  "timestamp":"2026-02-20T00:07:24Z"
}

{
  "session_id": "31ffb25c-80e3-496c-98f6-2e0ba4d8169f",
  "event_type": "player_move",
  "input": {"device":"keyboard","move_sequence":52},
  "player": {"position":{"x":7,"y":11}},
  "goal_reached":false,
  "timestamp":"2026-02-20T00:07:24Z"
}

{
  "session_id": "31ffb25c-80e3-496c-98f6-2e0ba4d8169f",
  "event_type": "player_move",
  "input": {"device":"keyboard","move_sequence":53},
  "player": {"position":{"x":7,"y":10}},
  "goal_reached":false,
  "timestamp":"2026-02-20T00:07:25Z"
}

{
  "session_id": "31ffb25c-80e3-496c-98f6-2e0ba4d8169f",
  "event_type": "player_move",
  "input": {"device":"keyboard","move_sequence":54},
  "player": {"position":{"x":7,"y":9}},
  "goal_reached":false,
  "timestamp":"2026-02-20T00:07:25Z"
}

{
  "session_id": "31ffb25c-80e3-496c-98f6-2e0ba4d8169f",
  "event_type": "player_move",
  "input": {"device":"keyboard","move_sequence":55},
  "player": {"position":{"x":8,"y":9}},
  "goal_reached":false,
  "timestamp":"2026-02-20T00:07:26Z"
}

{
  "session_id": "31ffb25c-80e3-496c-98f6-2e0ba4d8169f",
  "event_type": "player_move",
  "input": {"device":"keyboard","move_sequence":56},
  "player": {"position":{"x":8,"y":8}},
  "goal_reached":false,
  "timestamp":"2026-02-20T00:07:26Z"
}

{
  "session_id": "31ffb25c-80e3-496c-98f6-2e0ba4d8169f",
  "event_type": "player_move",
  "input": {"device":"keyboard","move_sequence":57},
  "player": {"position":{"x":9,"y":8}},
  "goal_reached":false,
  "timestamp":"2026-02-20T00:07:26Z"
}

{
  "session_id": "31ffb25c-80e3-496c-98f6-2e0ba4d8169f",
  "event_type": "player_move",
  "input": {"device":"keyboard","move_sequence":58},
  "player": {"position":{"x":10,"y":8}},
  "goal_reached":false,
  "timestamp":"2026-02-20T00:07:27Z"
}

{
  "session_id": "31ffb25c-80e3-496c-98f6-2e0ba4d8169f",
  "event_type": "player_move",
  "input": {"device":"keyboard","move_sequence":59},
  "player": {"position":{"x":10,"y":9}},
  "goal_reached":false,
  "timestamp":"2026-02-20T00:07:27Z"
}

{
  "session_id": "31ffb25c-80e3-496c-98f6-2e0ba4d8169f",
  "event_type": "player_move",
  "input": {"device":"keyboard","move_sequence":60},
  "player": {"position":{"x":11,"y":9}},
  "goal_reached":false,
  "timestamp":"2026-02-20T00:07:28Z"
}

{
  "session_id": "31ffb25c-80e3-496c-98f6-2e0ba4d8169f",
  "event_type": "player_move",
  "input": {"device":"keyboard","move_sequence":61},
  "player": {"position":{"x":11,"y":8}},
  "goal_reached":false,
  "timestamp":"2026-02-20T00:07:28Z"
}

{
  "session_id": "31ffb25c-80e3-496c-98f6-2e0ba4d8169f",
  "event_type": "player_move",
  "input": {"device":"keyboard","move_sequence":62},
  "player": {"position":{"x":12,"y":8}},
  "goal_reached":false,
  "timestamp":"2026-02-20T00:07:29Z"
}

{
  "session_id": "31ffb25c-80e3-496c-98f6-2e0ba4d8169f",
  "event_type": "player_move",
  "input": {"device":"keyboard","move_sequence":63},
  "player": {"position":{"x":13,"y":8}},
  "goal_reached":false,
  "timestamp":"2026-02-20T00:07:29Z"
}

{
  "session_id": "31ffb25c-80e3-496c-98f6-2e0ba4d8169f",
  "event_type": "player_move",
  "input": {"device":"keyboard","move_sequence":64},
  "player": {"position":{"x":13,"y":9}},
  "goal_reached":false,
  "timestamp":"2026-02-20T00:07:30Z"
}

{
  "session_id": "31ffb25c-80e3-496c-98f6-2e0ba4d8169f",
  "event_type": "player_move",
  "input": {"device":"keyboard","move_sequence":65},
  "player": {"position":{"x":13,"y":10}},
  "goal_reached":false,
  "timestamp":"2026-02-20T00:07:30Z"
}

{
  "session_id": "31ffb25c-80e3-496c-98f6-2e0ba4d8169f",
  "event_type": "player_move",
  "input": {"device":"keyboard","move_sequence":66},
  "player": {"position":{"x":12,"y":10}},
  "goal_reached":false,
  "timestamp":"2026-02-20T00:07:31Z"
}

{
  "session_id": "31ffb25c-80e3-496c-98f6-2e0ba4d8169f",
  "event_type": "player_move",
  "input": {"device":"keyboard","move_sequence":67},
  "player": {"position":{"x":12,"y":11}},
  "goal_reached":false,
  "timestamp":"2026-02-20T00:07:31Z"
}

{
  "session_id": "31ffb25c-80e3-496c-98f6-2e0ba4d8169f",
  "event_type": "player_move",
  "input": {"device":"keyboard","move_sequence":68},
  "player": {"position":{"x":12,"y":12}},
  "goal_reached":false,
  "timestamp":"2026-02-20T00:07:32Z"
}

{
  "session_id": "31ffb25c-80e3-496c-98f6-2e0ba4d8169f",
  "event_type": "player_move",
  "input": {"device":"keyboard","move_sequence":69},
  "player": {"position":{"x":12,"y":13}},
  "goal_reached":false,
  "timestamp":"2026-02-20T00:07:32Z"
}

{
  "session_id": "31ffb25c-80e3-496c-98f6-2e0ba4d8169f",
  "event_type": "player_move",
  "input": {"device":"keyboard","move_sequence":70},
  "player": {"position":{"x":12,"y":14}},
  "goal_reached":false,
  "timestamp":"2026-02-20T00:07:32Z"
}

{
  "session_id": "31ffb25c-80e3-496c-98f6-2e0ba4d8169f",
  "event_type": "player_move",
  "input": {"device":"keyboard","move_sequence":71},
  "player": {"position":{"x":13,"y":14}},
  "goal_reached":false,
  "timestamp":"2026-02-20T00:07:32Z"
}

{
  "session_id": "31ffb25c-80e3-496c-98f6-2e0ba4d8169f",
  "event_type": "player_move",
  "input": {"device":"keyboard","move_sequence":72},
  "player": {"position":{"x":14,"y":14}},
  "goal_reached":false,
  "timestamp":"2026-02-20T00:07:33Z"
}

{
  "session_id": "31ffb25c-80e3-496c-98f6-2e0ba4d8169f",
  "event_type": "player_move",
  "input": {"device":"keyboard","move_sequence":73},
  "player": {"position":{"x":14,"y":13}},
  "goal_reached":false,
  "timestamp":"2026-02-20T00:07:33Z"
}

{
  "session_id": "31ffb25c-80e3-496c-98f6-2e0ba4d8169f",
  "event_type": "player_move",
  "input": {"device":"keyboard","move_sequence":74},
  "player": {"position":{"x":15,"y":13}},
  "goal_reached":false,
  "timestamp":"2026-02-20T00:07:34Z"
}

{
  "session_id": "31ffb25c-80e3-496c-98f6-2e0ba4d8169f",
  "event_type": "player_move",
  "input": {"device":"keyboard","move_sequence":75},
  "player": {"position":{"x":16,"y":13}},
  "goal_reached":false,
  "timestamp":"2026-02-20T00:07:35Z"
}

{
  "session_id": "31ffb25c-80e3-496c-98f6-2e0ba4d8169f",
  "event_type": "player_move",
  "input": {"device":"keyboard","move_sequence":76},
  "player": {"position":{"x":16,"y":14}},
  "goal_reached":false,
  "timestamp":"2026-02-20T00:07:35Z"
}

{
  "session_id": "31ffb25c-80e3-496c-98f6-2e0ba4d8169f",
  "event_type": "player_move",
  "input": {"device":"keyboard","move_sequence":77},
  "player": {"position":{"x":17,"y":14}},
  "goal_reached":false,
  "timestamp":"2026-02-20T00:07:36Z"
}

{
  "session_id": "31ffb25c-80e3-496c-98f6-2e0ba4d8169f",
  "event_type": "player_move",
  "input": {"device":"keyboard","move_sequence":78},
  "player": {"position":{"x":18,"y":14}},
  "goal_reached":false,
  "timestamp":"2026-02-20T00:07:36Z"
}

{
  "session_id": "31ffb25c-80e3-496c-98f6-2e0ba4d8169f",
  "event_type": "player_move",
  "input": {"device":"keyboard","move_sequence":79},
  "player": {"position":{"x":19,"y":14}},
  "goal_reached":false,
  "timestamp":"2026-02-20T00:07:36Z"
}

{
  "session_id": "31ffb25c-80e3-496c-98f6-2e0ba4d8169f",
  "event_type": "player_move",
  "input": {"device":"keyboard","move_sequence":80},
  "player": {"position":{"x":19,"y":13}},
  "goal_reached":false,
  "timestamp":"2026-02-20T00:07:37Z"
}

{
  "session_id": "31ffb25c-80e3-496c-98f6-2e0ba4d8169f",
  "event_type": "player_move",
  "input": {"device":"keyboard","move_sequence":81},
  "player": {"position":{"x":18,"y":13}},
  "goal_reached":false,
  "timestamp":"2026-02-20T00:07:38Z"
}

{
  "session_id": "31ffb25c-80e3-496c-98f6-2e0ba4d8169f",
  "event_type": "player_move",
  "input": {"device":"keyboard","move_sequence":82},
  "player": {"position":{"x":17,"y":13}},
  "goal_reached":false,
  "timestamp":"2026-02-20T00:07:38Z"
}

{
  "session_id": "31ffb25c-80e3-496c-98f6-2e0ba4d8169f",
  "event_type": "player_move",
  "input": {"device":"keyboard","move_sequence":83},
  "player": {"position":{"x":17,"y":12}},
  "goal_reached":false,
  "timestamp":"2026-02-20T00:07:39Z"
}

{
  "session_id": "31ffb25c-80e3-496c-98f6-2e0ba4d8169f",
  "event_type": "player_move",
  "input": {"device":"keyboard","move_sequence":84},
  "player": {"position":{"x":16,"y":12}},
  "goal_reached":false,
  "timestamp":"2026-02-20T00:07:39Z"
}

{
  "session_id": "31ffb25c-80e3-496c-98f6-2e0ba4d8169f",
  "event_type": "player_move",
  "input": {"device":"keyboard","move_sequence":85},
  "player": {"position":{"x":16,"y":11}},
  "goal_reached":false,
  "timestamp":"2026-02-20T00:07:40Z"
}

{
  "session_id": "31ffb25c-80e3-496c-98f6-2e0ba4d8169f",
  "event_type": "player_move",
  "input": {"device":"keyboard","move_sequence":86},
  "player": {"position":{"x":15,"y":11}},
  "goal_reached":false,
  "timestamp":"2026-02-20T00:07:40Z"
}

{
  "session_id": "31ffb25c-80e3-496c-98f6-2e0ba4d8169f",
  "event_type": "player_move",
  "input": {"device":"keyboard","move_sequence":87},
  "player": {"position":{"x":15,"y":12}},
  "goal_reached":false,
  "timestamp":"2026-02-20T00:07:41Z"
}

{
  "session_id": "31ffb25c-80e3-496c-98f6-2e0ba4d8169f",
  "event_type": "player_move",
  "input": {"device":"keyboard","move_sequence":88},
  "player": {"position":{"x":14,"y":12}},
  "goal_reached":false,
  "timestamp":"2026-02-20T00:07:41Z"
}

{
  "session_id": "31ffb25c-80e3-496c-98f6-2e0ba4d8169f",
  "event_type": "player_move",
  "input": {"device":"keyboard","move_sequence":89},
  "player": {"position":{"x":14,"y":11}},
  "goal_reached":false,
  "timestamp":"2026-02-20T00:07:42Z"
}

{
  "session_id": "31ffb25c-80e3-496c-98f6-2e0ba4d8169f",
  "event_type": "player_move",
  "input": {"device":"keyboard","move_sequence":90},
  "player": {"position":{"x":14,"y":10}},
  "goal_reached":false,
  "timestamp":"2026-02-20T00:07:42Z"
}

{
  "session_id": "31ffb25c-80e3-496c-98f6-2e0ba4d8169f",
  "event_type": "player_move",
  "input": {"device":"keyboard","move_sequence":91},
  "player": {"position":{"x":14,"y":9}},
  "goal_reached":false,
  "timestamp":"2026-02-20T00:07:42Z"
}

{
  "session_id": "31ffb25c-80e3-496c-98f6-2e0ba4d8169f",
  "event_type": "player_move",
  "input": {"device":"keyboard","move_sequence":92},
  "player": {"position":{"x":15,"y":9}},
  "goal_reached":false,
  "timestamp":"2026-02-20T00:07:43Z"
}

{
  "session_id": "31ffb25c-80e3-496c-98f6-2e0ba4d8169f",
  "event_type": "player_move",
  "input": {"device":"keyboard","move_sequence":93},
  "player": {"position":{"x":15,"y":10}},
  "goal_reached":false,
  "timestamp":"2026-02-20T00:07:43Z"
}

{
  "session_id": "31ffb25c-80e3-496c-98f6-2e0ba4d8169f",
  "event_type": "player_move",
  "input": {"device":"keyboard","move_sequence":94},
  "player": {"position":{"x":16,"y":10}},
  "goal_reached":false,
  "timestamp":"2026-02-20T00:07:44Z"
}

{
  "session_id": "31ffb25c-80e3-496c-98f6-2e0ba4d8169f",
  "event_type": "player_move",
  "input": {"device":"keyboard","move_sequence":95},
  "player": {"position":{"x":16,"y":9}},
  "goal_reached":false,
  "timestamp":"2026-02-20T00:07:44Z"
}

{
  "session_id": "31ffb25c-80e3-496c-98f6-2e0ba4d8169f",
  "event_type": "player_move",
  "input": {"device":"keyboard","move_sequence":96},
  "player": {"position":{"x":16,"y":8}},
  "goal_reached":false,
  "timestamp":"2026-02-20T00:07:45Z"
}

{
  "session_id": "31ffb25c-80e3-496c-98f6-2e0ba4d8169f",
  "event_type": "player_move",
  "input": {"device":"keyboard","move_sequence":97},
  "player": {"position":{"x":15,"y":8}},
  "goal_reached":false,
  "timestamp":"2026-02-20T00:07:46Z"
}

{
  "session_id": "31ffb25c-80e3-496c-98f6-2e0ba4d8169f",
  "event_type": "player_move",
  "input": {"device":"keyboard","move_sequence":98},
  "player": {"position":{"x":15,"y":7}},
  "goal_reached":false,
  "timestamp":"2026-02-20T00:07:46Z"
}

{
  "session_id": "31ffb25c-80e3-496c-98f6-2e0ba4d8169f",
  "event_type": "player_move",
  "input": {"device":"keyboard","move_sequence":99},
  "player": {"position":{"x":15,"y":6}},
  "goal_reached":false,
  "timestamp":"2026-02-20T00:07:47Z"
}

{
  "session_id": "31ffb25c-80e3-496c-98f6-2e0ba4d8169f",
  "event_type": "player_move",
  "input": {"device":"keyboard","move_sequence":100},
  "player": {"position":{"x":14,"y":6}},
  "goal_reached":false,
  "timestamp":"2026-02-20T00:07:47Z"
}

{
  "session_id": "31ffb25c-80e3-496c-98f6-2e0ba4d8169f",
  "event_type": "player_move",
  "input": {"device":"keyboard","move_sequence":101},
  "player": {"position":{"x":14,"y":7}},
  "goal_reached":false,
  "timestamp":"2026-02-20T00:07:49Z"
}

{
  "session_id": "31ffb25c-80e3-496c-98f6-2e0ba4d8169f",
  "event_type": "player_move",
  "input": {"device":"keyboard","move_sequence":102},
  "player": {"position":{"x":13,"y":7}},
  "goal_reached":false,
  "timestamp":"2026-02-20T00:07:49Z"
}

{
  "session_id": "31ffb25c-80e3-496c-98f6-2e0ba4d8169f",
  "event_type": "player_move",
  "input": {"device":"keyboard","move_sequence":103},
  "player": {"position":{"x":12,"y":7}},
  "goal_reached":false,
  "timestamp":"2026-02-20T00:07:50Z"
}

{
  "session_id": "31ffb25c-80e3-496c-98f6-2e0ba4d8169f",
  "event_type": "player_move",
  "input": {"device":"keyboard","move_sequence":104},
  "player": {"position":{"x":12,"y":6}},
  "goal_reached":false,
  "timestamp":"2026-02-20T00:07:50Z"
}

{
  "session_id": "31ffb25c-80e3-496c-98f6-2e0ba4d8169f",
  "event_type": "player_move",
  "input": {"device":"keyboard","move_sequence":105},
  "player": {"position":{"x":12,"y":5}},
  "goal_reached":false,
  "timestamp":"2026-02-20T00:07:51Z"
}

{
  "session_id": "31ffb25c-80e3-496c-98f6-2e0ba4d8169f",
  "event_type": "player_move",
  "input": {"device":"keyboard","move_sequence":106},
  "player": {"position":{"x":12,"y":4}},
  "goal_reached":false,
  "timestamp":"2026-02-20T00:07:51Z"
}

{
  "session_id": "31ffb25c-80e3-496c-98f6-2e0ba4d8169f",
  "event_type": "player_move",
  "input": {"device":"keyboard","move_sequence":107},
  "player": {"position":{"x":12,"y":3}},
  "goal_reached":false,
  "timestamp":"2026-02-20T00:07:51Z"
}

{
  "session_id": "31ffb25c-80e3-496c-98f6-2e0ba4d8169f",
  "event_type": "player_move",
  "input": {"device":"keyboard","move_sequence":108},
  "player": {"position":{"x":13,"y":3}},
  "goal_reached":false,
  "timestamp":"2026-02-20T00:07:52Z"
}

{
  "session_id": "31ffb25c-80e3-496c-98f6-2e0ba4d8169f",
  "event_type": "player_move",
  "input": {"device":"keyboard","move_sequence":109},
  "player": {"position":{"x":14,"y":3}},
  "goal_reached":false,
  "timestamp":"2026-02-20T00:07:53Z"
}

{
  "session_id": "31ffb25c-80e3-496c-98f6-2e0ba4d8169f",
  "event_type": "player_move",
  "input": {"device":"keyboard","move_sequence":110},
  "player": {"position":{"x":14,"y":4}},
  "goal_reached":false,
  "timestamp":"2026-02-20T00:07:53Z"
}

{
  "session_id": "31ffb25c-80e3-496c-98f6-2e0ba4d8169f",
  "event_type": "player_move",
  "input": {"device":"keyboard","move_sequence":111},
  "player": {"position":{"x":14,"y":5}},
  "goal_reached":false,
  "timestamp":"2026-02-20T00:07:54Z"
}

{
  "session_id": "31ffb25c-80e3-496c-98f6-2e0ba4d8169f",
  "event_type": "player_move",
  "input": {"device":"keyboard","move_sequence":112},
  "player": {"position":{"x":15,"y":5}},
  "goal_reached":false,
  "timestamp":"2026-02-20T00:07:54Z"
}

{
  "session_id": "31ffb25c-80e3-496c-98f6-2e0ba4d8169f",
  "event_type": "player_move",
  "input": {"device":"keyboard","move_sequence":113},
  "player": {"position":{"x":15,"y":4}},
  "goal_reached":false,
  "timestamp":"2026-02-20T00:07:55Z"
}

{
  "session_id": "31ffb25c-80e3-496c-98f6-2e0ba4d8169f",
  "event_type": "player_move",
  "input": {"device":"keyboard","move_sequence":114},
  "player": {"position":{"x":16,"y":4}},
  "goal_reached":false,
  "timestamp":"2026-02-20T00:07:56Z"
}

{
  "session_id": "31ffb25c-80e3-496c-98f6-2e0ba4d8169f",
  "event_type": "player_move",
  "input": {"device":"keyboard","move_sequence":115},
  "player": {"position":{"x":16,"y":3}},
  "goal_reached":false,
  "timestamp":"2026-02-20T00:07:57Z"
}

{
  "session_id": "31ffb25c-80e3-496c-98f6-2e0ba4d8169f",
  "event_type": "player_move",
  "input": {"device":"keyboard","move_sequence":116},
  "player": {"position":{"x":17,"y":3}},
  "goal_reached":false,
  "timestamp":"2026-02-20T00:07:57Z"
}

{
  "session_id": "31ffb25c-80e3-496c-98f6-2e0ba4d8169f",
  "event_type": "player_move",
  "input": {"device":"keyboard","move_sequence":117},
  "player": {"position":{"x":18,"y":3}},
  "goal_reached":false,
  "timestamp":"2026-02-20T00:07:58Z"
}

{
  "session_id": "31ffb25c-80e3-496c-98f6-2e0ba4d8169f",
  "event_type": "player_move",
  "input": {"device":"keyboard","move_sequence":118},
  "player": {"position":{"x":18,"y":4}},
  "goal_reached":false,
  "timestamp":"2026-02-20T00:07:58Z"
}

{
  "session_id": "31ffb25c-80e3-496c-98f6-2e0ba4d8169f",
  "event_type": "player_move",
  "input": {"device":"keyboard","move_sequence":119},
  "player": {"position":{"x":17,"y":4}},
  "goal_reached":false,
  "timestamp":"2026-02-20T00:07:59Z"
}

{
  "session_id": "31ffb25c-80e3-496c-98f6-2e0ba4d8169f",
  "event_type": "player_move",
  "input": {"device":"keyboard","move_sequence":120},
  "player": {"position":{"x":17,"y":5}},
  "goal_reached":false,
  "timestamp":"2026-02-20T00:07:59Z"
}

{
  "session_id": "31ffb25c-80e3-496c-98f6-2e0ba4d8169f",
  "event_type": "player_move",
  "input": {"device":"keyboard","move_sequence":121},
  "player": {"position":{"x":17,"y":6}},
  "goal_reached":false,
  "timestamp":"2026-02-20T00:08:00Z"
}

{
  "session_id": "31ffb25c-80e3-496c-98f6-2e0ba4d8169f",
  "event_type": "player_move",
  "input": {"device":"keyboard","move_sequence":122},
  "player": {"position":{"x":16,"y":6}},
  "goal_reached":false,
  "timestamp":"2026-02-20T00:08:01Z"
}

{
  "session_id": "31ffb25c-80e3-496c-98f6-2e0ba4d8169f",
  "event_type": "player_move",
  "input": {"device":"keyboard","move_sequence":123},
  "player": {"position":{"x":16,"y":7}},
  "goal_reached":false,
  "timestamp":"2026-02-20T00:08:02Z"
}

{
  "session_id": "31ffb25c-80e3-496c-98f6-2e0ba4d8169f",
  "event_type": "player_move",
  "input": {"device":"keyboard","move_sequence":124},
  "player": {"position":{"x":17,"y":7}},
  "goal_reached":false,
  "timestamp":"2026-02-20T00:08:02Z"
}

{
  "session_id": "31ffb25c-80e3-496c-98f6-2e0ba4d8169f",
  "event_type": "player_move",
  "input": {"device":"keyboard","move_sequence":125},
  "player": {"position":{"x":17,"y":8}},
  "goal_reached":false,
  "timestamp":"2026-02-20T00:08:04Z"
}

{
  "session_id": "31ffb25c-80e3-496c-98f6-2e0ba4d8169f",
  "event_type": "player_move",
  "input": {"device":"keyboard","move_sequence":126},
  "player": {"position":{"x":17,"y":9}},
  "goal_reached":false,
  "timestamp":"2026-02-20T00:08:04Z"
}

{
  "session_id": "31ffb25c-80e3-496c-98f6-2e0ba4d8169f",
  "event_type": "player_move",
  "input": {"device":"keyboard","move_sequence":127},
  "player": {"position":{"x":18,"y":9}},
  "goal_reached":false,
  "timestamp":"2026-02-20T00:08:05Z"
}

{
  "session_id": "31ffb25c-80e3-496c-98f6-2e0ba4d8169f",
  "event_type": "player_move",
  "input": {"device":"keyboard","move_sequence":128},
  "player": {"position":{"x":18,"y":10}},
  "goal_reached":false,
  "timestamp":"2026-02-20T00:08:06Z"
}

{
  "session_id": "31ffb25c-80e3-496c-98f6-2e0ba4d8169f",
  "event_type": "player_move",
  "input": {"device":"keyboard","move_sequence":129},
  "player": {"position":{"x":19,"y":10}},
  "goal_reached":false,
  "timestamp":"2026-02-20T00:08:06Z"
}

{
  "session_id": "31ffb25c-80e3-496c-98f6-2e0ba4d8169f",
  "event_type": "player_move",
  "input": {"device":"keyboard","move_sequence":130},
  "player": {"position":{"x":19,"y":11}},
  "goal_reached":false,
  "timestamp":"2026-02-20T00:08:07Z"
}

{
  "session_id": "31ffb25c-80e3-496c-98f6-2e0ba4d8169f",
  "event_type": "player_move",
  "input": {"device":"keyboard","move_sequence":131},
  "player": {"position":{"x":18,"y":11}},
  "goal_reached":false,
  "timestamp":"2026-02-20T00:08:07Z"
}

{
  "session_id": "31ffb25c-80e3-496c-98f6-2e0ba4d8169f",
  "event_type": "player_move",
  "input": {"device":"keyboard","move_sequence":132},
  "player": {"position":{"x":18,"y":12}},
  "goal_reached":false,
  "timestamp":"2026-02-20T00:08:08Z"
}

{
  "session_id": "31ffb25c-80e3-496c-98f6-2e0ba4d8169f",
  "event_type": "player_move",
  "input": {"device":"keyboard","move_sequence":133},
  "player": {"position":{"x":19,"y":12}},
  "goal_reached":false,
  "timestamp":"2026-02-20T00:08:08Z"
}

{
  "session_id": "31ffb25c-80e3-496c-98f6-2e0ba4d8169f",
  "event_type": "player_move",
  "input": {"device":"keyboard","move_sequence":134},
  "player": {"position":{"x":20,"y":12}},
  "goal_reached":false,
  "timestamp":"2026-02-20T00:08:09Z"
}

{
  "session_id": "31ffb25c-80e3-496c-98f6-2e0ba4d8169f",
  "event_type": "player_move",
  "input": {"device":"keyboard","move_sequence":135},
  "player": {"position":{"x":20,"y":13}},
  "goal_reached":false,
  "timestamp":"2026-02-20T00:08:09Z"
}

{
  "session_id": "31ffb25c-80e3-496c-98f6-2e0ba4d8169f",
  "event_type": "player_move",
  "input": {"device":"keyboard","move_sequence":136},
  "player": {"position":{"x":20,"y":14}},
  "goal_reached":true,
  "timestamp":"2026-02-20T00:08:10Z"
}

{
  "session_id": "4eb378ad-cbe9-457b-a275-69dcacb8cdef",
  "event_type": "player_move",
  "input": {"device":"keyboard","move_sequence":1},
  "player": {"position":{"x":1,"y":0}},
  "goal_reached":false,
  "timestamp":"2026-02-20T00:30:42Z"
}

{
  "session_id": "4eb378ad-cbe9-457b-a275-69dcacb8cdef",
  "event_type": "player_move",
  "input": {"device":"keyboard","move_sequence":2},
  "player": {"position":{"x":1,"y":1}},
  "goal_reached":false,
  "timestamp":"2026-02-20T00:30:43Z"
}

{
  "session_id": "4eb378ad-cbe9-457b-a275-69dcacb8cdef",
  "event_type": "player_move",
  "input": {"device":"keyboard","move_sequence":3},
  "player": {"position":{"x":1,"y":2}},
  "goal_reached":false,
  "timestamp":"2026-02-20T00:30:43Z"
}

{
  "session_id": "4eb378ad-cbe9-457b-a275-69dcacb8cdef",
  "event_type": "player_move",
  "input": {"device":"keyboard","move_sequence":4},
  "player": {"position":{"x":2,"y":2}},
  "goal_reached":false,
  "timestamp":"2026-02-20T00:30:44Z"
}

{
  "session_id": "4eb378ad-cbe9-457b-a275-69dcacb8cdef",
  "event_type": "player_move",
  "input": {"device":"keyboard","move_sequence":5},
  "player": {"position":{"x":2,"y":1}},
  "goal_reached":false,
  "timestamp":"2026-02-20T00:30:44Z"
}

{
  "session_id": "4eb378ad-cbe9-457b-a275-69dcacb8cdef",
  "event_type": "player_move",
  "input": {"device":"keyboard","move_sequence":6},
  "player": {"position":{"x":2,"y":0}},
  "goal_reached":false,
  "timestamp":"2026-02-20T00:30:44Z"
}

{
  "session_id": "4eb378ad-cbe9-457b-a275-69dcacb8cdef",
  "event_type": "player_move",
  "input": {"device":"keyboard","move_sequence":7},
  "player": {"position":{"x":3,"y":0}},
  "goal_reached":false,
  "timestamp":"2026-02-20T00:30:45Z"
}

{
  "session_id": "4eb378ad-cbe9-457b-a275-69dcacb8cdef",
  "event_type": "player_move",
  "input": {"device":"keyboard","move_sequence":8},
  "player": {"position":{"x":3,"y":1}},
  "goal_reached":false,
  "timestamp":"2026-02-20T00:30:45Z"
}

{
  "session_id": "4eb378ad-cbe9-457b-a275-69dcacb8cdef",
  "event_type": "player_move",
  "input": {"device":"keyboard","move_sequence":9},
  "player": {"position":{"x":4,"y":1}},
  "goal_reached":false,
  "timestamp":"2026-02-20T00:30:50Z"
}

{
  "session_id": "4eb378ad-cbe9-457b-a275-69dcacb8cdef",
  "event_type": "player_move",
  "input": {"device":"keyboard","move_sequence":10},
  "player": {"position":{"x":4,"y":0}},
  "goal_reached":false,
  "timestamp":"2026-02-20T00:30:51Z"
}

{
  "session_id": "4eb378ad-cbe9-457b-a275-69dcacb8cdef",
  "event_type": "player_move",
  "input": {"device":"keyboard","move_sequence":11},
  "player": {"position":{"x":5,"y":0}},
  "goal_reached":false,
  "timestamp":"2026-02-20T00:30:52Z"
}

{
  "session_id": "4eb378ad-cbe9-457b-a275-69dcacb8cdef",
  "event_type": "player_move",
  "input": {"device":"keyboard","move_sequence":12},
  "player": {"position":{"x":6,"y":0}},
  "goal_reached":false,
  "timestamp":"2026-02-20T00:30:53Z"
}

{
  "session_id": "4eb378ad-cbe9-457b-a275-69dcacb8cdef",
  "event_type": "player_move",
  "input": {"device":"keyboard","move_sequence":13},
  "player": {"position":{"x":6,"y":1}},
  "goal_reached":false,
  "timestamp":"2026-02-20T00:30:53Z"
}

{
  "session_id": "4eb378ad-cbe9-457b-a275-69dcacb8cdef",
  "event_type": "player_move",
  "input": {"device":"keyboard","move_sequence":14},
  "player": {"position":{"x":7,"y":1}},
  "goal_reached":false,
  "timestamp":"2026-02-20T00:30:53Z"
}

{
  "session_id": "4eb378ad-cbe9-457b-a275-69dcacb8cdef",
  "event_type": "player_move",
  "input": {"device":"keyboard","move_sequence":15},
  "player": {"position":{"x":8,"y":1}},
  "goal_reached":false,
  "timestamp":"2026-02-20T00:30:54Z"
}

{
  "session_id": "4eb378ad-cbe9-457b-a275-69dcacb8cdef",
  "event_type": "player_move",
  "input": {"device":"keyboard","move_sequence":16},
  "player": {"position":{"x":9,"y":1}},
  "goal_reached":false,
  "timestamp":"2026-02-20T00:30:54Z"
}

{
  "session_id": "4eb378ad-cbe9-457b-a275-69dcacb8cdef",
  "event_type": "player_move",
  "input": {"device":"keyboard","move_sequence":17},
  "player": {"position":{"x":9,"y":0}},
  "goal_reached":false,
  "timestamp":"2026-02-20T00:30:55Z"
}

{
  "session_id": "4eb378ad-cbe9-457b-a275-69dcacb8cdef",
  "event_type": "player_move",
  "input": {"device":"keyboard","move_sequence":18},
  "player": {"position":{"x":10,"y":0}},
  "goal_reached":false,
  "timestamp":"2026-02-20T00:30:55Z"
}

{
  "session_id": "4eb378ad-cbe9-457b-a275-69dcacb8cdef",
  "event_type": "player_move",
  "input": {"device":"keyboard","move_sequence":19},
  "player": {"position":{"x":11,"y":0}},
  "goal_reached":false,
  "timestamp":"2026-02-20T00:30:56Z"
}

{
  "session_id": "4eb378ad-cbe9-457b-a275-69dcacb8cdef",
  "event_type": "player_move",
  "input": {"device":"keyboard","move_sequence":20},
  "player": {"position":{"x":12,"y":0}},
  "goal_reached":false,
  "timestamp":"2026-02-20T00:30:56Z"
}

{
  "session_id": "4eb378ad-cbe9-457b-a275-69dcacb8cdef",
  "event_type": "player_move",
  "input": {"device":"keyboard","move_sequence":21},
  "player": {"position":{"x":12,"y":1}},
  "goal_reached":false,
  "timestamp":"2026-02-20T00:30:56Z"
}

{
  "session_id": "4eb378ad-cbe9-457b-a275-69dcacb8cdef",
  "event_type": "player_move",
  "input": {"device":"keyboard","move_sequence":22},
  "player": {"position":{"x":11,"y":1}},
  "goal_reached":false,
  "timestamp":"2026-02-20T00:30:57Z"
}

{
  "session_id": "4eb378ad-cbe9-457b-a275-69dcacb8cdef",
  "event_type": "player_move",
  "input": {"device":"keyboard","move_sequence":23},
  "player": {"position":{"x":10,"y":1}},
  "goal_reached":false,
  "timestamp":"2026-02-20T00:30:57Z"
}

{
  "session_id": "4eb378ad-cbe9-457b-a275-69dcacb8cdef",
  "event_type": "player_move",
  "input": {"device":"keyboard","move_sequence":24},
  "player": {"position":{"x":10,"y":2}},
  "goal_reached":false,
  "timestamp":"2026-02-20T00:30:58Z"
}

{
  "session_id": "4eb378ad-cbe9-457b-a275-69dcacb8cdef",
  "event_type": "player_move",
  "input": {"device":"keyboard","move_sequence":25},
  "player": {"position":{"x":11,"y":2}},
  "goal_reached":false,
  "timestamp":"2026-02-20T00:30:58Z"
}

{
  "session_id": "4eb378ad-cbe9-457b-a275-69dcacb8cdef",
  "event_type": "player_move",
  "input": {"device":"keyboard","move_sequence":26},
  "player": {"position":{"x":12,"y":2}},
  "goal_reached":false,
  "timestamp":"2026-02-20T00:30:59Z"
}

{
  "session_id": "4eb378ad-cbe9-457b-a275-69dcacb8cdef",
  "event_type": "player_move",
  "input": {"device":"keyboard","move_sequence":27},
  "player": {"position":{"x":13,"y":2}},
  "goal_reached":false,
  "timestamp":"2026-02-20T00:30:59Z"
}

{
  "session_id": "4eb378ad-cbe9-457b-a275-69dcacb8cdef",
  "event_type": "player_move",
  "input": {"device":"keyboard","move_sequence":28},
  "player": {"position":{"x":14,"y":2}},
  "goal_reached":false,
  "timestamp":"2026-02-20T00:30:59Z"
}

{
  "session_id": "4eb378ad-cbe9-457b-a275-69dcacb8cdef",
  "event_type": "player_move",
  "input": {"device":"keyboard","move_sequence":29},
  "player": {"position":{"x":15,"y":2}},
  "goal_reached":false,
  "timestamp":"2026-02-20T00:30:59Z"
}

{
  "session_id": "4eb378ad-cbe9-457b-a275-69dcacb8cdef",
  "event_type": "player_move",
  "input": {"device":"keyboard","move_sequence":30},
  "player": {"position":{"x":16,"y":2}},
  "goal_reached":false,
  "timestamp":"2026-02-20T00:30:59Z"
}

{
  "session_id": "4eb378ad-cbe9-457b-a275-69dcacb8cdef",
  "event_type": "player_move",
  "input": {"device":"keyboard","move_sequence":31},
  "player": {"position":{"x":16,"y":1}},
  "goal_reached":false,
  "timestamp":"2026-02-20T00:31:00Z"
}

{
  "session_id": "4eb378ad-cbe9-457b-a275-69dcacb8cdef",
  "event_type": "player_move",
  "input": {"device":"keyboard","move_sequence":32},
  "player": {"position":{"x":15,"y":1}},
  "goal_reached":false,
  "timestamp":"2026-02-20T00:31:00Z"
}

{
  "session_id": "4eb378ad-cbe9-457b-a275-69dcacb8cdef",
  "event_type": "player_move",
  "input": {"device":"keyboard","move_sequence":33},
  "player": {"position":{"x":14,"y":1}},
  "goal_reached":false,
  "timestamp":"2026-02-20T00:31:01Z"
}

{
  "session_id": "4eb378ad-cbe9-457b-a275-69dcacb8cdef",
  "event_type": "player_move",
  "input": {"device":"keyboard","move_sequence":34},
  "player": {"position":{"x":13,"y":1}},
  "goal_reached":false,
  "timestamp":"2026-02-20T00:31:01Z"
}

{
  "session_id": "4eb378ad-cbe9-457b-a275-69dcacb8cdef",
  "event_type": "player_move",
  "input": {"device":"keyboard","move_sequence":35},
  "player": {"position":{"x":13,"y":0}},
  "goal_reached":false,
  "timestamp":"2026-02-20T00:31:02Z"
}

{
  "session_id": "4eb378ad-cbe9-457b-a275-69dcacb8cdef",
  "event_type": "player_move",
  "input": {"device":"keyboard","move_sequence":36},
  "player": {"position":{"x":14,"y":0}},
  "goal_reached":false,
  "timestamp":"2026-02-20T00:31:02Z"
}

{
  "session_id": "4eb378ad-cbe9-457b-a275-69dcacb8cdef",
  "event_type": "player_move",
  "input": {"device":"keyboard","move_sequence":37},
  "player": {"position":{"x":15,"y":0}},
  "goal_reached":false,
  "timestamp":"2026-02-20T00:31:02Z"
}

{
  "session_id": "4eb378ad-cbe9-457b-a275-69dcacb8cdef",
  "event_type": "player_move",
  "input": {"device":"keyboard","move_sequence":38},
  "player": {"position":{"x":16,"y":0}},
  "goal_reached":false,
  "timestamp":"2026-02-20T00:31:03Z"
}

{
  "session_id": "4eb378ad-cbe9-457b-a275-69dcacb8cdef",
  "event_type": "player_move",
  "input": {"device":"keyboard","move_sequence":39},
  "player": {"position":{"x":17,"y":0}},
  "goal_reached":false,
  "timestamp":"2026-02-20T00:31:03Z"
}

{
  "session_id": "4eb378ad-cbe9-457b-a275-69dcacb8cdef",
  "event_type": "player_move",
  "input": {"device":"keyboard","move_sequence":40},
  "player": {"position":{"x":18,"y":0}},
  "goal_reached":false,
  "timestamp":"2026-02-20T00:31:03Z"
}

{
  "session_id": "4eb378ad-cbe9-457b-a275-69dcacb8cdef",
  "event_type": "player_move",
  "input": {"device":"keyboard","move_sequence":41},
  "player": {"position":{"x":18,"y":1}},
  "goal_reached":false,
  "timestamp":"2026-02-20T00:31:03Z"
}

{
  "session_id": "4eb378ad-cbe9-457b-a275-69dcacb8cdef",
  "event_type": "player_move",
  "input": {"device":"keyboard","move_sequence":42},
  "player": {"position":{"x":18,"y":2}},
  "goal_reached":false,
  "timestamp":"2026-02-20T00:31:04Z"
}

{
  "session_id": "4eb378ad-cbe9-457b-a275-69dcacb8cdef",
  "event_type": "player_move",
  "input": {"device":"keyboard","move_sequence":43},
  "player": {"position":{"x":18,"y":3}},
  "goal_reached":false,
  "timestamp":"2026-02-20T00:31:04Z"
}

{
  "session_id": "4eb378ad-cbe9-457b-a275-69dcacb8cdef",
  "event_type": "player_move",
  "input": {"device":"keyboard","move_sequence":44},
  "player": {"position":{"x":17,"y":3}},
  "goal_reached":false,
  "timestamp":"2026-02-20T00:31:05Z"
}

{
  "session_id": "4eb378ad-cbe9-457b-a275-69dcacb8cdef",
  "event_type": "player_move",
  "input": {"device":"keyboard","move_sequence":45},
  "player": {"position":{"x":16,"y":3}},
  "goal_reached":false,
  "timestamp":"2026-02-20T00:31:05Z"
}

{
  "session_id": "4eb378ad-cbe9-457b-a275-69dcacb8cdef",
  "event_type": "player_move",
  "input": {"device":"keyboard","move_sequence":46},
  "player": {"position":{"x":15,"y":3}},
  "goal_reached":false,
  "timestamp":"2026-02-20T00:31:06Z"
}

{
  "session_id": "4eb378ad-cbe9-457b-a275-69dcacb8cdef",
  "event_type": "player_move",
  "input": {"device":"keyboard","move_sequence":47},
  "player": {"position":{"x":14,"y":3}},
  "goal_reached":false,
  "timestamp":"2026-02-20T00:31:06Z"
}

{
  "session_id": "4eb378ad-cbe9-457b-a275-69dcacb8cdef",
  "event_type": "player_move",
  "input": {"device":"keyboard","move_sequence":48},
  "player": {"position":{"x":14,"y":4}},
  "goal_reached":false,
  "timestamp":"2026-02-20T00:31:06Z"
}

{
  "session_id": "4eb378ad-cbe9-457b-a275-69dcacb8cdef",
  "event_type": "player_move",
  "input": {"device":"keyboard","move_sequence":49},
  "player": {"position":{"x":14,"y":5}},
  "goal_reached":false,
  "timestamp":"2026-02-20T00:31:07Z"
}

{
  "session_id": "4eb378ad-cbe9-457b-a275-69dcacb8cdef",
  "event_type": "player_move",
  "input": {"device":"keyboard","move_sequence":50},
  "player": {"position":{"x":14,"y":6}},
  "goal_reached":false,
  "timestamp":"2026-02-20T00:31:07Z"
}

{
  "session_id": "4eb378ad-cbe9-457b-a275-69dcacb8cdef",
  "event_type": "player_move",
  "input": {"device":"keyboard","move_sequence":51},
  "player": {"position":{"x":13,"y":6}},
  "goal_reached":false,
  "timestamp":"2026-02-20T00:31:08Z"
}

{
  "session_id": "4eb378ad-cbe9-457b-a275-69dcacb8cdef",
  "event_type": "player_move",
  "input": {"device":"keyboard","move_sequence":52},
  "player": {"position":{"x":13,"y":5}},
  "goal_reached":false,
  "timestamp":"2026-02-20T00:31:08Z"
}

{
  "session_id": "4eb378ad-cbe9-457b-a275-69dcacb8cdef",
  "event_type": "player_move",
  "input": {"device":"keyboard","move_sequence":53},
  "player": {"position":{"x":12,"y":5}},
  "goal_reached":false,
  "timestamp":"2026-02-20T00:31:09Z"
}

{
  "session_id": "4eb378ad-cbe9-457b-a275-69dcacb8cdef",
  "event_type": "player_move",
  "input": {"device":"keyboard","move_sequence":54},
  "player": {"position":{"x":12,"y":4}},
  "goal_reached":false,
  "timestamp":"2026-02-20T00:31:09Z"
}

{
  "session_id": "4eb378ad-cbe9-457b-a275-69dcacb8cdef",
  "event_type": "player_move",
  "input": {"device":"keyboard","move_sequence":55},
  "player": {"position":{"x":12,"y":3}},
  "goal_reached":false,
  "timestamp":"2026-02-20T00:31:10Z"
}

{
  "session_id": "4eb378ad-cbe9-457b-a275-69dcacb8cdef",
  "event_type": "player_move",
  "input": {"device":"keyboard","move_sequence":56},
  "player": {"position":{"x":11,"y":3}},
  "goal_reached":false,
  "timestamp":"2026-02-20T00:31:10Z"
}

{
  "session_id": "4eb378ad-cbe9-457b-a275-69dcacb8cdef",
  "event_type": "player_move",
  "input": {"device":"keyboard","move_sequence":57},
  "player": {"position":{"x":11,"y":4}},
  "goal_reached":false,
  "timestamp":"2026-02-20T00:31:11Z"
}

{
  "session_id": "4eb378ad-cbe9-457b-a275-69dcacb8cdef",
  "event_type": "player_move",
  "input": {"device":"keyboard","move_sequence":58},
  "player": {"position":{"x":10,"y":4}},
  "goal_reached":false,
  "timestamp":"2026-02-20T00:31:11Z"
}

{
  "session_id": "4eb378ad-cbe9-457b-a275-69dcacb8cdef",
  "event_type": "player_move",
  "input": {"device":"keyboard","move_sequence":59},
  "player": {"position":{"x":10,"y":3}},
  "goal_reached":false,
  "timestamp":"2026-02-20T00:31:12Z"
}

{
  "session_id": "4eb378ad-cbe9-457b-a275-69dcacb8cdef",
  "event_type": "player_move",
  "input": {"device":"keyboard","move_sequence":60},
  "player": {"position":{"x":9,"y":3}},
  "goal_reached":false,
  "timestamp":"2026-02-20T00:31:13Z"
}

{
  "session_id": "4eb378ad-cbe9-457b-a275-69dcacb8cdef",
  "event_type": "player_move",
  "input": {"device":"keyboard","move_sequence":61},
  "player": {"position":{"x":9,"y":4}},
  "goal_reached":false,
  "timestamp":"2026-02-20T00:31:14Z"
}

{
  "session_id": "4eb378ad-cbe9-457b-a275-69dcacb8cdef",
  "event_type": "player_move",
  "input": {"device":"keyboard","move_sequence":62},
  "player": {"position":{"x":9,"y":5}},
  "goal_reached":false,
  "timestamp":"2026-02-20T00:31:14Z"
}

{
  "session_id": "4eb378ad-cbe9-457b-a275-69dcacb8cdef",
  "event_type": "player_move",
  "input": {"device":"keyboard","move_sequence":63},
  "player": {"position":{"x":8,"y":5}},
  "goal_reached":false,
  "timestamp":"2026-02-20T00:31:15Z"
}

{
  "session_id": "4eb378ad-cbe9-457b-a275-69dcacb8cdef",
  "event_type": "player_move",
  "input": {"device":"keyboard","move_sequence":64},
  "player": {"position":{"x":7,"y":5}},
  "goal_reached":false,
  "timestamp":"2026-02-20T00:31:15Z"
}

{
  "session_id": "4eb378ad-cbe9-457b-a275-69dcacb8cdef",
  "event_type": "player_move",
  "input": {"device":"keyboard","move_sequence":65},
  "player": {"position":{"x":7,"y":4}},
  "goal_reached":false,
  "timestamp":"2026-02-20T00:31:16Z"
}

{
  "session_id": "4eb378ad-cbe9-457b-a275-69dcacb8cdef",
  "event_type": "player_move",
  "input": {"device":"keyboard","move_sequence":66},
  "player": {"position":{"x":7,"y":3}},
  "goal_reached":false,
  "timestamp":"2026-02-20T00:31:16Z"
}

{
  "session_id": "4eb378ad-cbe9-457b-a275-69dcacb8cdef",
  "event_type": "player_move",
  "input": {"device":"keyboard","move_sequence":67},
  "player": {"position":{"x":7,"y":4}},
  "goal_reached":false,
  "timestamp":"2026-02-20T00:31:17Z"
}

{
  "session_id": "4eb378ad-cbe9-457b-a275-69dcacb8cdef",
  "event_type": "player_move",
  "input": {"device":"keyboard","move_sequence":68},
  "player": {"position":{"x":7,"y":3}},
  "goal_reached":false,
  "timestamp":"2026-02-20T00:31:18Z"
}

{
  "session_id": "4eb378ad-cbe9-457b-a275-69dcacb8cdef",
  "event_type": "player_move",
  "input": {"device":"keyboard","move_sequence":69},
  "player": {"position":{"x":8,"y":3}},
  "goal_reached":false,
  "timestamp":"2026-02-20T00:31:18Z"
}

{
  "session_id": "4eb378ad-cbe9-457b-a275-69dcacb8cdef",
  "event_type": "player_move",
  "input": {"device":"keyboard","move_sequence":70},
  "player": {"position":{"x":8,"y":2}},
  "goal_reached":false,
  "timestamp":"2026-02-20T00:31:21Z"
}

{
  "session_id": "4eb378ad-cbe9-457b-a275-69dcacb8cdef",
  "event_type": "player_move",
  "input": {"device":"keyboard","move_sequence":71},
  "player": {"position":{"x":7,"y":2}},
  "goal_reached":false,
  "timestamp":"2026-02-20T00:31:21Z"
}

{
  "session_id": "4eb378ad-cbe9-457b-a275-69dcacb8cdef",
  "event_type": "player_move",
  "input": {"device":"keyboard","move_sequence":72},
  "player": {"position":{"x":6,"y":2}},
  "goal_reached":false,
  "timestamp":"2026-02-20T00:31:22Z"
}

{
  "session_id": "4eb378ad-cbe9-457b-a275-69dcacb8cdef",
  "event_type": "player_move",
  "input": {"device":"keyboard","move_sequence":73},
  "player": {"position":{"x":5,"y":2}},
  "goal_reached":false,
  "timestamp":"2026-02-20T00:31:22Z"
}

{
  "session_id": "4eb378ad-cbe9-457b-a275-69dcacb8cdef",
  "event_type": "player_move",
  "input": {"device":"keyboard","move_sequence":74},
  "player": {"position":{"x":5,"y":3}},
  "goal_reached":false,
  "timestamp":"2026-02-20T00:31:23Z"
}

{
  "session_id": "4eb378ad-cbe9-457b-a275-69dcacb8cdef",
  "event_type": "player_move",
  "input": {"device":"keyboard","move_sequence":75},
  "player": {"position":{"x":6,"y":3}},
  "goal_reached":false,
  "timestamp":"2026-02-20T00:31:23Z"
}

{
  "session_id": "4eb378ad-cbe9-457b-a275-69dcacb8cdef",
  "event_type": "player_move",
  "input": {"device":"keyboard","move_sequence":76},
  "player": {"position":{"x":6,"y":4}},
  "goal_reached":false,
  "timestamp":"2026-02-20T00:31:24Z"
}

{
  "session_id": "4eb378ad-cbe9-457b-a275-69dcacb8cdef",
  "event_type": "player_move",
  "input": {"device":"keyboard","move_sequence":77},
  "player": {"position":{"x":5,"y":4}},
  "goal_reached":false,
  "timestamp":"2026-02-20T00:31:24Z"
}

{
  "session_id": "4eb378ad-cbe9-457b-a275-69dcacb8cdef",
  "event_type": "player_move",
  "input": {"device":"keyboard","move_sequence":78},
  "player": {"position":{"x":4,"y":4}},
  "goal_reached":false,
  "timestamp":"2026-02-20T00:31:25Z"
}

{
  "session_id": "4eb378ad-cbe9-457b-a275-69dcacb8cdef",
  "event_type": "player_move",
  "input": {"device":"keyboard","move_sequence":79},
  "player": {"position":{"x":3,"y":4}},
  "goal_reached":false,
  "timestamp":"2026-02-20T00:31:25Z"
}

{
  "session_id": "4eb378ad-cbe9-457b-a275-69dcacb8cdef",
  "event_type": "player_move",
  "input": {"device":"keyboard","move_sequence":80},
  "player": {"position":{"x":2,"y":4}},
  "goal_reached":false,
  "timestamp":"2026-02-20T00:31:25Z"
}

{
  "session_id": "4eb378ad-cbe9-457b-a275-69dcacb8cdef",
  "event_type": "player_move",
  "input": {"device":"keyboard","move_sequence":81},
  "player": {"position":{"x":1,"y":4}},
  "goal_reached":false,
  "timestamp":"2026-02-20T00:31:25Z"
}

{
  "session_id": "4eb378ad-cbe9-457b-a275-69dcacb8cdef",
  "event_type": "player_move",
  "input": {"device":"keyboard","move_sequence":82},
  "player": {"position":{"x":1,"y":5}},
  "goal_reached":false,
  "timestamp":"2026-02-20T00:31:26Z"
}

{
  "session_id": "4eb378ad-cbe9-457b-a275-69dcacb8cdef",
  "event_type": "player_move",
  "input": {"device":"keyboard","move_sequence":83},
  "player": {"position":{"x":0,"y":5}},
  "goal_reached":false,
  "timestamp":"2026-02-20T00:31:26Z"
}

{
  "session_id": "4eb378ad-cbe9-457b-a275-69dcacb8cdef",
  "event_type": "player_move",
  "input": {"device":"keyboard","move_sequence":84},
  "player": {"position":{"x":0,"y":6}},
  "goal_reached":false,
  "timestamp":"2026-02-20T00:31:27Z"
}

{
  "session_id": "4eb378ad-cbe9-457b-a275-69dcacb8cdef",
  "event_type": "player_move",
  "input": {"device":"keyboard","move_sequence":85},
  "player": {"position":{"x":1,"y":6}},
  "goal_reached":false,
  "timestamp":"2026-02-20T00:31:27Z"
}

{
  "session_id": "4eb378ad-cbe9-457b-a275-69dcacb8cdef",
  "event_type": "player_move",
  "input": {"device":"keyboard","move_sequence":86},
  "player": {"position":{"x":1,"y":7}},
  "goal_reached":false,
  "timestamp":"2026-02-20T00:31:28Z"
}

{
  "session_id": "4eb378ad-cbe9-457b-a275-69dcacb8cdef",
  "event_type": "player_move",
  "input": {"device":"keyboard","move_sequence":87},
  "player": {"position":{"x":0,"y":7}},
  "goal_reached":false,
  "timestamp":"2026-02-20T00:31:28Z"
}

{
  "session_id": "4eb378ad-cbe9-457b-a275-69dcacb8cdef",
  "event_type": "player_move",
  "input": {"device":"keyboard","move_sequence":88},
  "player": {"position":{"x":0,"y":8}},
  "goal_reached":false,
  "timestamp":"2026-02-20T00:31:29Z"
}

{
  "session_id": "4eb378ad-cbe9-457b-a275-69dcacb8cdef",
  "event_type": "player_move",
  "input": {"device":"keyboard","move_sequence":89},
  "player": {"position":{"x":1,"y":8}},
  "goal_reached":false,
  "timestamp":"2026-02-20T00:31:29Z"
}

{
  "session_id": "4eb378ad-cbe9-457b-a275-69dcacb8cdef",
  "event_type": "player_move",
  "input": {"device":"keyboard","move_sequence":90},
  "player": {"position":{"x":2,"y":8}},
  "goal_reached":false,
  "timestamp":"2026-02-20T00:31:30Z"
}

{
  "session_id": "4eb378ad-cbe9-457b-a275-69dcacb8cdef",
  "event_type": "player_move",
  "input": {"device":"keyboard","move_sequence":91},
  "player": {"position":{"x":2,"y":9}},
  "goal_reached":false,
  "timestamp":"2026-02-20T00:31:31Z"
}

{
  "session_id": "4eb378ad-cbe9-457b-a275-69dcacb8cdef",
  "event_type": "player_move",
  "input": {"device":"keyboard","move_sequence":92},
  "player": {"position":{"x":1,"y":9}},
  "goal_reached":false,
  "timestamp":"2026-02-20T00:31:31Z"
}

{
  "session_id": "4eb378ad-cbe9-457b-a275-69dcacb8cdef",
  "event_type": "player_move",
  "input": {"device":"keyboard","move_sequence":93},
  "player": {"position":{"x":0,"y":9}},
  "goal_reached":false,
  "timestamp":"2026-02-20T00:31:31Z"
}

{
  "session_id": "4eb378ad-cbe9-457b-a275-69dcacb8cdef",
  "event_type": "player_move",
  "input": {"device":"keyboard","move_sequence":94},
  "player": {"position":{"x":0,"y":10}},
  "goal_reached":false,
  "timestamp":"2026-02-20T00:31:32Z"
}

{
  "session_id": "4eb378ad-cbe9-457b-a275-69dcacb8cdef",
  "event_type": "player_move",
  "input": {"device":"keyboard","move_sequence":95},
  "player": {"position":{"x":0,"y":11}},
  "goal_reached":false,
  "timestamp":"2026-02-20T00:31:33Z"
}

{
  "session_id": "4eb378ad-cbe9-457b-a275-69dcacb8cdef",
  "event_type": "player_move",
  "input": {"device":"keyboard","move_sequence":96},
  "player": {"position":{"x":0,"y":12}},
  "goal_reached":false,
  "timestamp":"2026-02-20T00:31:33Z"
}

{
  "session_id": "4eb378ad-cbe9-457b-a275-69dcacb8cdef",
  "event_type": "player_move",
  "input": {"device":"keyboard","move_sequence":97},
  "player": {"position":{"x":0,"y":13}},
  "goal_reached":false,
  "timestamp":"2026-02-20T00:31:33Z"
}

{
  "session_id": "4eb378ad-cbe9-457b-a275-69dcacb8cdef",
  "event_type": "player_move",
  "input": {"device":"keyboard","move_sequence":98},
  "player": {"position":{"x":1,"y":13}},
  "goal_reached":false,
  "timestamp":"2026-02-20T00:31:34Z"
}

{
  "session_id": "4eb378ad-cbe9-457b-a275-69dcacb8cdef",
  "event_type": "player_move",
  "input": {"device":"keyboard","move_sequence":99},
  "player": {"position":{"x":1,"y":14}},
  "goal_reached":false,
  "timestamp":"2026-02-20T00:31:34Z"
}

{
  "session_id": "4eb378ad-cbe9-457b-a275-69dcacb8cdef",
  "event_type": "player_move",
  "input": {"device":"keyboard","move_sequence":100},
  "player": {"position":{"x":2,"y":14}},
  "goal_reached":false,
  "timestamp":"2026-02-20T00:31:35Z"
}

{
  "session_id": "4eb378ad-cbe9-457b-a275-69dcacb8cdef",
  "event_type": "player_move",
  "input": {"device":"keyboard","move_sequence":101},
  "player": {"position":{"x":2,"y":13}},
  "goal_reached":false,
  "timestamp":"2026-02-20T00:31:35Z"
}

{
  "session_id": "4eb378ad-cbe9-457b-a275-69dcacb8cdef",
  "event_type": "player_move",
  "input": {"device":"keyboard","move_sequence":102},
  "player": {"position":{"x":2,"y":12}},
  "goal_reached":false,
  "timestamp":"2026-02-20T00:31:36Z"
}

{
  "session_id": "4eb378ad-cbe9-457b-a275-69dcacb8cdef",
  "event_type": "player_move",
  "input": {"device":"keyboard","move_sequence":103},
  "player": {"position":{"x":1,"y":12}},
  "goal_reached":false,
  "timestamp":"2026-02-20T00:31:36Z"
}

{
  "session_id": "4eb378ad-cbe9-457b-a275-69dcacb8cdef",
  "event_type": "player_move",
  "input": {"device":"keyboard","move_sequence":104},
  "player": {"position":{"x":1,"y":11}},
  "goal_reached":false,
  "timestamp":"2026-02-20T00:31:37Z"
}

{
  "session_id": "4eb378ad-cbe9-457b-a275-69dcacb8cdef",
  "event_type": "player_move",
  "input": {"device":"keyboard","move_sequence":105},
  "player": {"position":{"x":2,"y":11}},
  "goal_reached":false,
  "timestamp":"2026-02-20T00:31:37Z"
}

{
  "session_id": "4eb378ad-cbe9-457b-a275-69dcacb8cdef",
  "event_type": "player_move",
  "input": {"device":"keyboard","move_sequence":106},
  "player": {"position":{"x":3,"y":11}},
  "goal_reached":false,
  "timestamp":"2026-02-20T00:31:37Z"
}

{
  "session_id": "4eb378ad-cbe9-457b-a275-69dcacb8cdef",
  "event_type": "player_move",
  "input": {"device":"keyboard","move_sequence":107},
  "player": {"position":{"x":3,"y":10}},
  "goal_reached":false,
  "timestamp":"2026-02-20T00:31:38Z"
}

{
  "session_id": "4eb378ad-cbe9-457b-a275-69dcacb8cdef",
  "event_type": "player_move",
  "input": {"device":"keyboard","move_sequence":108},
  "player": {"position":{"x":4,"y":10}},
  "goal_reached":false,
  "timestamp":"2026-02-20T00:31:38Z"
}

{
  "session_id": "4eb378ad-cbe9-457b-a275-69dcacb8cdef",
  "event_type": "player_move",
  "input": {"device":"keyboard","move_sequence":109},
  "player": {"position":{"x":4,"y":11}},
  "goal_reached":false,
  "timestamp":"2026-02-20T00:31:39Z"
}

{
  "session_id": "4eb378ad-cbe9-457b-a275-69dcacb8cdef",
  "event_type": "player_move",
  "input": {"device":"keyboard","move_sequence":110},
  "player": {"position":{"x":5,"y":11}},
  "goal_reached":false,
  "timestamp":"2026-02-20T00:31:40Z"
}

{
  "session_id": "4eb378ad-cbe9-457b-a275-69dcacb8cdef",
  "event_type": "player_move",
  "input": {"device":"keyboard","move_sequence":111},
  "player": {"position":{"x":6,"y":11}},
  "goal_reached":false,
  "timestamp":"2026-02-20T00:31:40Z"
}

{
  "session_id": "4eb378ad-cbe9-457b-a275-69dcacb8cdef",
  "event_type": "player_move",
  "input": {"device":"keyboard","move_sequence":112},
  "player": {"position":{"x":6,"y":10}},
  "goal_reached":false,
  "timestamp":"2026-02-20T00:31:41Z"
}

{
  "session_id": "4eb378ad-cbe9-457b-a275-69dcacb8cdef",
  "event_type": "player_move",
  "input": {"device":"keyboard","move_sequence":113},
  "player": {"position":{"x":5,"y":10}},
  "goal_reached":false,
  "timestamp":"2026-02-20T00:31:41Z"
}

{
  "session_id": "4eb378ad-cbe9-457b-a275-69dcacb8cdef",
  "event_type": "player_move",
  "input": {"device":"keyboard","move_sequence":114},
  "player": {"position":{"x":5,"y":9}},
  "goal_reached":false,
  "timestamp":"2026-02-20T00:31:42Z"
}

{
  "session_id": "4eb378ad-cbe9-457b-a275-69dcacb8cdef",
  "event_type": "player_move",
  "input": {"device":"keyboard","move_sequence":115},
  "player": {"position":{"x":6,"y":9}},
  "goal_reached":false,
  "timestamp":"2026-02-20T00:31:43Z"
}

{
  "session_id": "4eb378ad-cbe9-457b-a275-69dcacb8cdef",
  "event_type": "player_move",
  "input": {"device":"keyboard","move_sequence":116},
  "player": {"position":{"x":6,"y":8}},
  "goal_reached":false,
  "timestamp":"2026-02-20T00:31:43Z"
}

{
  "session_id": "4eb378ad-cbe9-457b-a275-69dcacb8cdef",
  "event_type": "player_move",
  "input": {"device":"keyboard","move_sequence":117},
  "player": {"position":{"x":5,"y":8}},
  "goal_reached":false,
  "timestamp":"2026-02-20T00:31:44Z"
}

{
  "session_id": "4eb378ad-cbe9-457b-a275-69dcacb8cdef",
  "event_type": "player_move",
  "input": {"device":"keyboard","move_sequence":118},
  "player": {"position":{"x":4,"y":8}},
  "goal_reached":false,
  "timestamp":"2026-02-20T00:31:44Z"
}

{
  "session_id": "4eb378ad-cbe9-457b-a275-69dcacb8cdef",
  "event_type": "player_move",
  "input": {"device":"keyboard","move_sequence":119},
  "player": {"position":{"x":4,"y":9}},
  "goal_reached":false,
  "timestamp":"2026-02-20T00:31:45Z"
}

{
  "session_id": "4eb378ad-cbe9-457b-a275-69dcacb8cdef",
  "event_type": "player_move",
  "input": {"device":"keyboard","move_sequence":120},
  "player": {"position":{"x":3,"y":9}},
  "goal_reached":false,
  "timestamp":"2026-02-20T00:31:45Z"
}

{
  "session_id": "4eb378ad-cbe9-457b-a275-69dcacb8cdef",
  "event_type": "player_move",
  "input": {"device":"keyboard","move_sequence":121},
  "player": {"position":{"x":3,"y":8}},
  "goal_reached":false,
  "timestamp":"2026-02-20T00:31:46Z"
}

{
  "session_id": "4eb378ad-cbe9-457b-a275-69dcacb8cdef",
  "event_type": "player_move",
  "input": {"device":"keyboard","move_sequence":122},
  "player": {"position":{"x":3,"y":7}},
  "goal_reached":false,
  "timestamp":"2026-02-20T00:31:46Z"
}

{
  "session_id": "4eb378ad-cbe9-457b-a275-69dcacb8cdef",
  "event_type": "player_move",
  "input": {"device":"keyboard","move_sequence":123},
  "player": {"position":{"x":3,"y":6}},
  "goal_reached":false,
  "timestamp":"2026-02-20T00:31:47Z"
}

{
  "session_id": "4eb378ad-cbe9-457b-a275-69dcacb8cdef",
  "event_type": "player_move",
  "input": {"device":"keyboard","move_sequence":124},
  "player": {"position":{"x":4,"y":6}},
  "goal_reached":false,
  "timestamp":"2026-02-20T00:31:47Z"
}

{
  "session_id": "4eb378ad-cbe9-457b-a275-69dcacb8cdef",
  "event_type": "player_move",
  "input": {"device":"keyboard","move_sequence":125},
  "player": {"position":{"x":4,"y":5}},
  "goal_reached":false,
  "timestamp":"2026-02-20T00:31:48Z"
}

{
  "session_id": "4eb378ad-cbe9-457b-a275-69dcacb8cdef",
  "event_type": "player_move",
  "input": {"device":"keyboard","move_sequence":126},
  "player": {"position":{"x":5,"y":5}},
  "goal_reached":false,
  "timestamp":"2026-02-20T00:31:48Z"
}

{
  "session_id": "4eb378ad-cbe9-457b-a275-69dcacb8cdef",
  "event_type": "player_move",
  "input": {"device":"keyboard","move_sequence":127},
  "player": {"position":{"x":5,"y":6}},
  "goal_reached":false,
  "timestamp":"2026-02-20T00:31:49Z"
}

{
  "session_id": "4eb378ad-cbe9-457b-a275-69dcacb8cdef",
  "event_type": "player_move",
  "input": {"device":"keyboard","move_sequence":128},
  "player": {"position":{"x":6,"y":6}},
  "goal_reached":false,
  "timestamp":"2026-02-20T00:31:49Z"
}

{
  "session_id": "4eb378ad-cbe9-457b-a275-69dcacb8cdef",
  "event_type": "player_move",
  "input": {"device":"keyboard","move_sequence":129},
  "player": {"position":{"x":7,"y":6}},
  "goal_reached":false,
  "timestamp":"2026-02-20T00:31:50Z"
}

{
  "session_id": "4eb378ad-cbe9-457b-a275-69dcacb8cdef",
  "event_type": "player_move",
  "input": {"device":"keyboard","move_sequence":130},
  "player": {"position":{"x":8,"y":6}},
  "goal_reached":false,
  "timestamp":"2026-02-20T00:31:50Z"
}

{
  "session_id": "4eb378ad-cbe9-457b-a275-69dcacb8cdef",
  "event_type": "player_move",
  "input": {"device":"keyboard","move_sequence":131},
  "player": {"position":{"x":9,"y":6}},
  "goal_reached":false,
  "timestamp":"2026-02-20T00:31:50Z"
}

{
  "session_id": "4eb378ad-cbe9-457b-a275-69dcacb8cdef",
  "event_type": "player_move",
  "input": {"device":"keyboard","move_sequence":132},
  "player": {"position":{"x":9,"y":7}},
  "goal_reached":false,
  "timestamp":"2026-02-20T00:31:51Z"
}

{
  "session_id": "4eb378ad-cbe9-457b-a275-69dcacb8cdef",
  "event_type": "player_move",
  "input": {"device":"keyboard","move_sequence":133},
  "player": {"position":{"x":9,"y":8}},
  "goal_reached":false,
  "timestamp":"2026-02-20T00:31:51Z"
}

{
  "session_id": "4eb378ad-cbe9-457b-a275-69dcacb8cdef",
  "event_type": "player_move",
  "input": {"device":"keyboard","move_sequence":134},
  "player": {"position":{"x":10,"y":8}},
  "goal_reached":false,
  "timestamp":"2026-02-20T00:31:52Z"
}

{
  "session_id": "4eb378ad-cbe9-457b-a275-69dcacb8cdef",
  "event_type": "player_move",
  "input": {"device":"keyboard","move_sequence":135},
  "player": {"position":{"x":10,"y":9}},
  "goal_reached":false,
  "timestamp":"2026-02-20T00:31:52Z"
}

{
  "session_id": "4eb378ad-cbe9-457b-a275-69dcacb8cdef",
  "event_type": "player_move",
  "input": {"device":"keyboard","move_sequence":136},
  "player": {"position":{"x":9,"y":9}},
  "goal_reached":false,
  "timestamp":"2026-02-20T00:31:53Z"
}

{
  "session_id": "4eb378ad-cbe9-457b-a275-69dcacb8cdef",
  "event_type": "player_move",
  "input": {"device":"keyboard","move_sequence":137},
  "player": {"position":{"x":8,"y":9}},
  "goal_reached":false,
  "timestamp":"2026-02-20T00:31:53Z"
}

{
  "session_id": "4eb378ad-cbe9-457b-a275-69dcacb8cdef",
  "event_type": "player_move",
  "input": {"device":"keyboard","move_sequence":138},
  "player": {"position":{"x":7,"y":9}},
  "goal_reached":false,
  "timestamp":"2026-02-20T00:31:54Z"
}

{
  "session_id": "4eb378ad-cbe9-457b-a275-69dcacb8cdef",
  "event_type": "player_move",
  "input": {"device":"keyboard","move_sequence":139},
  "player": {"position":{"x":7,"y":10}},
  "goal_reached":false,
  "timestamp":"2026-02-20T00:31:54Z"
}

{
  "session_id": "4eb378ad-cbe9-457b-a275-69dcacb8cdef",
  "event_type": "player_move",
  "input": {"device":"keyboard","move_sequence":140},
  "player": {"position":{"x":7,"y":11}},
  "goal_reached":false,
  "timestamp":"2026-02-20T00:31:54Z"
}

{
  "session_id": "4eb378ad-cbe9-457b-a275-69dcacb8cdef",
  "event_type": "player_move",
  "input": {"device":"keyboard","move_sequence":141},
  "player": {"position":{"x":8,"y":11}},
  "goal_reached":false,
  "timestamp":"2026-02-20T00:31:55Z"
}

{
  "session_id": "4eb378ad-cbe9-457b-a275-69dcacb8cdef",
  "event_type": "player_move",
  "input": {"device":"keyboard","move_sequence":142},
  "player": {"position":{"x":8,"y":10}},
  "goal_reached":false,
  "timestamp":"2026-02-20T00:31:55Z"
}

{
  "session_id": "4eb378ad-cbe9-457b-a275-69dcacb8cdef",
  "event_type": "player_move",
  "input": {"device":"keyboard","move_sequence":143},
  "player": {"position":{"x":9,"y":10}},
  "goal_reached":false,
  "timestamp":"2026-02-20T00:31:56Z"
}

{
  "session_id": "4eb378ad-cbe9-457b-a275-69dcacb8cdef",
  "event_type": "player_move",
  "input": {"device":"keyboard","move_sequence":144},
  "player": {"position":{"x":10,"y":10}},
  "goal_reached":false,
  "timestamp":"2026-02-20T00:31:56Z"
}

{
  "session_id": "4eb378ad-cbe9-457b-a275-69dcacb8cdef",
  "event_type": "player_move",
  "input": {"device":"keyboard","move_sequence":145},
  "player": {"position":{"x":10,"y":11}},
  "goal_reached":false,
  "timestamp":"2026-02-20T00:31:57Z"
}

{
  "session_id": "4eb378ad-cbe9-457b-a275-69dcacb8cdef",
  "event_type": "player_move",
  "input": {"device":"keyboard","move_sequence":146},
  "player": {"position":{"x":11,"y":11}},
  "goal_reached":false,
  "timestamp":"2026-02-20T00:31:57Z"
}

{
  "session_id": "4eb378ad-cbe9-457b-a275-69dcacb8cdef",
  "event_type": "player_move",
  "input": {"device":"keyboard","move_sequence":147},
  "player": {"position":{"x":12,"y":11}},
  "goal_reached":false,
  "timestamp":"2026-02-20T00:31:58Z"
}

{
  "session_id": "4eb378ad-cbe9-457b-a275-69dcacb8cdef",
  "event_type": "player_move",
  "input": {"device":"keyboard","move_sequence":148},
  "player": {"position":{"x":12,"y":12}},
  "goal_reached":false,
  "timestamp":"2026-02-20T00:31:59Z"
}

{
  "session_id": "4eb378ad-cbe9-457b-a275-69dcacb8cdef",
  "event_type": "player_move",
  "input": {"device":"keyboard","move_sequence":149},
  "player": {"position":{"x":13,"y":12}},
  "goal_reached":false,
  "timestamp":"2026-02-20T00:31:59Z"
}

{
  "session_id": "4eb378ad-cbe9-457b-a275-69dcacb8cdef",
  "event_type": "player_move",
  "input": {"device":"keyboard","move_sequence":150},
  "player": {"position":{"x":13,"y":13}},
  "goal_reached":false,
  "timestamp":"2026-02-20T00:32:00Z"
}

{
  "session_id": "4eb378ad-cbe9-457b-a275-69dcacb8cdef",
  "event_type": "player_move",
  "input": {"device":"keyboard","move_sequence":151},
  "player": {"position":{"x":13,"y":14}},
  "goal_reached":false,
  "timestamp":"2026-02-20T00:32:00Z"
}

{
  "session_id": "4eb378ad-cbe9-457b-a275-69dcacb8cdef",
  "event_type": "player_move",
  "input": {"device":"keyboard","move_sequence":152},
  "player": {"position":{"x":12,"y":14}},
  "goal_reached":false,
  "timestamp":"2026-02-20T00:32:01Z"
}

{
  "session_id": "4eb378ad-cbe9-457b-a275-69dcacb8cdef",
  "event_type": "player_move",
  "input": {"device":"keyboard","move_sequence":153},
  "player": {"position":{"x":11,"y":14}},
  "goal_reached":false,
  "timestamp":"2026-02-20T00:32:01Z"
}

{
  "session_id": "4eb378ad-cbe9-457b-a275-69dcacb8cdef",
  "event_type": "player_move",
  "input": {"device":"keyboard","move_sequence":154},
  "player": {"position":{"x":10,"y":14}},
  "goal_reached":false,
  "timestamp":"2026-02-20T00:32:01Z"
}

{
  "session_id": "4eb378ad-cbe9-457b-a275-69dcacb8cdef",
  "event_type": "player_move",
  "input": {"device":"keyboard","move_sequence":155},
  "player": {"position":{"x":10,"y":13}},
  "goal_reached":false,
  "timestamp":"2026-02-20T00:32:02Z"
}

{
  "session_id": "4eb378ad-cbe9-457b-a275-69dcacb8cdef",
  "event_type": "player_move",
  "input": {"device":"keyboard","move_sequence":156},
  "player": {"position":{"x":9,"y":13}},
  "goal_reached":false,
  "timestamp":"2026-02-20T00:32:02Z"
}

{
  "session_id": "4eb378ad-cbe9-457b-a275-69dcacb8cdef",
  "event_type": "player_move",
  "input": {"device":"keyboard","move_sequence":157},
  "player": {"position":{"x":8,"y":13}},
  "goal_reached":false,
  "timestamp":"2026-02-20T00:32:03Z"
}

{
  "session_id": "4eb378ad-cbe9-457b-a275-69dcacb8cdef",
  "event_type": "player_move",
  "input": {"device":"keyboard","move_sequence":158},
  "player": {"position":{"x":8,"y":12}},
  "goal_reached":false,
  "timestamp":"2026-02-20T00:32:03Z"
}

{
  "session_id": "4eb378ad-cbe9-457b-a275-69dcacb8cdef",
  "event_type": "player_move",
  "input": {"device":"keyboard","move_sequence":159},
  "player": {"position":{"x":7,"y":12}},
  "goal_reached":false,
  "timestamp":"2026-02-20T00:32:04Z"
}

{
  "session_id": "4eb378ad-cbe9-457b-a275-69dcacb8cdef",
  "event_type": "player_move",
  "input": {"device":"keyboard","move_sequence":160},
  "player": {"position":{"x":7,"y":13}},
  "goal_reached":false,
  "timestamp":"2026-02-20T00:32:05Z"
}

{
  "session_id": "4eb378ad-cbe9-457b-a275-69dcacb8cdef",
  "event_type": "player_move",
  "input": {"device":"keyboard","move_sequence":161},
  "player": {"position":{"x":7,"y":14}},
  "goal_reached":false,
  "timestamp":"2026-02-20T00:32:05Z"
}

{
  "session_id": "4eb378ad-cbe9-457b-a275-69dcacb8cdef",
  "event_type": "player_move",
  "input": {"device":"keyboard","move_sequence":162},
  "player": {"position":{"x":6,"y":14}},
  "goal_reached":false,
  "timestamp":"2026-02-20T00:32:06Z"
}

{
  "session_id": "4eb378ad-cbe9-457b-a275-69dcacb8cdef",
  "event_type": "player_move",
  "input": {"device":"keyboard","move_sequence":163},
  "player": {"position":{"x":6,"y":13}},
  "goal_reached":false,
  "timestamp":"2026-02-20T00:32:06Z"
}

{
  "session_id": "4eb378ad-cbe9-457b-a275-69dcacb8cdef",
  "event_type": "player_move",
  "input": {"device":"keyboard","move_sequence":164},
  "player": {"position":{"x":6,"y":12}},
  "goal_reached":false,
  "timestamp":"2026-02-20T00:32:07Z"
}

{
  "session_id": "4eb378ad-cbe9-457b-a275-69dcacb8cdef",
  "event_type": "player_move",
  "input": {"device":"keyboard","move_sequence":165},
  "player": {"position":{"x":5,"y":12}},
  "goal_reached":false,
  "timestamp":"2026-02-20T00:32:07Z"
}

{
  "session_id": "4eb378ad-cbe9-457b-a275-69dcacb8cdef",
  "event_type": "player_move",
  "input": {"device":"keyboard","move_sequence":166},
  "player": {"position":{"x":5,"y":13}},
  "goal_reached":false,
  "timestamp":"2026-02-20T00:32:08Z"
}

{
  "session_id": "4eb378ad-cbe9-457b-a275-69dcacb8cdef",
  "event_type": "player_move",
  "input": {"device":"keyboard","move_sequence":167},
  "player": {"position":{"x":4,"y":13}},
  "goal_reached":false,
  "timestamp":"2026-02-20T00:32:08Z"
}

{
  "session_id": "4eb378ad-cbe9-457b-a275-69dcacb8cdef",
  "event_type": "player_move",
  "input": {"device":"keyboard","move_sequence":168},
  "player": {"position":{"x":4,"y":14}},
  "goal_reached":false,
  "timestamp":"2026-02-20T00:32:09Z"
}

{
  "session_id": "4eb378ad-cbe9-457b-a275-69dcacb8cdef",
  "event_type": "player_move",
  "input": {"device":"keyboard","move_sequence":169},
  "player": {"position":{"x":3,"y":14}},
  "goal_reached":false,
  "timestamp":"2026-02-20T00:32:09Z"
}

{
  "session_id": "4eb378ad-cbe9-457b-a275-69dcacb8cdef",
  "event_type": "player_move",
  "input": {"device":"keyboard","move_sequence":170},
  "player": {"position":{"x":4,"y":14}},
  "goal_reached":false,
  "timestamp":"2026-02-20T00:32:11Z"
}

{
  "session_id": "4eb378ad-cbe9-457b-a275-69dcacb8cdef",
  "event_type": "player_move",
  "input": {"device":"keyboard","move_sequence":171},
  "player": {"position":{"x":4,"y":13}},
  "goal_reached":false,
  "timestamp":"2026-02-20T00:32:12Z"
}

{
  "session_id": "4eb378ad-cbe9-457b-a275-69dcacb8cdef",
  "event_type": "player_move",
  "input": {"device":"keyboard","move_sequence":172},
  "player": {"position":{"x":5,"y":13}},
  "goal_reached":false,
  "timestamp":"2026-02-20T00:32:13Z"
}

{
  "session_id": "4eb378ad-cbe9-457b-a275-69dcacb8cdef",
  "event_type": "player_move",
  "input": {"device":"keyboard","move_sequence":173},
  "player": {"position":{"x":5,"y":12}},
  "goal_reached":false,
  "timestamp":"2026-02-20T00:32:13Z"
}

{
  "session_id": "4eb378ad-cbe9-457b-a275-69dcacb8cdef",
  "event_type": "player_move",
  "input": {"device":"keyboard","move_sequence":174},
  "player": {"position":{"x":6,"y":12}},
  "goal_reached":false,
  "timestamp":"2026-02-20T00:32:15Z"
}

{
  "session_id": "4eb378ad-cbe9-457b-a275-69dcacb8cdef",
  "event_type": "player_move",
  "input": {"device":"keyboard","move_sequence":175},
  "player": {"position":{"x":6,"y":13}},
  "goal_reached":false,
  "timestamp":"2026-02-20T00:32:15Z"
}

{
  "session_id": "4eb378ad-cbe9-457b-a275-69dcacb8cdef",
  "event_type": "player_move",
  "input": {"device":"keyboard","move_sequence":176},
  "player": {"position":{"x":6,"y":14}},
  "goal_reached":false,
  "timestamp":"2026-02-20T00:32:16Z"
}

{
  "session_id": "4eb378ad-cbe9-457b-a275-69dcacb8cdef",
  "event_type": "player_move",
  "input": {"device":"keyboard","move_sequence":177},
  "player": {"position":{"x":7,"y":14}},
  "goal_reached":false,
  "timestamp":"2026-02-20T00:32:16Z"
}

{
  "session_id": "4eb378ad-cbe9-457b-a275-69dcacb8cdef",
  "event_type": "player_move",
  "input": {"device":"keyboard","move_sequence":178},
  "player": {"position":{"x":7,"y":13}},
  "goal_reached":false,
  "timestamp":"2026-02-20T00:32:17Z"
}

{
  "session_id": "4eb378ad-cbe9-457b-a275-69dcacb8cdef",
  "event_type": "player_move",
  "input": {"device":"keyboard","move_sequence":179},
  "player": {"position":{"x":7,"y":12}},
  "goal_reached":false,
  "timestamp":"2026-02-20T00:32:17Z"
}

{
  "session_id": "4eb378ad-cbe9-457b-a275-69dcacb8cdef",
  "event_type": "player_move",
  "input": {"device":"keyboard","move_sequence":180},
  "player": {"position":{"x":8,"y":12}},
  "goal_reached":false,
  "timestamp":"2026-02-20T00:32:18Z"
}

{
  "session_id": "4eb378ad-cbe9-457b-a275-69dcacb8cdef",
  "event_type": "player_move",
  "input": {"device":"keyboard","move_sequence":181},
  "player": {"position":{"x":8,"y":13}},
  "goal_reached":false,
  "timestamp":"2026-02-20T00:32:18Z"
}

{
  "session_id": "4eb378ad-cbe9-457b-a275-69dcacb8cdef",
  "event_type": "player_move",
  "input": {"device":"keyboard","move_sequence":182},
  "player": {"position":{"x":9,"y":13}},
  "goal_reached":false,
  "timestamp":"2026-02-20T00:32:19Z"
}

{
  "session_id": "4eb378ad-cbe9-457b-a275-69dcacb8cdef",
  "event_type": "player_move",
  "input": {"device":"keyboard","move_sequence":183},
  "player": {"position":{"x":10,"y":13}},
  "goal_reached":false,
  "timestamp":"2026-02-20T00:32:19Z"
}

{
  "session_id": "4eb378ad-cbe9-457b-a275-69dcacb8cdef",
  "event_type": "player_move",
  "input": {"device":"keyboard","move_sequence":184},
  "player": {"position":{"x":10,"y":14}},
  "goal_reached":false,
  "timestamp":"2026-02-20T00:32:20Z"
}

{
  "session_id": "4eb378ad-cbe9-457b-a275-69dcacb8cdef",
  "event_type": "player_move",
  "input": {"device":"keyboard","move_sequence":185},
  "player": {"position":{"x":11,"y":14}},
  "goal_reached":false,
  "timestamp":"2026-02-20T00:32:20Z"
}

{
  "session_id": "4eb378ad-cbe9-457b-a275-69dcacb8cdef",
  "event_type": "player_move",
  "input": {"device":"keyboard","move_sequence":186},
  "player": {"position":{"x":12,"y":14}},
  "goal_reached":false,
  "timestamp":"2026-02-20T00:32:21Z"
}

{
  "session_id": "4eb378ad-cbe9-457b-a275-69dcacb8cdef",
  "event_type": "player_move",
  "input": {"device":"keyboard","move_sequence":187},
  "player": {"position":{"x":13,"y":14}},
  "goal_reached":false,
  "timestamp":"2026-02-20T00:32:21Z"
}

{
  "session_id": "4eb378ad-cbe9-457b-a275-69dcacb8cdef",
  "event_type": "player_move",
  "input": {"device":"keyboard","move_sequence":188},
  "player": {"position":{"x":14,"y":14}},
  "goal_reached":false,
  "timestamp":"2026-02-20T00:32:21Z"
}

{
  "session_id": "4eb378ad-cbe9-457b-a275-69dcacb8cdef",
  "event_type": "player_move",
  "input": {"device":"keyboard","move_sequence":189},
  "player": {"position":{"x":14,"y":13}},
  "goal_reached":false,
  "timestamp":"2026-02-20T00:32:22Z"
}

{
  "session_id": "4eb378ad-cbe9-457b-a275-69dcacb8cdef",
  "event_type": "player_move",
  "input": {"device":"keyboard","move_sequence":190},
  "player": {"position":{"x":15,"y":13}},
  "goal_reached":false,
  "timestamp":"2026-02-20T00:32:23Z"
}

{
  "session_id": "4eb378ad-cbe9-457b-a275-69dcacb8cdef",
  "event_type": "player_move",
  "input": {"device":"keyboard","move_sequence":191},
  "player": {"position":{"x":15,"y":14}},
  "goal_reached":false,
  "timestamp":"2026-02-20T00:32:24Z"
}

{
  "session_id": "4eb378ad-cbe9-457b-a275-69dcacb8cdef",
  "event_type": "player_move",
  "input": {"device":"keyboard","move_sequence":192},
  "player": {"position":{"x":16,"y":14}},
  "goal_reached":false,
  "timestamp":"2026-02-20T00:32:25Z"
}

{
  "session_id": "4eb378ad-cbe9-457b-a275-69dcacb8cdef",
  "event_type": "player_move",
  "input": {"device":"keyboard","move_sequence":193},
  "player": {"position":{"x":16,"y":13}},
  "goal_reached":false,
  "timestamp":"2026-02-20T00:32:25Z"
}

{
  "session_id": "4eb378ad-cbe9-457b-a275-69dcacb8cdef",
  "event_type": "player_move",
  "input": {"device":"keyboard","move_sequence":194},
  "player": {"position":{"x":17,"y":13}},
  "goal_reached":false,
  "timestamp":"2026-02-20T00:32:26Z"
}

{
  "session_id": "4eb378ad-cbe9-457b-a275-69dcacb8cdef",
  "event_type": "player_move",
  "input": {"device":"keyboard","move_sequence":195},
  "player": {"position":{"x":17,"y":12}},
  "goal_reached":false,
  "timestamp":"2026-02-20T00:32:26Z"
}

{
  "session_id": "4eb378ad-cbe9-457b-a275-69dcacb8cdef",
  "event_type": "player_move",
  "input": {"device":"keyboard","move_sequence":196},
  "player": {"position":{"x":17,"y":11}},
  "goal_reached":false,
  "timestamp":"2026-02-20T00:32:27Z"
}

{
  "session_id": "4eb378ad-cbe9-457b-a275-69dcacb8cdef",
  "event_type": "player_move",
  "input": {"device":"keyboard","move_sequence":197},
  "player": {"position":{"x":17,"y":10}},
  "goal_reached":false,
  "timestamp":"2026-02-20T00:32:27Z"
}

{
  "session_id": "4eb378ad-cbe9-457b-a275-69dcacb8cdef",
  "event_type": "player_move",
  "input": {"device":"keyboard","move_sequence":198},
  "player": {"position":{"x":18,"y":10}},
  "goal_reached":false,
  "timestamp":"2026-02-20T00:32:28Z"
}

{
  "session_id": "4eb378ad-cbe9-457b-a275-69dcacb8cdef",
  "event_type": "player_move",
  "input": {"device":"keyboard","move_sequence":199},
  "player": {"position":{"x":18,"y":9}},
  "goal_reached":false,
  "timestamp":"2026-02-20T00:32:28Z"
}

{
  "session_id": "4eb378ad-cbe9-457b-a275-69dcacb8cdef",
  "event_type": "player_move",
  "input": {"device":"keyboard","move_sequence":200},
  "player": {"position":{"x":18,"y":8}},
  "goal_reached":false,
  "timestamp":"2026-02-20T00:32:29Z"
}

{
  "session_id": "4eb378ad-cbe9-457b-a275-69dcacb8cdef",
  "event_type": "player_move",
  "input": {"device":"keyboard","move_sequence":201},
  "player": {"position":{"x":17,"y":8}},
  "goal_reached":false,
  "timestamp":"2026-02-20T00:32:29Z"
}

{
  "session_id": "4eb378ad-cbe9-457b-a275-69dcacb8cdef",
  "event_type": "player_move",
  "input": {"device":"keyboard","move_sequence":202},
  "player": {"position":{"x":16,"y":8}},
  "goal_reached":false,
  "timestamp":"2026-02-20T00:32:30Z"
}

{
  "session_id": "4eb378ad-cbe9-457b-a275-69dcacb8cdef",
  "event_type": "player_move",
  "input": {"device":"keyboard","move_sequence":203},
  "player": {"position":{"x":15,"y":8}},
  "goal_reached":false,
  "timestamp":"2026-02-20T00:32:30Z"
}

{
  "session_id": "4eb378ad-cbe9-457b-a275-69dcacb8cdef",
  "event_type": "player_move",
  "input": {"device":"keyboard","move_sequence":204},
  "player": {"position":{"x":15,"y":9}},
  "goal_reached":false,
  "timestamp":"2026-02-20T00:32:30Z"
}

{
  "session_id": "4eb378ad-cbe9-457b-a275-69dcacb8cdef",
  "event_type": "player_move",
  "input": {"device":"keyboard","move_sequence":205},
  "player": {"position":{"x":16,"y":9}},
  "goal_reached":false,
  "timestamp":"2026-02-20T00:32:31Z"
}

{
  "session_id": "4eb378ad-cbe9-457b-a275-69dcacb8cdef",
  "event_type": "player_move",
  "input": {"device":"keyboard","move_sequence":206},
  "player": {"position":{"x":16,"y":10}},
  "goal_reached":false,
  "timestamp":"2026-02-20T00:32:31Z"
}

{
  "session_id": "4eb378ad-cbe9-457b-a275-69dcacb8cdef",
  "event_type": "player_move",
  "input": {"device":"keyboard","move_sequence":207},
  "player": {"position":{"x":15,"y":10}},
  "goal_reached":false,
  "timestamp":"2026-02-20T00:32:32Z"
}

{
  "session_id": "4eb378ad-cbe9-457b-a275-69dcacb8cdef",
  "event_type": "player_move",
  "input": {"device":"keyboard","move_sequence":208},
  "player": {"position":{"x":15,"y":11}},
  "goal_reached":false,
  "timestamp":"2026-02-20T00:32:32Z"
}

{
  "session_id": "4eb378ad-cbe9-457b-a275-69dcacb8cdef",
  "event_type": "player_move",
  "input": {"device":"keyboard","move_sequence":209},
  "player": {"position":{"x":16,"y":11}},
  "goal_reached":false,
  "timestamp":"2026-02-20T00:32:33Z"
}

{
  "session_id": "4eb378ad-cbe9-457b-a275-69dcacb8cdef",
  "event_type": "player_move",
  "input": {"device":"keyboard","move_sequence":210},
  "player": {"position":{"x":16,"y":12}},
  "goal_reached":false,
  "timestamp":"2026-02-20T00:32:33Z"
}

{
  "session_id": "4eb378ad-cbe9-457b-a275-69dcacb8cdef",
  "event_type": "player_move",
  "input": {"device":"keyboard","move_sequence":211},
  "player": {"position":{"x":15,"y":12}},
  "goal_reached":false,
  "timestamp":"2026-02-20T00:32:34Z"
}

{
  "session_id": "4eb378ad-cbe9-457b-a275-69dcacb8cdef",
  "event_type": "player_move",
  "input": {"device":"keyboard","move_sequence":212},
  "player": {"position":{"x":14,"y":12}},
  "goal_reached":false,
  "timestamp":"2026-02-20T00:32:34Z"
}

{
  "session_id": "4eb378ad-cbe9-457b-a275-69dcacb8cdef",
  "event_type": "player_move",
  "input": {"device":"keyboard","move_sequence":213},
  "player": {"position":{"x":14,"y":11}},
  "goal_reached":false,
  "timestamp":"2026-02-20T00:32:34Z"
}

{
  "session_id": "4eb378ad-cbe9-457b-a275-69dcacb8cdef",
  "event_type": "player_move",
  "input": {"device":"keyboard","move_sequence":214},
  "player": {"position":{"x":14,"y":10}},
  "goal_reached":false,
  "timestamp":"2026-02-20T00:32:35Z"
}

{
  "session_id": "4eb378ad-cbe9-457b-a275-69dcacb8cdef",
  "event_type": "player_move",
  "input": {"device":"keyboard","move_sequence":215},
  "player": {"position":{"x":14,"y":9}},
  "goal_reached":false,
  "timestamp":"2026-02-20T00:32:35Z"
}

{
  "session_id": "4eb378ad-cbe9-457b-a275-69dcacb8cdef",
  "event_type": "player_move",
  "input": {"device":"keyboard","move_sequence":216},
  "player": {"position":{"x":14,"y":8}},
  "goal_reached":false,
  "timestamp":"2026-02-20T00:32:35Z"
}

{
  "session_id": "4eb378ad-cbe9-457b-a275-69dcacb8cdef",
  "event_type": "player_move",
  "input": {"device":"keyboard","move_sequence":217},
  "player": {"position":{"x":14,"y":7}},
  "goal_reached":false,
  "timestamp":"2026-02-20T00:32:36Z"
}

{
  "session_id": "4eb378ad-cbe9-457b-a275-69dcacb8cdef",
  "event_type": "player_move",
  "input": {"device":"keyboard","move_sequence":218},
  "player": {"position":{"x":15,"y":7}},
  "goal_reached":false,
  "timestamp":"2026-02-20T00:32:36Z"
}

{
  "session_id": "4eb378ad-cbe9-457b-a275-69dcacb8cdef",
  "event_type": "player_move",
  "input": {"device":"keyboard","move_sequence":219},
  "player": {"position":{"x":16,"y":7}},
  "goal_reached":false,
  "timestamp":"2026-02-20T00:32:37Z"
}

{
  "session_id": "4eb378ad-cbe9-457b-a275-69dcacb8cdef",
  "event_type": "player_move",
  "input": {"device":"keyboard","move_sequence":220},
  "player": {"position":{"x":16,"y":6}},
  "goal_reached":false,
  "timestamp":"2026-02-20T00:32:38Z"
}

{
  "session_id": "4eb378ad-cbe9-457b-a275-69dcacb8cdef",
  "event_type": "player_move",
  "input": {"device":"keyboard","move_sequence":221},
  "player": {"position":{"x":17,"y":6}},
  "goal_reached":false,
  "timestamp":"2026-02-20T00:32:38Z"
}

{
  "session_id": "4eb378ad-cbe9-457b-a275-69dcacb8cdef",
  "event_type": "player_move",
  "input": {"device":"keyboard","move_sequence":222},
  "player": {"position":{"x":17,"y":5}},
  "goal_reached":false,
  "timestamp":"2026-02-20T00:32:39Z"
}

{
  "session_id": "4eb378ad-cbe9-457b-a275-69dcacb8cdef",
  "event_type": "player_move",
  "input": {"device":"keyboard","move_sequence":223},
  "player": {"position":{"x":18,"y":5}},
  "goal_reached":false,
  "timestamp":"2026-02-20T00:32:39Z"
}

{
  "session_id": "4eb378ad-cbe9-457b-a275-69dcacb8cdef",
  "event_type": "player_move",
  "input": {"device":"keyboard","move_sequence":224},
  "player": {"position":{"x":18,"y":6}},
  "goal_reached":false,
  "timestamp":"2026-02-20T00:32:40Z"
}

{
  "session_id": "4eb378ad-cbe9-457b-a275-69dcacb8cdef",
  "event_type": "player_move",
  "input": {"device":"keyboard","move_sequence":225},
  "player": {"position":{"x":18,"y":7}},
  "goal_reached":false,
  "timestamp":"2026-02-20T00:32:40Z"
}

{
  "session_id": "4eb378ad-cbe9-457b-a275-69dcacb8cdef",
  "event_type": "player_move",
  "input": {"device":"keyboard","move_sequence":226},
  "player": {"position":{"x":19,"y":7}},
  "goal_reached":false,
  "timestamp":"2026-02-20T00:32:41Z"
}

{
  "session_id": "4eb378ad-cbe9-457b-a275-69dcacb8cdef",
  "event_type": "player_move",
  "input": {"device":"keyboard","move_sequence":227},
  "player": {"position":{"x":20,"y":7}},
  "goal_reached":false,
  "timestamp":"2026-02-20T00:32:42Z"
}

{
  "session_id": "4eb378ad-cbe9-457b-a275-69dcacb8cdef",
  "event_type": "player_move",
  "input": {"device":"keyboard","move_sequence":228},
  "player": {"position":{"x":20,"y":8}},
  "goal_reached":false,
  "timestamp":"2026-02-20T00:32:42Z"
}

{
  "session_id": "4eb378ad-cbe9-457b-a275-69dcacb8cdef",
  "event_type": "player_move",
  "input": {"device":"keyboard","move_sequence":229},
  "player": {"position":{"x":19,"y":8}},
  "goal_reached":false,
  "timestamp":"2026-02-20T00:32:42Z"
}

{
  "session_id": "4eb378ad-cbe9-457b-a275-69dcacb8cdef",
  "event_type": "player_move",
  "input": {"device":"keyboard","move_sequence":230},
  "player": {"position":{"x":19,"y":9}},
  "goal_reached":false,
  "timestamp":"2026-02-20T00:32:43Z"
}

{
  "session_id": "4eb378ad-cbe9-457b-a275-69dcacb8cdef",
  "event_type": "player_move",
  "input": {"device":"keyboard","move_sequence":231},
  "player": {"position":{"x":20,"y":9}},
  "goal_reached":false,
  "timestamp":"2026-02-20T00:32:43Z"
}

{
  "session_id": "4eb378ad-cbe9-457b-a275-69dcacb8cdef",
  "event_type": "player_move",
  "input": {"device":"keyboard","move_sequence":232},
  "player": {"position":{"x":20,"y":10}},
  "goal_reached":false,
  "timestamp":"2026-02-20T00:32:44Z"
}

{
  "session_id": "4eb378ad-cbe9-457b-a275-69dcacb8cdef",
  "event_type": "player_move",
  "input": {"device":"keyboard","move_sequence":233},
  "player": {"position":{"x":20,"y":11}},
  "goal_reached":false,
  "timestamp":"2026-02-20T00:32:44Z"
}

{
  "session_id": "4eb378ad-cbe9-457b-a275-69dcacb8cdef",
  "event_type": "player_move",
  "input": {"device":"keyboard","move_sequence":234},
  "player": {"position":{"x":20,"y":12}},
  "goal_reached":false,
  "timestamp":"2026-02-20T00:32:44Z"
}

{
  "session_id": "4eb378ad-cbe9-457b-a275-69dcacb8cdef",
  "event_type": "player_move",
  "input": {"device":"keyboard","move_sequence":235},
  "player": {"position":{"x":19,"y":12}},
  "goal_reached":false,
  "timestamp":"2026-02-20T00:32:45Z"
}

{
  "session_id": "4eb378ad-cbe9-457b-a275-69dcacb8cdef",
  "event_type": "player_move",
  "input": {"device":"keyboard","move_sequence":236},
  "player": {"position":{"x":19,"y":13}},
  "goal_reached":false,
  "timestamp":"2026-02-20T00:32:45Z"
}

{
  "session_id": "4eb378ad-cbe9-457b-a275-69dcacb8cdef",
  "event_type": "player_move",
  "input": {"device":"keyboard","move_sequence":237},
  "player": {"position":{"x":19,"y":14}},
  "goal_reached":false,
  "timestamp":"2026-02-20T00:32:46Z"
}

{
  "session_id": "4eb378ad-cbe9-457b-a275-69dcacb8cdef",
  "event_type": "player_move",
  "input": {"device":"keyboard","move_sequence":238},
  "player": {"position":{"x":20,"y":14}},
  "goal_reached":true,
  "timestamp":"2026-02-20T00:32:46Z"
}

{
  "session_id": "c5ab43be-7c6b-4770-99be-35ae49976ac2",
  "event_type": "player_move",
  "input": {"device":"keyboard","move_sequence":1},
  "player": {"position":{"x":1,"y":0}},
  "goal_reached":false,
  "timestamp":"2026-02-20T01:29:45Z"
}

{
  "session_id": "c5ab43be-7c6b-4770-99be-35ae49976ac2",
  "event_type": "player_move",
  "input": {"device":"keyboard","move_sequence":2},
  "player": {"position":{"x":2,"y":0}},
  "goal_reached":false,
  "timestamp":"2026-02-20T01:29:45Z"
}

{
  "session_id": "c5ab43be-7c6b-4770-99be-35ae49976ac2",
  "event_type": "player_move",
  "input": {"device":"keyboard","move_sequence":3},
  "player": {"position":{"x":3,"y":0}},
  "goal_reached":false,
  "timestamp":"2026-02-20T01:29:46Z"
}

{
  "session_id": "c5ab43be-7c6b-4770-99be-35ae49976ac2",
  "event_type": "player_move",
  "input": {"device":"keyboard","move_sequence":4},
  "player": {"position":{"x":4,"y":0}},
  "goal_reached":false,
  "timestamp":"2026-02-20T01:29:46Z"
}

{
  "session_id": "c5ab43be-7c6b-4770-99be-35ae49976ac2",
  "event_type": "player_move",
  "input": {"device":"keyboard","move_sequence":5},
  "player": {"position":{"x":5,"y":0}},
  "goal_reached":false,
  "timestamp":"2026-02-20T01:29:46Z"
}

{
  "session_id": "c5ab43be-7c6b-4770-99be-35ae49976ac2",
  "event_type": "player_move",
  "input": {"device":"keyboard","move_sequence":6},
  "player": {"position":{"x":6,"y":0}},
  "goal_reached":false,
  "timestamp":"2026-02-20T01:29:46Z"
}

{
  "session_id": "c5ab43be-7c6b-4770-99be-35ae49976ac2",
  "event_type": "player_move",
  "input": {"device":"keyboard","move_sequence":7},
  "player": {"position":{"x":7,"y":0}},
  "goal_reached":false,
  "timestamp":"2026-02-20T01:29:46Z"
}

{
  "session_id": "c5ab43be-7c6b-4770-99be-35ae49976ac2",
  "event_type": "player_move",
  "input": {"device":"keyboard","move_sequence":8},
  "player": {"position":{"x":7,"y":1}},
  "goal_reached":false,
  "timestamp":"2026-02-20T01:29:47Z"
}

{
  "session_id": "c5ab43be-7c6b-4770-99be-35ae49976ac2",
  "event_type": "player_move",
  "input": {"device":"keyboard","move_sequence":9},
  "player": {"position":{"x":8,"y":1}},
  "goal_reached":false,
  "timestamp":"2026-02-20T01:29:48Z"
}

{
  "session_id": "c5ab43be-7c6b-4770-99be-35ae49976ac2",
  "event_type": "player_move",
  "input": {"device":"keyboard","move_sequence":10},
  "player": {"position":{"x":8,"y":0}},
  "goal_reached":false,
  "timestamp":"2026-02-20T01:29:48Z"
}

{
  "session_id": "c5ab43be-7c6b-4770-99be-35ae49976ac2",
  "event_type": "player_move",
  "input": {"device":"keyboard","move_sequence":11},
  "player": {"position":{"x":9,"y":0}},
  "goal_reached":false,
  "timestamp":"2026-02-20T01:29:49Z"
}

{
  "session_id": "c5ab43be-7c6b-4770-99be-35ae49976ac2",
  "event_type": "player_move",
  "input": {"device":"keyboard","move_sequence":12},
  "player": {"position":{"x":10,"y":0}},
  "goal_reached":false,
  "timestamp":"2026-02-20T01:29:49Z"
}

{
  "session_id": "c5ab43be-7c6b-4770-99be-35ae49976ac2",
  "event_type": "player_move",
  "input": {"device":"keyboard","move_sequence":13},
  "player": {"position":{"x":11,"y":0}},
  "goal_reached":false,
  "timestamp":"2026-02-20T01:29:49Z"
}

{
  "session_id": "c5ab43be-7c6b-4770-99be-35ae49976ac2",
  "event_type": "player_move",
  "input": {"device":"keyboard","move_sequence":14},
  "player": {"position":{"x":12,"y":0}},
  "goal_reached":false,
  "timestamp":"2026-02-20T01:29:50Z"
}

{
  "session_id": "c5ab43be-7c6b-4770-99be-35ae49976ac2",
  "event_type": "player_move",
  "input": {"device":"keyboard","move_sequence":15},
  "player": {"position":{"x":12,"y":1}},
  "goal_reached":false,
  "timestamp":"2026-02-20T01:29:50Z"
}

{
  "session_id": "c5ab43be-7c6b-4770-99be-35ae49976ac2",
  "event_type": "player_move",
  "input": {"device":"keyboard","move_sequence":16},
  "player": {"position":{"x":11,"y":1}},
  "goal_reached":false,
  "timestamp":"2026-02-20T01:29:50Z"
}

{
  "session_id": "c5ab43be-7c6b-4770-99be-35ae49976ac2",
  "event_type": "player_move",
  "input": {"device":"keyboard","move_sequence":17},
  "player": {"position":{"x":11,"y":2}},
  "goal_reached":false,
  "timestamp":"2026-02-20T01:29:51Z"
}

{
  "session_id": "c5ab43be-7c6b-4770-99be-35ae49976ac2",
  "event_type": "player_move",
  "input": {"device":"keyboard","move_sequence":18},
  "player": {"position":{"x":11,"y":3}},
  "goal_reached":false,
  "timestamp":"2026-02-20T01:29:51Z"
}

{
  "session_id": "c5ab43be-7c6b-4770-99be-35ae49976ac2",
  "event_type": "player_move",
  "input": {"device":"keyboard","move_sequence":19},
  "player": {"position":{"x":12,"y":3}},
  "goal_reached":false,
  "timestamp":"2026-02-20T01:29:52Z"
}

{
  "session_id": "c5ab43be-7c6b-4770-99be-35ae49976ac2",
  "event_type": "player_move",
  "input": {"device":"keyboard","move_sequence":20},
  "player": {"position":{"x":12,"y":2}},
  "goal_reached":false,
  "timestamp":"2026-02-20T01:29:52Z"
}

{
  "session_id": "c5ab43be-7c6b-4770-99be-35ae49976ac2",
  "event_type": "player_move",
  "input": {"device":"keyboard","move_sequence":21},
  "player": {"position":{"x":13,"y":2}},
  "goal_reached":false,
  "timestamp":"2026-02-20T01:29:53Z"
}

{
  "session_id": "c5ab43be-7c6b-4770-99be-35ae49976ac2",
  "event_type": "player_move",
  "input": {"device":"keyboard","move_sequence":22},
  "player": {"position":{"x":13,"y":1}},
  "goal_reached":false,
  "timestamp":"2026-02-20T01:29:53Z"
}

{
  "session_id": "c5ab43be-7c6b-4770-99be-35ae49976ac2",
  "event_type": "player_move",
  "input": {"device":"keyboard","move_sequence":23},
  "player": {"position":{"x":14,"y":1}},
  "goal_reached":false,
  "timestamp":"2026-02-20T01:29:53Z"
}

{
  "session_id": "c5ab43be-7c6b-4770-99be-35ae49976ac2",
  "event_type": "player_move",
  "input": {"device":"keyboard","move_sequence":24},
  "player": {"position":{"x":15,"y":1}},
  "goal_reached":false,
  "timestamp":"2026-02-20T01:29:54Z"
}

{
  "session_id": "c5ab43be-7c6b-4770-99be-35ae49976ac2",
  "event_type": "player_move",
  "input": {"device":"keyboard","move_sequence":25},
  "player": {"position":{"x":16,"y":1}},
  "goal_reached":false,
  "timestamp":"2026-02-20T01:29:54Z"
}

{
  "session_id": "c5ab43be-7c6b-4770-99be-35ae49976ac2",
  "event_type": "player_move",
  "input": {"device":"keyboard","move_sequence":26},
  "player": {"position":{"x":16,"y":2}},
  "goal_reached":false,
  "timestamp":"2026-02-20T01:29:55Z"
}

{
  "session_id": "c5ab43be-7c6b-4770-99be-35ae49976ac2",
  "event_type": "player_move",
  "input": {"device":"keyboard","move_sequence":27},
  "player": {"position":{"x":15,"y":2}},
  "goal_reached":false,
  "timestamp":"2026-02-20T01:29:55Z"
}

{
  "session_id": "c5ab43be-7c6b-4770-99be-35ae49976ac2",
  "event_type": "player_move",
  "input": {"device":"keyboard","move_sequence":28},
  "player": {"position":{"x":15,"y":3}},
  "goal_reached":false,
  "timestamp":"2026-02-20T01:29:56Z"
}

{
  "session_id": "c5ab43be-7c6b-4770-99be-35ae49976ac2",
  "event_type": "player_move",
  "input": {"device":"keyboard","move_sequence":29},
  "player": {"position":{"x":15,"y":4}},
  "goal_reached":false,
  "timestamp":"2026-02-20T01:29:56Z"
}

{
  "session_id": "c5ab43be-7c6b-4770-99be-35ae49976ac2",
  "event_type": "player_move",
  "input": {"device":"keyboard","move_sequence":30},
  "player": {"position":{"x":16,"y":4}},
  "goal_reached":false,
  "timestamp":"2026-02-20T01:29:56Z"
}

{
  "session_id": "c5ab43be-7c6b-4770-99be-35ae49976ac2",
  "event_type": "player_move",
  "input": {"device":"keyboard","move_sequence":31},
  "player": {"position":{"x":16,"y":5}},
  "goal_reached":false,
  "timestamp":"2026-02-20T01:29:57Z"
}

{
  "session_id": "c5ab43be-7c6b-4770-99be-35ae49976ac2",
  "event_type": "player_move",
  "input": {"device":"keyboard","move_sequence":32},
  "player": {"position":{"x":15,"y":5}},
  "goal_reached":false,
  "timestamp":"2026-02-20T01:29:57Z"
}

{
  "session_id": "c5ab43be-7c6b-4770-99be-35ae49976ac2",
  "event_type": "player_move",
  "input": {"device":"keyboard","move_sequence":33},
  "player": {"position":{"x":14,"y":5}},
  "goal_reached":false,
  "timestamp":"2026-02-20T01:29:58Z"
}

{
  "session_id": "c5ab43be-7c6b-4770-99be-35ae49976ac2",
  "event_type": "player_move",
  "input": {"device":"keyboard","move_sequence":34},
  "player": {"position":{"x":14,"y":4}},
  "goal_reached":false,
  "timestamp":"2026-02-20T01:29:58Z"
}

{
  "session_id": "c5ab43be-7c6b-4770-99be-35ae49976ac2",
  "event_type": "player_move",
  "input": {"device":"keyboard","move_sequence":35},
  "player": {"position":{"x":14,"y":3}},
  "goal_reached":false,
  "timestamp":"2026-02-20T01:29:58Z"
}

{
  "session_id": "c5ab43be-7c6b-4770-99be-35ae49976ac2",
  "event_type": "player_move",
  "input": {"device":"keyboard","move_sequence":36},
  "player": {"position":{"x":13,"y":3}},
  "goal_reached":false,
  "timestamp":"2026-02-20T01:29:59Z"
}

{
  "session_id": "c5ab43be-7c6b-4770-99be-35ae49976ac2",
  "event_type": "player_move",
  "input": {"device":"keyboard","move_sequence":37},
  "player": {"position":{"x":13,"y":4}},
  "goal_reached":false,
  "timestamp":"2026-02-20T01:29:59Z"
}

{
  "session_id": "c5ab43be-7c6b-4770-99be-35ae49976ac2",
  "event_type": "player_move",
  "input": {"device":"keyboard","move_sequence":38},
  "player": {"position":{"x":12,"y":4}},
  "goal_reached":false,
  "timestamp":"2026-02-20T01:30:00Z"
}

{
  "session_id": "c5ab43be-7c6b-4770-99be-35ae49976ac2",
  "event_type": "player_move",
  "input": {"device":"keyboard","move_sequence":39},
  "player": {"position":{"x":11,"y":4}},
  "goal_reached":false,
  "timestamp":"2026-02-20T01:30:00Z"
}

{
  "session_id": "c5ab43be-7c6b-4770-99be-35ae49976ac2",
  "event_type": "player_move",
  "input": {"device":"keyboard","move_sequence":40},
  "player": {"position":{"x":10,"y":4}},
  "goal_reached":false,
  "timestamp":"2026-02-20T01:30:00Z"
}

{
  "session_id": "c5ab43be-7c6b-4770-99be-35ae49976ac2",
  "event_type": "player_move",
  "input": {"device":"keyboard","move_sequence":41},
  "player": {"position":{"x":10,"y":5}},
  "goal_reached":false,
  "timestamp":"2026-02-20T01:30:01Z"
}

{
  "session_id": "c5ab43be-7c6b-4770-99be-35ae49976ac2",
  "event_type": "player_move",
  "input": {"device":"keyboard","move_sequence":42},
  "player": {"position":{"x":10,"y":6}},
  "goal_reached":false,
  "timestamp":"2026-02-20T01:30:02Z"
}

{
  "session_id": "c5ab43be-7c6b-4770-99be-35ae49976ac2",
  "event_type": "player_move",
  "input": {"device":"keyboard","move_sequence":43},
  "player": {"position":{"x":9,"y":6}},
  "goal_reached":false,
  "timestamp":"2026-02-20T01:30:02Z"
}

{
  "session_id": "c5ab43be-7c6b-4770-99be-35ae49976ac2",
  "event_type": "player_move",
  "input": {"device":"keyboard","move_sequence":44},
  "player": {"position":{"x":8,"y":6}},
  "goal_reached":false,
  "timestamp":"2026-02-20T01:30:03Z"
}

{
  "session_id": "c5ab43be-7c6b-4770-99be-35ae49976ac2",
  "event_type": "player_move",
  "input": {"device":"keyboard","move_sequence":45},
  "player": {"position":{"x":8,"y":5}},
  "goal_reached":false,
  "timestamp":"2026-02-20T01:30:03Z"
}

{
  "session_id": "c5ab43be-7c6b-4770-99be-35ae49976ac2",
  "event_type": "player_move",
  "input": {"device":"keyboard","move_sequence":46},
  "player": {"position":{"x":8,"y":4}},
  "goal_reached":false,
  "timestamp":"2026-02-20T01:30:04Z"
}

{
  "session_id": "c5ab43be-7c6b-4770-99be-35ae49976ac2",
  "event_type": "player_move",
  "input": {"device":"keyboard","move_sequence":47},
  "player": {"position":{"x":8,"y":3}},
  "goal_reached":false,
  "timestamp":"2026-02-20T01:30:04Z"
}

{
  "session_id": "c5ab43be-7c6b-4770-99be-35ae49976ac2",
  "event_type": "player_move",
  "input": {"device":"keyboard","move_sequence":48},
  "player": {"position":{"x":9,"y":3}},
  "goal_reached":false,
  "timestamp":"2026-02-20T01:30:05Z"
}

{
  "session_id": "c5ab43be-7c6b-4770-99be-35ae49976ac2",
  "event_type": "player_move",
  "input": {"device":"keyboard","move_sequence":49},
  "player": {"position":{"x":10,"y":3}},
  "goal_reached":false,
  "timestamp":"2026-02-20T01:30:06Z"
}

{
  "session_id": "c5ab43be-7c6b-4770-99be-35ae49976ac2",
  "event_type": "player_move",
  "input": {"device":"keyboard","move_sequence":50},
  "player": {"position":{"x":10,"y":2}},
  "goal_reached":false,
  "timestamp":"2026-02-20T01:30:07Z"
}

{
  "session_id": "c5ab43be-7c6b-4770-99be-35ae49976ac2",
  "event_type": "player_move",
  "input": {"device":"keyboard","move_sequence":51},
  "player": {"position":{"x":10,"y":1}},
  "goal_reached":false,
  "timestamp":"2026-02-20T01:30:07Z"
}

{
  "session_id": "c5ab43be-7c6b-4770-99be-35ae49976ac2",
  "event_type": "player_move",
  "input": {"device":"keyboard","move_sequence":52},
  "player": {"position":{"x":9,"y":1}},
  "goal_reached":false,
  "timestamp":"2026-02-20T01:30:07Z"
}

{
  "session_id": "c5ab43be-7c6b-4770-99be-35ae49976ac2",
  "event_type": "player_move",
  "input": {"device":"keyboard","move_sequence":53},
  "player": {"position":{"x":9,"y":2}},
  "goal_reached":false,
  "timestamp":"2026-02-20T01:30:08Z"
}

{
  "session_id": "c5ab43be-7c6b-4770-99be-35ae49976ac2",
  "event_type": "player_move",
  "input": {"device":"keyboard","move_sequence":54},
  "player": {"position":{"x":8,"y":2}},
  "goal_reached":false,
  "timestamp":"2026-02-20T01:30:09Z"
}

{
  "session_id": "c5ab43be-7c6b-4770-99be-35ae49976ac2",
  "event_type": "player_move",
  "input": {"device":"keyboard","move_sequence":55},
  "player": {"position":{"x":7,"y":2}},
  "goal_reached":false,
  "timestamp":"2026-02-20T01:30:09Z"
}

{
  "session_id": "c5ab43be-7c6b-4770-99be-35ae49976ac2",
  "event_type": "player_move",
  "input": {"device":"keyboard","move_sequence":56},
  "player": {"position":{"x":6,"y":2}},
  "goal_reached":false,
  "timestamp":"2026-02-20T01:30:09Z"
}

{
  "session_id": "c5ab43be-7c6b-4770-99be-35ae49976ac2",
  "event_type": "player_move",
  "input": {"device":"keyboard","move_sequence":57},
  "player": {"position":{"x":6,"y":3}},
  "goal_reached":false,
  "timestamp":"2026-02-20T01:30:10Z"
}

{
  "session_id": "c5ab43be-7c6b-4770-99be-35ae49976ac2",
  "event_type": "player_move",
  "input": {"device":"keyboard","move_sequence":58},
  "player": {"position":{"x":5,"y":3}},
  "goal_reached":false,
  "timestamp":"2026-02-20T01:30:10Z"
}

{
  "session_id": "c5ab43be-7c6b-4770-99be-35ae49976ac2",
  "event_type": "player_move",
  "input": {"device":"keyboard","move_sequence":59},
  "player": {"position":{"x":4,"y":3}},
  "goal_reached":false,
  "timestamp":"2026-02-20T01:30:11Z"
}

{
  "session_id": "c5ab43be-7c6b-4770-99be-35ae49976ac2",
  "event_type": "player_move",
  "input": {"device":"keyboard","move_sequence":60},
  "player": {"position":{"x":4,"y":4}},
  "goal_reached":false,
  "timestamp":"2026-02-20T01:30:11Z"
}

{
  "session_id": "c5ab43be-7c6b-4770-99be-35ae49976ac2",
  "event_type": "player_move",
  "input": {"device":"keyboard","move_sequence":61},
  "player": {"position":{"x":5,"y":4}},
  "goal_reached":false,
  "timestamp":"2026-02-20T01:30:12Z"
}

{
  "session_id": "c5ab43be-7c6b-4770-99be-35ae49976ac2",
  "event_type": "player_move",
  "input": {"device":"keyboard","move_sequence":62},
  "player": {"position":{"x":6,"y":4}},
  "goal_reached":false,
  "timestamp":"2026-02-20T01:30:12Z"
}

{
  "session_id": "c5ab43be-7c6b-4770-99be-35ae49976ac2",
  "event_type": "player_move",
  "input": {"device":"keyboard","move_sequence":63},
  "player": {"position":{"x":6,"y":5}},
  "goal_reached":false,
  "timestamp":"2026-02-20T01:30:13Z"
}

{
  "session_id": "c5ab43be-7c6b-4770-99be-35ae49976ac2",
  "event_type": "player_move",
  "input": {"device":"keyboard","move_sequence":64},
  "player": {"position":{"x":6,"y":6}},
  "goal_reached":false,
  "timestamp":"2026-02-20T01:30:13Z"
}

{
  "session_id": "c5ab43be-7c6b-4770-99be-35ae49976ac2",
  "event_type": "player_move",
  "input": {"device":"keyboard","move_sequence":65},
  "player": {"position":{"x":7,"y":6}},
  "goal_reached":false,
  "timestamp":"2026-02-20T01:30:14Z"
}

{
  "session_id": "c5ab43be-7c6b-4770-99be-35ae49976ac2",
  "event_type": "player_move",
  "input": {"device":"keyboard","move_sequence":66},
  "player": {"position":{"x":7,"y":7}},
  "goal_reached":false,
  "timestamp":"2026-02-20T01:30:15Z"
}

{
  "session_id": "c5ab43be-7c6b-4770-99be-35ae49976ac2",
  "event_type": "player_move",
  "input": {"device":"keyboard","move_sequence":67},
  "player": {"position":{"x":8,"y":7}},
  "goal_reached":false,
  "timestamp":"2026-02-20T01:30:16Z"
}

{
  "session_id": "c5ab43be-7c6b-4770-99be-35ae49976ac2",
  "event_type": "player_move",
  "input": {"device":"keyboard","move_sequence":68},
  "player": {"position":{"x":9,"y":7}},
  "goal_reached":false,
  "timestamp":"2026-02-20T01:30:16Z"
}

{
  "session_id": "c5ab43be-7c6b-4770-99be-35ae49976ac2",
  "event_type": "player_move",
  "input": {"device":"keyboard","move_sequence":69},
  "player": {"position":{"x":9,"y":8}},
  "goal_reached":false,
  "timestamp":"2026-02-20T01:30:17Z"
}

{
  "session_id": "c5ab43be-7c6b-4770-99be-35ae49976ac2",
  "event_type": "player_move",
  "input": {"device":"keyboard","move_sequence":70},
  "player": {"position":{"x":9,"y":9}},
  "goal_reached":false,
  "timestamp":"2026-02-20T01:30:17Z"
}

{
  "session_id": "c5ab43be-7c6b-4770-99be-35ae49976ac2",
  "event_type": "player_move",
  "input": {"device":"keyboard","move_sequence":71},
  "player": {"position":{"x":10,"y":9}},
  "goal_reached":false,
  "timestamp":"2026-02-20T01:30:18Z"
}

{
  "session_id": "c5ab43be-7c6b-4770-99be-35ae49976ac2",
  "event_type": "player_move",
  "input": {"device":"keyboard","move_sequence":72},
  "player": {"position":{"x":10,"y":8}},
  "goal_reached":false,
  "timestamp":"2026-02-20T01:30:18Z"
}

{
  "session_id": "c5ab43be-7c6b-4770-99be-35ae49976ac2",
  "event_type": "player_move",
  "input": {"device":"keyboard","move_sequence":73},
  "player": {"position":{"x":11,"y":8}},
  "goal_reached":false,
  "timestamp":"2026-02-20T01:30:19Z"
}

{
  "session_id": "c5ab43be-7c6b-4770-99be-35ae49976ac2",
  "event_type": "player_move",
  "input": {"device":"keyboard","move_sequence":74},
  "player": {"position":{"x":11,"y":9}},
  "goal_reached":false,
  "timestamp":"2026-02-20T01:30:20Z"
}

{
  "session_id": "c5ab43be-7c6b-4770-99be-35ae49976ac2",
  "event_type": "player_move",
  "input": {"device":"keyboard","move_sequence":75},
  "player": {"position":{"x":12,"y":9}},
  "goal_reached":false,
  "timestamp":"2026-02-20T01:30:20Z"
}

{
  "session_id": "c5ab43be-7c6b-4770-99be-35ae49976ac2",
  "event_type": "player_move",
  "input": {"device":"keyboard","move_sequence":76},
  "player": {"position":{"x":12,"y":8}},
  "goal_reached":false,
  "timestamp":"2026-02-20T01:30:21Z"
}

{
  "session_id": "c5ab43be-7c6b-4770-99be-35ae49976ac2",
  "event_type": "player_move",
  "input": {"device":"keyboard","move_sequence":77},
  "player": {"position":{"x":12,"y":7}},
  "goal_reached":false,
  "timestamp":"2026-02-20T01:30:21Z"
}

{
  "session_id": "c5ab43be-7c6b-4770-99be-35ae49976ac2",
  "event_type": "player_move",
  "input": {"device":"keyboard","move_sequence":78},
  "player": {"position":{"x":12,"y":6}},
  "goal_reached":false,
  "timestamp":"2026-02-20T01:30:22Z"
}

{
  "session_id": "c5ab43be-7c6b-4770-99be-35ae49976ac2",
  "event_type": "player_move",
  "input": {"device":"keyboard","move_sequence":79},
  "player": {"position":{"x":13,"y":6}},
  "goal_reached":false,
  "timestamp":"2026-02-20T01:30:22Z"
}

{
  "session_id": "c5ab43be-7c6b-4770-99be-35ae49976ac2",
  "event_type": "player_move",
  "input": {"device":"keyboard","move_sequence":80},
  "player": {"position":{"x":13,"y":7}},
  "goal_reached":false,
  "timestamp":"2026-02-20T01:30:24Z"
}

{
  "session_id": "c5ab43be-7c6b-4770-99be-35ae49976ac2",
  "event_type": "player_move",
  "input": {"device":"keyboard","move_sequence":81},
  "player": {"position":{"x":14,"y":7}},
  "goal_reached":false,
  "timestamp":"2026-02-20T01:30:25Z"
}

{
  "session_id": "c5ab43be-7c6b-4770-99be-35ae49976ac2",
  "event_type": "player_move",
  "input": {"device":"keyboard","move_sequence":82},
  "player": {"position":{"x":14,"y":8}},
  "goal_reached":false,
  "timestamp":"2026-02-20T01:30:26Z"
}

{
  "session_id": "c5ab43be-7c6b-4770-99be-35ae49976ac2",
  "event_type": "player_move",
  "input": {"device":"keyboard","move_sequence":83},
  "player": {"position":{"x":13,"y":8}},
  "goal_reached":false,
  "timestamp":"2026-02-20T01:30:26Z"
}

{
  "session_id": "c5ab43be-7c6b-4770-99be-35ae49976ac2",
  "event_type": "player_move",
  "input": {"device":"keyboard","move_sequence":84},
  "player": {"position":{"x":13,"y":9}},
  "goal_reached":false,
  "timestamp":"2026-02-20T01:30:27Z"
}

{
  "session_id": "c5ab43be-7c6b-4770-99be-35ae49976ac2",
  "event_type": "player_move",
  "input": {"device":"keyboard","move_sequence":85},
  "player": {"position":{"x":13,"y":10}},
  "goal_reached":false,
  "timestamp":"2026-02-20T01:30:27Z"
}

{
  "session_id": "c5ab43be-7c6b-4770-99be-35ae49976ac2",
  "event_type": "player_move",
  "input": {"device":"keyboard","move_sequence":86},
  "player": {"position":{"x":12,"y":10}},
  "goal_reached":false,
  "timestamp":"2026-02-20T01:30:28Z"
}

{
  "session_id": "c5ab43be-7c6b-4770-99be-35ae49976ac2",
  "event_type": "player_move",
  "input": {"device":"keyboard","move_sequence":87},
  "player": {"position":{"x":12,"y":11}},
  "goal_reached":false,
  "timestamp":"2026-02-20T01:30:28Z"
}

{
  "session_id": "c5ab43be-7c6b-4770-99be-35ae49976ac2",
  "event_type": "player_move",
  "input": {"device":"keyboard","move_sequence":88},
  "player": {"position":{"x":13,"y":11}},
  "goal_reached":false,
  "timestamp":"2026-02-20T01:30:29Z"
}

{
  "session_id": "c5ab43be-7c6b-4770-99be-35ae49976ac2",
  "event_type": "player_move",
  "input": {"device":"keyboard","move_sequence":89},
  "player": {"position":{"x":14,"y":11}},
  "goal_reached":false,
  "timestamp":"2026-02-20T01:30:30Z"
}

{
  "session_id": "c5ab43be-7c6b-4770-99be-35ae49976ac2",
  "event_type": "player_move",
  "input": {"device":"keyboard","move_sequence":90},
  "player": {"position":{"x":14,"y":10}},
  "goal_reached":false,
  "timestamp":"2026-02-20T01:30:30Z"
}

{
  "session_id": "c5ab43be-7c6b-4770-99be-35ae49976ac2",
  "event_type": "player_move",
  "input": {"device":"keyboard","move_sequence":91},
  "player": {"position":{"x":15,"y":10}},
  "goal_reached":false,
  "timestamp":"2026-02-20T01:30:31Z"
}

{
  "session_id": "c5ab43be-7c6b-4770-99be-35ae49976ac2",
  "event_type": "player_move",
  "input": {"device":"keyboard","move_sequence":92},
  "player": {"position":{"x":16,"y":10}},
  "goal_reached":false,
  "timestamp":"2026-02-20T01:30:31Z"
}

{
  "session_id": "c5ab43be-7c6b-4770-99be-35ae49976ac2",
  "event_type": "player_move",
  "input": {"device":"keyboard","move_sequence":93},
  "player": {"position":{"x":16,"y":11}},
  "goal_reached":false,
  "timestamp":"2026-02-20T01:30:32Z"
}

{
  "session_id": "c5ab43be-7c6b-4770-99be-35ae49976ac2",
  "event_type": "player_move",
  "input": {"device":"keyboard","move_sequence":94},
  "player": {"position":{"x":17,"y":11}},
  "goal_reached":false,
  "timestamp":"2026-02-20T01:30:32Z"
}

{
  "session_id": "c5ab43be-7c6b-4770-99be-35ae49976ac2",
  "event_type": "player_move",
  "input": {"device":"keyboard","move_sequence":95},
  "player": {"position":{"x":17,"y":10}},
  "goal_reached":false,
  "timestamp":"2026-02-20T01:30:33Z"
}

{
  "session_id": "c5ab43be-7c6b-4770-99be-35ae49976ac2",
  "event_type": "player_move",
  "input": {"device":"keyboard","move_sequence":96},
  "player": {"position":{"x":18,"y":10}},
  "goal_reached":false,
  "timestamp":"2026-02-20T01:30:34Z"
}

{
  "session_id": "c5ab43be-7c6b-4770-99be-35ae49976ac2",
  "event_type": "player_move",
  "input": {"device":"keyboard","move_sequence":97},
  "player": {"position":{"x":18,"y":11}},
  "goal_reached":false,
  "timestamp":"2026-02-20T01:30:34Z"
}

{
  "session_id": "c5ab43be-7c6b-4770-99be-35ae49976ac2",
  "event_type": "player_move",
  "input": {"device":"keyboard","move_sequence":98},
  "player": {"position":{"x":18,"y":12}},
  "goal_reached":false,
  "timestamp":"2026-02-20T01:30:35Z"
}

{
  "session_id": "c5ab43be-7c6b-4770-99be-35ae49976ac2",
  "event_type": "player_move",
  "input": {"device":"keyboard","move_sequence":99},
  "player": {"position":{"x":19,"y":12}},
  "goal_reached":false,
  "timestamp":"2026-02-20T01:30:35Z"
}

{
  "session_id": "c5ab43be-7c6b-4770-99be-35ae49976ac2",
  "event_type": "player_move",
  "input": {"device":"keyboard","move_sequence":100},
  "player": {"position":{"x":19,"y":11}},
  "goal_reached":false,
  "timestamp":"2026-02-20T01:30:36Z"
}

{
  "session_id": "c5ab43be-7c6b-4770-99be-35ae49976ac2",
  "event_type": "player_move",
  "input": {"device":"keyboard","move_sequence":101},
  "player": {"position":{"x":20,"y":11}},
  "goal_reached":false,
  "timestamp":"2026-02-20T01:30:36Z"
}

{
  "session_id": "c5ab43be-7c6b-4770-99be-35ae49976ac2",
  "event_type": "player_move",
  "input": {"device":"keyboard","move_sequence":102},
  "player": {"position":{"x":20,"y":12}},
  "goal_reached":false,
  "timestamp":"2026-02-20T01:30:37Z"
}

{
  "session_id": "c5ab43be-7c6b-4770-99be-35ae49976ac2",
  "event_type": "player_move",
  "input": {"device":"keyboard","move_sequence":103},
  "player": {"position":{"x":20,"y":13}},
  "goal_reached":false,
  "timestamp":"2026-02-20T01:30:37Z"
}

{
  "session_id": "c5ab43be-7c6b-4770-99be-35ae49976ac2",
  "event_type": "player_move",
  "input": {"device":"keyboard","move_sequence":104},
  "player": {"position":{"x":19,"y":13}},
  "goal_reached":false,
  "timestamp":"2026-02-20T01:30:38Z"
}

{
  "session_id": "c5ab43be-7c6b-4770-99be-35ae49976ac2",
  "event_type": "player_move",
  "input": {"device":"keyboard","move_sequence":105},
  "player": {"position":{"x":19,"y":14}},
  "goal_reached":false,
  "timestamp":"2026-02-20T01:30:38Z"
}

{
  "session_id": "c5ab43be-7c6b-4770-99be-35ae49976ac2",
  "event_type": "player_move",
  "input": {"device":"keyboard","move_sequence":106},
  "player": {"position":{"x":20,"y":14}},
  "goal_reached":true,
  "timestamp":"2026-02-20T01:30:39Z"
}

{
  "session_id": "9092ca1f-8e64-4d6d-a11c-3f71db2f6462",
  "event_type": "player_move",
  "input": {"device":"keyboard","move_sequence":1},
  "player": {"position":{"x":0,"y":1}},
  "goal_reached":false,
  "timestamp":"2026-02-20T01:45:53Z"
}

{
  "session_id": "9092ca1f-8e64-4d6d-a11c-3f71db2f6462",
  "event_type": "player_move",
  "input": {"device":"keyboard","move_sequence":2},
  "player": {"position":{"x":1,"y":1}},
  "goal_reached":false,
  "timestamp":"2026-02-20T01:45:54Z"
}

{
  "session_id": "9092ca1f-8e64-4d6d-a11c-3f71db2f6462",
  "event_type": "player_move",
  "input": {"device":"keyboard","move_sequence":3},
  "player": {"position":{"x":1,"y":2}},
  "goal_reached":false,
  "timestamp":"2026-02-20T01:45:55Z"
}

{
  "session_id": "9092ca1f-8e64-4d6d-a11c-3f71db2f6462",
  "event_type": "player_move",
  "input": {"device":"keyboard","move_sequence":4},
  "player": {"position":{"x":0,"y":2}},
  "goal_reached":false,
  "timestamp":"2026-02-20T01:45:55Z"
}

{
  "session_id": "9092ca1f-8e64-4d6d-a11c-3f71db2f6462",
  "event_type": "player_move",
  "input": {"device":"keyboard","move_sequence":5},
  "player": {"position":{"x":0,"y":3}},
  "goal_reached":false,
  "timestamp":"2026-02-20T01:45:56Z"
}

{
  "session_id": "9092ca1f-8e64-4d6d-a11c-3f71db2f6462",
  "event_type": "player_move",
  "input": {"device":"keyboard","move_sequence":6},
  "player": {"position":{"x":0,"y":4}},
  "goal_reached":false,
  "timestamp":"2026-02-20T01:45:56Z"
}

{
  "session_id": "9092ca1f-8e64-4d6d-a11c-3f71db2f6462",
  "event_type": "player_move",
  "input": {"device":"keyboard","move_sequence":7},
  "player": {"position":{"x":0,"y":5}},
  "goal_reached":false,
  "timestamp":"2026-02-20T01:45:57Z"
}

{
  "session_id": "9092ca1f-8e64-4d6d-a11c-3f71db2f6462",
  "event_type": "player_move",
  "input": {"device":"keyboard","move_sequence":8},
  "player": {"position":{"x":0,"y":6}},
  "goal_reached":false,
  "timestamp":"2026-02-20T01:45:57Z"
}

{
  "session_id": "9092ca1f-8e64-4d6d-a11c-3f71db2f6462",
  "event_type": "player_move",
  "input": {"device":"keyboard","move_sequence":9},
  "player": {"position":{"x":1,"y":6}},
  "goal_reached":false,
  "timestamp":"2026-02-20T01:45:58Z"
}

{
  "session_id": "9092ca1f-8e64-4d6d-a11c-3f71db2f6462",
  "event_type": "player_move",
  "input": {"device":"keyboard","move_sequence":10},
  "player": {"position":{"x":1,"y":5}},
  "goal_reached":false,
  "timestamp":"2026-02-20T01:45:58Z"
}

{
  "session_id": "9092ca1f-8e64-4d6d-a11c-3f71db2f6462",
  "event_type": "player_move",
  "input": {"device":"keyboard","move_sequence":11},
  "player": {"position":{"x":2,"y":5}},
  "goal_reached":false,
  "timestamp":"2026-02-20T01:45:59Z"
}

{
  "session_id": "9092ca1f-8e64-4d6d-a11c-3f71db2f6462",
  "event_type": "player_move",
  "input": {"device":"keyboard","move_sequence":12},
  "player": {"position":{"x":2,"y":6}},
  "goal_reached":false,
  "timestamp":"2026-02-20T01:45:59Z"
}

{
  "session_id": "9092ca1f-8e64-4d6d-a11c-3f71db2f6462",
  "event_type": "player_move",
  "input": {"device":"keyboard","move_sequence":13},
  "player": {"position":{"x":3,"y":6}},
  "goal_reached":false,
  "timestamp":"2026-02-20T01:46:00Z"
}

{
  "session_id": "9092ca1f-8e64-4d6d-a11c-3f71db2f6462",
  "event_type": "player_move",
  "input": {"device":"keyboard","move_sequence":14},
  "player": {"position":{"x":4,"y":6}},
  "goal_reached":false,
  "timestamp":"2026-02-20T01:46:00Z"
}

{
  "session_id": "9092ca1f-8e64-4d6d-a11c-3f71db2f6462",
  "event_type": "player_move",
  "input": {"device":"keyboard","move_sequence":15},
  "player": {"position":{"x":4,"y":5}},
  "goal_reached":false,
  "timestamp":"2026-02-20T01:46:01Z"
}

{
  "session_id": "9092ca1f-8e64-4d6d-a11c-3f71db2f6462",
  "event_type": "player_move",
  "input": {"device":"keyboard","move_sequence":16},
  "player": {"position":{"x":5,"y":5}},
  "goal_reached":false,
  "timestamp":"2026-02-20T01:46:02Z"
}

{
  "session_id": "9092ca1f-8e64-4d6d-a11c-3f71db2f6462",
  "event_type": "player_move",
  "input": {"device":"keyboard","move_sequence":17},
  "player": {"position":{"x":5,"y":6}},
  "goal_reached":false,
  "timestamp":"2026-02-20T01:46:02Z"
}

{
  "session_id": "9092ca1f-8e64-4d6d-a11c-3f71db2f6462",
  "event_type": "player_move",
  "input": {"device":"keyboard","move_sequence":18},
  "player": {"position":{"x":5,"y":7}},
  "goal_reached":false,
  "timestamp":"2026-02-20T01:46:03Z"
}

{
  "session_id": "9092ca1f-8e64-4d6d-a11c-3f71db2f6462",
  "event_type": "player_move",
  "input": {"device":"keyboard","move_sequence":19},
  "player": {"position":{"x":4,"y":7}},
  "goal_reached":false,
  "timestamp":"2026-02-20T01:46:03Z"
}

{
  "session_id": "9092ca1f-8e64-4d6d-a11c-3f71db2f6462",
  "event_type": "player_move",
  "input": {"device":"keyboard","move_sequence":20},
  "player": {"position":{"x":4,"y":8}},
  "goal_reached":false,
  "timestamp":"2026-02-20T01:46:04Z"
}

{
  "session_id": "9092ca1f-8e64-4d6d-a11c-3f71db2f6462",
  "event_type": "player_move",
  "input": {"device":"keyboard","move_sequence":21},
  "player": {"position":{"x":3,"y":8}},
  "goal_reached":false,
  "timestamp":"2026-02-20T01:46:04Z"
}

{
  "session_id": "9092ca1f-8e64-4d6d-a11c-3f71db2f6462",
  "event_type": "player_move",
  "input": {"device":"keyboard","move_sequence":22},
  "player": {"position":{"x":2,"y":8}},
  "goal_reached":false,
  "timestamp":"2026-02-20T01:46:05Z"
}

{
  "session_id": "9092ca1f-8e64-4d6d-a11c-3f71db2f6462",
  "event_type": "player_move",
  "input": {"device":"keyboard","move_sequence":23},
  "player": {"position":{"x":2,"y":9}},
  "goal_reached":false,
  "timestamp":"2026-02-20T01:46:06Z"
}

{
  "session_id": "9092ca1f-8e64-4d6d-a11c-3f71db2f6462",
  "event_type": "player_move",
  "input": {"device":"keyboard","move_sequence":24},
  "player": {"position":{"x":1,"y":9}},
  "goal_reached":false,
  "timestamp":"2026-02-20T01:46:06Z"
}

{
  "session_id": "9092ca1f-8e64-4d6d-a11c-3f71db2f6462",
  "event_type": "player_move",
  "input": {"device":"keyboard","move_sequence":25},
  "player": {"position":{"x":1,"y":10}},
  "goal_reached":false,
  "timestamp":"2026-02-20T01:46:07Z"
}

{
  "session_id": "9092ca1f-8e64-4d6d-a11c-3f71db2f6462",
  "event_type": "player_move",
  "input": {"device":"keyboard","move_sequence":26},
  "player": {"position":{"x":1,"y":11}},
  "goal_reached":false,
  "timestamp":"2026-02-20T01:46:07Z"
}

{
  "session_id": "9092ca1f-8e64-4d6d-a11c-3f71db2f6462",
  "event_type": "player_move",
  "input": {"device":"keyboard","move_sequence":27},
  "player": {"position":{"x":0,"y":11}},
  "goal_reached":false,
  "timestamp":"2026-02-20T01:46:08Z"
}

{
  "session_id": "9092ca1f-8e64-4d6d-a11c-3f71db2f6462",
  "event_type": "player_move",
  "input": {"device":"keyboard","move_sequence":28},
  "player": {"position":{"x":0,"y":10}},
  "goal_reached":false,
  "timestamp":"2026-02-20T01:46:08Z"
}

{
  "session_id": "9092ca1f-8e64-4d6d-a11c-3f71db2f6462",
  "event_type": "player_move",
  "input": {"device":"keyboard","move_sequence":29},
  "player": {"position":{"x":0,"y":9}},
  "goal_reached":false,
  "timestamp":"2026-02-20T01:46:09Z"
}

{
  "session_id": "9092ca1f-8e64-4d6d-a11c-3f71db2f6462",
  "event_type": "player_move",
  "input": {"device":"keyboard","move_sequence":30},
  "player": {"position":{"x":0,"y":10}},
  "goal_reached":false,
  "timestamp":"2026-02-20T01:46:10Z"
}

{
  "session_id": "9092ca1f-8e64-4d6d-a11c-3f71db2f6462",
  "event_type": "player_move",
  "input": {"device":"keyboard","move_sequence":31},
  "player": {"position":{"x":0,"y":11}},
  "goal_reached":false,
  "timestamp":"2026-02-20T01:46:10Z"
}

{
  "session_id": "9092ca1f-8e64-4d6d-a11c-3f71db2f6462",
  "event_type": "player_move",
  "input": {"device":"keyboard","move_sequence":32},
  "player": {"position":{"x":0,"y":12}},
  "goal_reached":false,
  "timestamp":"2026-02-20T01:46:10Z"
}

{
  "session_id": "9092ca1f-8e64-4d6d-a11c-3f71db2f6462",
  "event_type": "player_move",
  "input": {"device":"keyboard","move_sequence":33},
  "player": {"position":{"x":1,"y":12}},
  "goal_reached":false,
  "timestamp":"2026-02-20T01:46:11Z"
}

{
  "session_id": "9092ca1f-8e64-4d6d-a11c-3f71db2f6462",
  "event_type": "player_move",
  "input": {"device":"keyboard","move_sequence":34},
  "player": {"position":{"x":2,"y":12}},
  "goal_reached":false,
  "timestamp":"2026-02-20T01:46:12Z"
}

{
  "session_id": "9092ca1f-8e64-4d6d-a11c-3f71db2f6462",
  "event_type": "player_move",
  "input": {"device":"keyboard","move_sequence":35},
  "player": {"position":{"x":2,"y":13}},
  "goal_reached":false,
  "timestamp":"2026-02-20T01:46:12Z"
}

{
  "session_id": "9092ca1f-8e64-4d6d-a11c-3f71db2f6462",
  "event_type": "player_move",
  "input": {"device":"keyboard","move_sequence":36},
  "player": {"position":{"x":1,"y":13}},
  "goal_reached":false,
  "timestamp":"2026-02-20T01:46:13Z"
}

{
  "session_id": "9092ca1f-8e64-4d6d-a11c-3f71db2f6462",
  "event_type": "player_move",
  "input": {"device":"keyboard","move_sequence":37},
  "player": {"position":{"x":1,"y":14}},
  "goal_reached":false,
  "timestamp":"2026-02-20T01:46:14Z"
}

{
  "session_id": "9092ca1f-8e64-4d6d-a11c-3f71db2f6462",
  "event_type": "player_move",
  "input": {"device":"keyboard","move_sequence":38},
  "player": {"position":{"x":2,"y":14}},
  "goal_reached":false,
  "timestamp":"2026-02-20T01:46:14Z"
}

{
  "session_id": "9092ca1f-8e64-4d6d-a11c-3f71db2f6462",
  "event_type": "player_move",
  "input": {"device":"keyboard","move_sequence":39},
  "player": {"position":{"x":3,"y":14}},
  "goal_reached":false,
  "timestamp":"2026-02-20T01:46:15Z"
}

{
  "session_id": "9092ca1f-8e64-4d6d-a11c-3f71db2f6462",
  "event_type": "player_move",
  "input": {"device":"keyboard","move_sequence":40},
  "player": {"position":{"x":3,"y":13}},
  "goal_reached":false,
  "timestamp":"2026-02-20T01:46:15Z"
}

{
  "session_id": "9092ca1f-8e64-4d6d-a11c-3f71db2f6462",
  "event_type": "player_move",
  "input": {"device":"keyboard","move_sequence":41},
  "player": {"position":{"x":3,"y":12}},
  "goal_reached":false,
  "timestamp":"2026-02-20T01:46:16Z"
}

{
  "session_id": "9092ca1f-8e64-4d6d-a11c-3f71db2f6462",
  "event_type": "player_move",
  "input": {"device":"keyboard","move_sequence":42},
  "player": {"position":{"x":4,"y":12}},
  "goal_reached":false,
  "timestamp":"2026-02-20T01:46:16Z"
}

{
  "session_id": "9092ca1f-8e64-4d6d-a11c-3f71db2f6462",
  "event_type": "player_move",
  "input": {"device":"keyboard","move_sequence":43},
  "player": {"position":{"x":5,"y":12}},
  "goal_reached":false,
  "timestamp":"2026-02-20T01:46:17Z"
}

{
  "session_id": "9092ca1f-8e64-4d6d-a11c-3f71db2f6462",
  "event_type": "player_move",
  "input": {"device":"keyboard","move_sequence":44},
  "player": {"position":{"x":5,"y":13}},
  "goal_reached":false,
  "timestamp":"2026-02-20T01:46:17Z"
}

{
  "session_id": "9092ca1f-8e64-4d6d-a11c-3f71db2f6462",
  "event_type": "player_move",
  "input": {"device":"keyboard","move_sequence":45},
  "player": {"position":{"x":5,"y":14}},
  "goal_reached":false,
  "timestamp":"2026-02-20T01:46:18Z"
}

{
  "session_id": "9092ca1f-8e64-4d6d-a11c-3f71db2f6462",
  "event_type": "player_move",
  "input": {"device":"keyboard","move_sequence":46},
  "player": {"position":{"x":6,"y":14}},
  "goal_reached":false,
  "timestamp":"2026-02-20T01:46:18Z"
}

{
  "session_id": "9092ca1f-8e64-4d6d-a11c-3f71db2f6462",
  "event_type": "player_move",
  "input": {"device":"keyboard","move_sequence":47},
  "player": {"position":{"x":7,"y":14}},
  "goal_reached":false,
  "timestamp":"2026-02-20T01:46:19Z"
}

{
  "session_id": "9092ca1f-8e64-4d6d-a11c-3f71db2f6462",
  "event_type": "player_move",
  "input": {"device":"keyboard","move_sequence":48},
  "player": {"position":{"x":8,"y":14}},
  "goal_reached":false,
  "timestamp":"2026-02-20T01:46:19Z"
}

{
  "session_id": "9092ca1f-8e64-4d6d-a11c-3f71db2f6462",
  "event_type": "player_move",
  "input": {"device":"keyboard","move_sequence":49},
  "player": {"position":{"x":9,"y":14}},
  "goal_reached":false,
  "timestamp":"2026-02-20T01:46:19Z"
}

{
  "session_id": "9092ca1f-8e64-4d6d-a11c-3f71db2f6462",
  "event_type": "player_move",
  "input": {"device":"keyboard","move_sequence":50},
  "player": {"position":{"x":9,"y":13}},
  "goal_reached":false,
  "timestamp":"2026-02-20T01:46:20Z"
}

{
  "session_id": "9092ca1f-8e64-4d6d-a11c-3f71db2f6462",
  "event_type": "player_move",
  "input": {"device":"keyboard","move_sequence":51},
  "player": {"position":{"x":9,"y":12}},
  "goal_reached":false,
  "timestamp":"2026-02-20T01:46:20Z"
}

{
  "session_id": "9092ca1f-8e64-4d6d-a11c-3f71db2f6462",
  "event_type": "player_move",
  "input": {"device":"keyboard","move_sequence":52},
  "player": {"position":{"x":10,"y":12}},
  "goal_reached":false,
  "timestamp":"2026-02-20T01:46:21Z"
}

{
  "session_id": "9092ca1f-8e64-4d6d-a11c-3f71db2f6462",
  "event_type": "player_move",
  "input": {"device":"keyboard","move_sequence":53},
  "player": {"position":{"x":11,"y":12}},
  "goal_reached":false,
  "timestamp":"2026-02-20T01:46:22Z"
}

{
  "session_id": "9092ca1f-8e64-4d6d-a11c-3f71db2f6462",
  "event_type": "player_move",
  "input": {"device":"keyboard","move_sequence":54},
  "player": {"position":{"x":11,"y":13}},
  "goal_reached":false,
  "timestamp":"2026-02-20T01:46:22Z"
}

{
  "session_id": "9092ca1f-8e64-4d6d-a11c-3f71db2f6462",
  "event_type": "player_move",
  "input": {"device":"keyboard","move_sequence":55},
  "player": {"position":{"x":11,"y":14}},
  "goal_reached":false,
  "timestamp":"2026-02-20T01:46:23Z"
}

{
  "session_id": "9092ca1f-8e64-4d6d-a11c-3f71db2f6462",
  "event_type": "player_move",
  "input": {"device":"keyboard","move_sequence":56},
  "player": {"position":{"x":12,"y":14}},
  "goal_reached":false,
  "timestamp":"2026-02-20T01:46:23Z"
}

{
  "session_id": "9092ca1f-8e64-4d6d-a11c-3f71db2f6462",
  "event_type": "player_move",
  "input": {"device":"keyboard","move_sequence":57},
  "player": {"position":{"x":13,"y":14}},
  "goal_reached":false,
  "timestamp":"2026-02-20T01:46:24Z"
}

{
  "session_id": "9092ca1f-8e64-4d6d-a11c-3f71db2f6462",
  "event_type": "player_move",
  "input": {"device":"keyboard","move_sequence":58},
  "player": {"position":{"x":14,"y":14}},
  "goal_reached":false,
  "timestamp":"2026-02-20T01:46:24Z"
}

{
  "session_id": "9092ca1f-8e64-4d6d-a11c-3f71db2f6462",
  "event_type": "player_move",
  "input": {"device":"keyboard","move_sequence":59},
  "player": {"position":{"x":15,"y":14}},
  "goal_reached":false,
  "timestamp":"2026-02-20T01:46:24Z"
}

{
  "session_id": "9092ca1f-8e64-4d6d-a11c-3f71db2f6462",
  "event_type": "player_move",
  "input": {"device":"keyboard","move_sequence":60},
  "player": {"position":{"x":16,"y":14}},
  "goal_reached":false,
  "timestamp":"2026-02-20T01:46:25Z"
}

{
  "session_id": "9092ca1f-8e64-4d6d-a11c-3f71db2f6462",
  "event_type": "player_move",
  "input": {"device":"keyboard","move_sequence":61},
  "player": {"position":{"x":16,"y":13}},
  "goal_reached":false,
  "timestamp":"2026-02-20T01:46:25Z"
}

{
  "session_id": "9092ca1f-8e64-4d6d-a11c-3f71db2f6462",
  "event_type": "player_move",
  "input": {"device":"keyboard","move_sequence":62},
  "player": {"position":{"x":16,"y":12}},
  "goal_reached":false,
  "timestamp":"2026-02-20T01:46:26Z"
}

{
  "session_id": "9092ca1f-8e64-4d6d-a11c-3f71db2f6462",
  "event_type": "player_move",
  "input": {"device":"keyboard","move_sequence":63},
  "player": {"position":{"x":17,"y":12}},
  "goal_reached":false,
  "timestamp":"2026-02-20T01:46:26Z"
}

{
  "session_id": "9092ca1f-8e64-4d6d-a11c-3f71db2f6462",
  "event_type": "player_move",
  "input": {"device":"keyboard","move_sequence":64},
  "player": {"position":{"x":17,"y":11}},
  "goal_reached":false,
  "timestamp":"2026-02-20T01:46:27Z"
}

{
  "session_id": "9092ca1f-8e64-4d6d-a11c-3f71db2f6462",
  "event_type": "player_move",
  "input": {"device":"keyboard","move_sequence":65},
  "player": {"position":{"x":17,"y":10}},
  "goal_reached":false,
  "timestamp":"2026-02-20T01:46:28Z"
}

{
  "session_id": "9092ca1f-8e64-4d6d-a11c-3f71db2f6462",
  "event_type": "player_move",
  "input": {"device":"keyboard","move_sequence":66},
  "player": {"position":{"x":16,"y":10}},
  "goal_reached":false,
  "timestamp":"2026-02-20T01:46:28Z"
}

{
  "session_id": "9092ca1f-8e64-4d6d-a11c-3f71db2f6462",
  "event_type": "player_move",
  "input": {"device":"keyboard","move_sequence":67},
  "player": {"position":{"x":16,"y":11}},
  "goal_reached":false,
  "timestamp":"2026-02-20T01:46:29Z"
}

{
  "session_id": "9092ca1f-8e64-4d6d-a11c-3f71db2f6462",
  "event_type": "player_move",
  "input": {"device":"keyboard","move_sequence":68},
  "player": {"position":{"x":15,"y":11}},
  "goal_reached":false,
  "timestamp":"2026-02-20T01:46:29Z"
}

{
  "session_id": "9092ca1f-8e64-4d6d-a11c-3f71db2f6462",
  "event_type": "player_move",
  "input": {"device":"keyboard","move_sequence":69},
  "player": {"position":{"x":14,"y":11}},
  "goal_reached":false,
  "timestamp":"2026-02-20T01:46:30Z"
}

{
  "session_id": "9092ca1f-8e64-4d6d-a11c-3f71db2f6462",
  "event_type": "player_move",
  "input": {"device":"keyboard","move_sequence":70},
  "player": {"position":{"x":13,"y":11}},
  "goal_reached":false,
  "timestamp":"2026-02-20T01:46:31Z"
}

{
  "session_id": "9092ca1f-8e64-4d6d-a11c-3f71db2f6462",
  "event_type": "player_move",
  "input": {"device":"keyboard","move_sequence":71},
  "player": {"position":{"x":13,"y":10}},
  "goal_reached":false,
  "timestamp":"2026-02-20T01:46:32Z"
}

{
  "session_id": "9092ca1f-8e64-4d6d-a11c-3f71db2f6462",
  "event_type": "player_move",
  "input": {"device":"keyboard","move_sequence":72},
  "player": {"position":{"x":13,"y":9}},
  "goal_reached":false,
  "timestamp":"2026-02-20T01:46:32Z"
}

{
  "session_id": "9092ca1f-8e64-4d6d-a11c-3f71db2f6462",
  "event_type": "player_move",
  "input": {"device":"keyboard","move_sequence":73},
  "player": {"position":{"x":13,"y":8}},
  "goal_reached":false,
  "timestamp":"2026-02-20T01:46:33Z"
}

{
  "session_id": "9092ca1f-8e64-4d6d-a11c-3f71db2f6462",
  "event_type": "player_move",
  "input": {"device":"keyboard","move_sequence":74},
  "player": {"position":{"x":12,"y":8}},
  "goal_reached":false,
  "timestamp":"2026-02-20T01:46:33Z"
}

{
  "session_id": "9092ca1f-8e64-4d6d-a11c-3f71db2f6462",
  "event_type": "player_move",
  "input": {"device":"keyboard","move_sequence":75},
  "player": {"position":{"x":12,"y":7}},
  "goal_reached":false,
  "timestamp":"2026-02-20T01:46:34Z"
}

{
  "session_id": "9092ca1f-8e64-4d6d-a11c-3f71db2f6462",
  "event_type": "player_move",
  "input": {"device":"keyboard","move_sequence":76},
  "player": {"position":{"x":12,"y":6}},
  "goal_reached":false,
  "timestamp":"2026-02-20T01:46:34Z"
}

{
  "session_id": "9092ca1f-8e64-4d6d-a11c-3f71db2f6462",
  "event_type": "player_move",
  "input": {"device":"keyboard","move_sequence":77},
  "player": {"position":{"x":11,"y":6}},
  "goal_reached":false,
  "timestamp":"2026-02-20T01:46:35Z"
}

{
  "session_id": "9092ca1f-8e64-4d6d-a11c-3f71db2f6462",
  "event_type": "player_move",
  "input": {"device":"keyboard","move_sequence":78},
  "player": {"position":{"x":10,"y":6}},
  "goal_reached":false,
  "timestamp":"2026-02-20T01:46:35Z"
}

{
  "session_id": "9092ca1f-8e64-4d6d-a11c-3f71db2f6462",
  "event_type": "player_move",
  "input": {"device":"keyboard","move_sequence":79},
  "player": {"position":{"x":10,"y":7}},
  "goal_reached":false,
  "timestamp":"2026-02-20T01:46:36Z"
}

{
  "session_id": "9092ca1f-8e64-4d6d-a11c-3f71db2f6462",
  "event_type": "player_move",
  "input": {"device":"keyboard","move_sequence":80},
  "player": {"position":{"x":10,"y":8}},
  "goal_reached":false,
  "timestamp":"2026-02-20T01:46:36Z"
}

{
  "session_id": "9092ca1f-8e64-4d6d-a11c-3f71db2f6462",
  "event_type": "player_move",
  "input": {"device":"keyboard","move_sequence":81},
  "player": {"position":{"x":10,"y":9}},
  "goal_reached":false,
  "timestamp":"2026-02-20T01:46:37Z"
}

{
  "session_id": "9092ca1f-8e64-4d6d-a11c-3f71db2f6462",
  "event_type": "player_move",
  "input": {"device":"keyboard","move_sequence":82},
  "player": {"position":{"x":9,"y":9}},
  "goal_reached":false,
  "timestamp":"2026-02-20T01:46:37Z"
}

{
  "session_id": "9092ca1f-8e64-4d6d-a11c-3f71db2f6462",
  "event_type": "player_move",
  "input": {"device":"keyboard","move_sequence":83},
  "player": {"position":{"x":9,"y":8}},
  "goal_reached":false,
  "timestamp":"2026-02-20T01:46:38Z"
}

{
  "session_id": "9092ca1f-8e64-4d6d-a11c-3f71db2f6462",
  "event_type": "player_move",
  "input": {"device":"keyboard","move_sequence":84},
  "player": {"position":{"x":8,"y":8}},
  "goal_reached":false,
  "timestamp":"2026-02-20T01:46:38Z"
}

{
  "session_id": "9092ca1f-8e64-4d6d-a11c-3f71db2f6462",
  "event_type": "player_move",
  "input": {"device":"keyboard","move_sequence":85},
  "player": {"position":{"x":7,"y":8}},
  "goal_reached":false,
  "timestamp":"2026-02-20T01:46:42Z"
}

{
  "session_id": "9092ca1f-8e64-4d6d-a11c-3f71db2f6462",
  "event_type": "player_move",
  "input": {"device":"keyboard","move_sequence":86},
  "player": {"position":{"x":6,"y":8}},
  "goal_reached":false,
  "timestamp":"2026-02-20T01:46:44Z"
}

{
  "session_id": "9092ca1f-8e64-4d6d-a11c-3f71db2f6462",
  "event_type": "player_move",
  "input": {"device":"keyboard","move_sequence":87},
  "player": {"position":{"x":6,"y":7}},
  "goal_reached":false,
  "timestamp":"2026-02-20T01:46:45Z"
}

{
  "session_id": "9092ca1f-8e64-4d6d-a11c-3f71db2f6462",
  "event_type": "player_move",
  "input": {"device":"keyboard","move_sequence":88},
  "player": {"position":{"x":6,"y":6}},
  "goal_reached":false,
  "timestamp":"2026-02-20T01:46:45Z"
}

{
  "session_id": "9092ca1f-8e64-4d6d-a11c-3f71db2f6462",
  "event_type": "player_move",
  "input": {"device":"keyboard","move_sequence":89},
  "player": {"position":{"x":6,"y":5}},
  "goal_reached":false,
  "timestamp":"2026-02-20T01:46:46Z"
}

{
  "session_id": "9092ca1f-8e64-4d6d-a11c-3f71db2f6462",
  "event_type": "player_move",
  "input": {"device":"keyboard","move_sequence":90},
  "player": {"position":{"x":6,"y":4}},
  "goal_reached":false,
  "timestamp":"2026-02-20T01:46:46Z"
}

{
  "session_id": "9092ca1f-8e64-4d6d-a11c-3f71db2f6462",
  "event_type": "player_move",
  "input": {"device":"keyboard","move_sequence":91},
  "player": {"position":{"x":7,"y":4}},
  "goal_reached":false,
  "timestamp":"2026-02-20T01:46:47Z"
}

{
  "session_id": "9092ca1f-8e64-4d6d-a11c-3f71db2f6462",
  "event_type": "player_move",
  "input": {"device":"keyboard","move_sequence":92},
  "player": {"position":{"x":8,"y":4}},
  "goal_reached":false,
  "timestamp":"2026-02-20T01:46:47Z"
}

{
  "session_id": "9092ca1f-8e64-4d6d-a11c-3f71db2f6462",
  "event_type": "player_move",
  "input": {"device":"keyboard","move_sequence":93},
  "player": {"position":{"x":8,"y":3}},
  "goal_reached":false,
  "timestamp":"2026-02-20T01:46:48Z"
}

{
  "session_id": "9092ca1f-8e64-4d6d-a11c-3f71db2f6462",
  "event_type": "player_move",
  "input": {"device":"keyboard","move_sequence":94},
  "player": {"position":{"x":8,"y":2}},
  "goal_reached":false,
  "timestamp":"2026-02-20T01:46:48Z"
}

{
  "session_id": "9092ca1f-8e64-4d6d-a11c-3f71db2f6462",
  "event_type": "player_move",
  "input": {"device":"keyboard","move_sequence":95},
  "player": {"position":{"x":9,"y":2}},
  "goal_reached":false,
  "timestamp":"2026-02-20T01:46:49Z"
}

{
  "session_id": "9092ca1f-8e64-4d6d-a11c-3f71db2f6462",
  "event_type": "player_move",
  "input": {"device":"keyboard","move_sequence":96},
  "player": {"position":{"x":9,"y":1}},
  "goal_reached":false,
  "timestamp":"2026-02-20T01:46:50Z"
}

{
  "session_id": "9092ca1f-8e64-4d6d-a11c-3f71db2f6462",
  "event_type": "player_move",
  "input": {"device":"keyboard","move_sequence":97},
  "player": {"position":{"x":10,"y":1}},
  "goal_reached":false,
  "timestamp":"2026-02-20T01:46:50Z"
}

{
  "session_id": "9092ca1f-8e64-4d6d-a11c-3f71db2f6462",
  "event_type": "player_move",
  "input": {"device":"keyboard","move_sequence":98},
  "player": {"position":{"x":10,"y":2}},
  "goal_reached":false,
  "timestamp":"2026-02-20T01:46:50Z"
}

{
  "session_id": "9092ca1f-8e64-4d6d-a11c-3f71db2f6462",
  "event_type": "player_move",
  "input": {"device":"keyboard","move_sequence":99},
  "player": {"position":{"x":10,"y":3}},
  "goal_reached":false,
  "timestamp":"2026-02-20T01:46:51Z"
}

{
  "session_id": "9092ca1f-8e64-4d6d-a11c-3f71db2f6462",
  "event_type": "player_move",
  "input": {"device":"keyboard","move_sequence":100},
  "player": {"position":{"x":10,"y":4}},
  "goal_reached":false,
  "timestamp":"2026-02-20T01:46:51Z"
}

{
  "session_id": "9092ca1f-8e64-4d6d-a11c-3f71db2f6462",
  "event_type": "player_move",
  "input": {"device":"keyboard","move_sequence":101},
  "player": {"position":{"x":11,"y":4}},
  "goal_reached":false,
  "timestamp":"2026-02-20T01:46:52Z"
}

{
  "session_id": "9092ca1f-8e64-4d6d-a11c-3f71db2f6462",
  "event_type": "player_move",
  "input": {"device":"keyboard","move_sequence":102},
  "player": {"position":{"x":12,"y":4}},
  "goal_reached":false,
  "timestamp":"2026-02-20T01:46:52Z"
}

{
  "session_id": "9092ca1f-8e64-4d6d-a11c-3f71db2f6462",
  "event_type": "player_move",
  "input": {"device":"keyboard","move_sequence":103},
  "player": {"position":{"x":12,"y":3}},
  "goal_reached":false,
  "timestamp":"2026-02-20T01:46:53Z"
}

{
  "session_id": "9092ca1f-8e64-4d6d-a11c-3f71db2f6462",
  "event_type": "player_move",
  "input": {"device":"keyboard","move_sequence":104},
  "player": {"position":{"x":12,"y":2}},
  "goal_reached":false,
  "timestamp":"2026-02-20T01:46:53Z"
}

{
  "session_id": "9092ca1f-8e64-4d6d-a11c-3f71db2f6462",
  "event_type": "player_move",
  "input": {"device":"keyboard","move_sequence":105},
  "player": {"position":{"x":13,"y":2}},
  "goal_reached":false,
  "timestamp":"2026-02-20T01:46:54Z"
}

{
  "session_id": "9092ca1f-8e64-4d6d-a11c-3f71db2f6462",
  "event_type": "player_move",
  "input": {"device":"keyboard","move_sequence":106},
  "player": {"position":{"x":14,"y":2}},
  "goal_reached":false,
  "timestamp":"2026-02-20T01:46:54Z"
}

{
  "session_id": "9092ca1f-8e64-4d6d-a11c-3f71db2f6462",
  "event_type": "player_move",
  "input": {"device":"keyboard","move_sequence":107},
  "player": {"position":{"x":15,"y":2}},
  "goal_reached":false,
  "timestamp":"2026-02-20T01:46:55Z"
}

{
  "session_id": "9092ca1f-8e64-4d6d-a11c-3f71db2f6462",
  "event_type": "player_move",
  "input": {"device":"keyboard","move_sequence":108},
  "player": {"position":{"x":15,"y":3}},
  "goal_reached":false,
  "timestamp":"2026-02-20T01:46:55Z"
}

{
  "session_id": "9092ca1f-8e64-4d6d-a11c-3f71db2f6462",
  "event_type": "player_move",
  "input": {"device":"keyboard","move_sequence":109},
  "player": {"position":{"x":14,"y":3}},
  "goal_reached":false,
  "timestamp":"2026-02-20T01:46:56Z"
}

{
  "session_id": "9092ca1f-8e64-4d6d-a11c-3f71db2f6462",
  "event_type": "player_move",
  "input": {"device":"keyboard","move_sequence":110},
  "player": {"position":{"x":14,"y":4}},
  "goal_reached":false,
  "timestamp":"2026-02-20T01:46:57Z"
}

{
  "session_id": "9092ca1f-8e64-4d6d-a11c-3f71db2f6462",
  "event_type": "player_move",
  "input": {"device":"keyboard","move_sequence":111},
  "player": {"position":{"x":14,"y":5}},
  "goal_reached":false,
  "timestamp":"2026-02-20T01:46:57Z"
}

{
  "session_id": "9092ca1f-8e64-4d6d-a11c-3f71db2f6462",
  "event_type": "player_move",
  "input": {"device":"keyboard","move_sequence":112},
  "player": {"position":{"x":15,"y":5}},
  "goal_reached":false,
  "timestamp":"2026-02-20T01:46:58Z"
}

{
  "session_id": "9092ca1f-8e64-4d6d-a11c-3f71db2f6462",
  "event_type": "player_move",
  "input": {"device":"keyboard","move_sequence":113},
  "player": {"position":{"x":15,"y":4}},
  "goal_reached":false,
  "timestamp":"2026-02-20T01:46:58Z"
}

{
  "session_id": "9092ca1f-8e64-4d6d-a11c-3f71db2f6462",
  "event_type": "player_move",
  "input": {"device":"keyboard","move_sequence":114},
  "player": {"position":{"x":16,"y":4}},
  "goal_reached":false,
  "timestamp":"2026-02-20T01:46:59Z"
}

{
  "session_id": "9092ca1f-8e64-4d6d-a11c-3f71db2f6462",
  "event_type": "player_move",
  "input": {"device":"keyboard","move_sequence":115},
  "player": {"position":{"x":17,"y":4}},
  "goal_reached":false,
  "timestamp":"2026-02-20T01:46:59Z"
}

{
  "session_id": "9092ca1f-8e64-4d6d-a11c-3f71db2f6462",
  "event_type": "player_move",
  "input": {"device":"keyboard","move_sequence":116},
  "player": {"position":{"x":17,"y":3}},
  "goal_reached":false,
  "timestamp":"2026-02-20T01:47:00Z"
}

{
  "session_id": "9092ca1f-8e64-4d6d-a11c-3f71db2f6462",
  "event_type": "player_move",
  "input": {"device":"keyboard","move_sequence":117},
  "player": {"position":{"x":17,"y":2}},
  "goal_reached":false,
  "timestamp":"2026-02-20T01:47:01Z"
}

{
  "session_id": "9092ca1f-8e64-4d6d-a11c-3f71db2f6462",
  "event_type": "player_move",
  "input": {"device":"keyboard","move_sequence":118},
  "player": {"position":{"x":18,"y":2}},
  "goal_reached":false,
  "timestamp":"2026-02-20T01:47:01Z"
}

{
  "session_id": "9092ca1f-8e64-4d6d-a11c-3f71db2f6462",
  "event_type": "player_move",
  "input": {"device":"keyboard","move_sequence":119},
  "player": {"position":{"x":18,"y":1}},
  "goal_reached":false,
  "timestamp":"2026-02-20T01:47:02Z"
}

{
  "session_id": "9092ca1f-8e64-4d6d-a11c-3f71db2f6462",
  "event_type": "player_move",
  "input": {"device":"keyboard","move_sequence":120},
  "player": {"position":{"x":19,"y":1}},
  "goal_reached":false,
  "timestamp":"2026-02-20T01:47:02Z"
}

{
  "session_id": "9092ca1f-8e64-4d6d-a11c-3f71db2f6462",
  "event_type": "player_move",
  "input": {"device":"keyboard","move_sequence":121},
  "player": {"position":{"x":19,"y":2}},
  "goal_reached":false,
  "timestamp":"2026-02-20T01:47:03Z"
}

{
  "session_id": "9092ca1f-8e64-4d6d-a11c-3f71db2f6462",
  "event_type": "player_move",
  "input": {"device":"keyboard","move_sequence":122},
  "player": {"position":{"x":20,"y":2}},
  "goal_reached":false,
  "timestamp":"2026-02-20T01:47:04Z"
}

{
  "session_id": "9092ca1f-8e64-4d6d-a11c-3f71db2f6462",
  "event_type": "player_move",
  "input": {"device":"keyboard","move_sequence":123},
  "player": {"position":{"x":20,"y":3}},
  "goal_reached":false,
  "timestamp":"2026-02-20T01:47:04Z"
}

{
  "session_id": "9092ca1f-8e64-4d6d-a11c-3f71db2f6462",
  "event_type": "player_move",
  "input": {"device":"keyboard","move_sequence":124},
  "player": {"position":{"x":20,"y":4}},
  "goal_reached":false,
  "timestamp":"2026-02-20T01:47:05Z"
}

{
  "session_id": "9092ca1f-8e64-4d6d-a11c-3f71db2f6462",
  "event_type": "player_move",
  "input": {"device":"keyboard","move_sequence":125},
  "player": {"position":{"x":19,"y":4}},
  "goal_reached":false,
  "timestamp":"2026-02-20T01:47:06Z"
}

{
  "session_id": "9092ca1f-8e64-4d6d-a11c-3f71db2f6462",
  "event_type": "player_move",
  "input": {"device":"keyboard","move_sequence":126},
  "player": {"position":{"x":19,"y":5}},
  "goal_reached":false,
  "timestamp":"2026-02-20T01:47:06Z"
}

{
  "session_id": "9092ca1f-8e64-4d6d-a11c-3f71db2f6462",
  "event_type": "player_move",
  "input": {"device":"keyboard","move_sequence":127},
  "player": {"position":{"x":19,"y":6}},
  "goal_reached":false,
  "timestamp":"2026-02-20T01:47:07Z"
}

{
  "session_id": "9092ca1f-8e64-4d6d-a11c-3f71db2f6462",
  "event_type": "player_move",
  "input": {"device":"keyboard","move_sequence":128},
  "player": {"position":{"x":18,"y":6}},
  "goal_reached":false,
  "timestamp":"2026-02-20T01:47:07Z"
}

{
  "session_id": "9092ca1f-8e64-4d6d-a11c-3f71db2f6462",
  "event_type": "player_move",
  "input": {"device":"keyboard","move_sequence":129},
  "player": {"position":{"x":18,"y":7}},
  "goal_reached":false,
  "timestamp":"2026-02-20T01:47:08Z"
}

{
  "session_id": "9092ca1f-8e64-4d6d-a11c-3f71db2f6462",
  "event_type": "player_move",
  "input": {"device":"keyboard","move_sequence":130},
  "player": {"position":{"x":18,"y":8}},
  "goal_reached":false,
  "timestamp":"2026-02-20T01:47:09Z"
}

{
  "session_id": "9092ca1f-8e64-4d6d-a11c-3f71db2f6462",
  "event_type": "player_move",
  "input": {"device":"keyboard","move_sequence":131},
  "player": {"position":{"x":19,"y":8}},
  "goal_reached":false,
  "timestamp":"2026-02-20T01:47:10Z"
}

{
  "session_id": "9092ca1f-8e64-4d6d-a11c-3f71db2f6462",
  "event_type": "player_move",
  "input": {"device":"keyboard","move_sequence":132},
  "player": {"position":{"x":20,"y":8}},
  "goal_reached":false,
  "timestamp":"2026-02-20T01:47:11Z"
}

{
  "session_id": "9092ca1f-8e64-4d6d-a11c-3f71db2f6462",
  "event_type": "player_move",
  "input": {"device":"keyboard","move_sequence":133},
  "player": {"position":{"x":20,"y":9}},
  "goal_reached":false,
  "timestamp":"2026-02-20T01:47:11Z"
}

{
  "session_id": "9092ca1f-8e64-4d6d-a11c-3f71db2f6462",
  "event_type": "player_move",
  "input": {"device":"keyboard","move_sequence":134},
  "player": {"position":{"x":20,"y":10}},
  "goal_reached":false,
  "timestamp":"2026-02-20T01:47:11Z"
}

{
  "session_id": "9092ca1f-8e64-4d6d-a11c-3f71db2f6462",
  "event_type": "player_move",
  "input": {"device":"keyboard","move_sequence":135},
  "player": {"position":{"x":20,"y":11}},
  "goal_reached":false,
  "timestamp":"2026-02-20T01:47:12Z"
}

{
  "session_id": "9092ca1f-8e64-4d6d-a11c-3f71db2f6462",
  "event_type": "player_move",
  "input": {"device":"keyboard","move_sequence":136},
  "player": {"position":{"x":20,"y":12}},
  "goal_reached":false,
  "timestamp":"2026-02-20T01:47:12Z"
}

{
  "session_id": "9092ca1f-8e64-4d6d-a11c-3f71db2f6462",
  "event_type": "player_move",
  "input": {"device":"keyboard","move_sequence":137},
  "player": {"position":{"x":19,"y":12}},
  "goal_reached":false,
  "timestamp":"2026-02-20T01:47:13Z"
}

{
  "session_id": "9092ca1f-8e64-4d6d-a11c-3f71db2f6462",
  "event_type": "player_move",
  "input": {"device":"keyboard","move_sequence":138},
  "player": {"position":{"x":19,"y":11}},
  "goal_reached":false,
  "timestamp":"2026-02-20T01:47:14Z"
}

{
  "session_id": "9092ca1f-8e64-4d6d-a11c-3f71db2f6462",
  "event_type": "player_move",
  "input": {"device":"keyboard","move_sequence":139},
  "player": {"position":{"x":18,"y":11}},
  "goal_reached":false,
  "timestamp":"2026-02-20T01:47:14Z"
}

{
  "session_id": "9092ca1f-8e64-4d6d-a11c-3f71db2f6462",
  "event_type": "player_move",
  "input": {"device":"keyboard","move_sequence":140},
  "player": {"position":{"x":18,"y":12}},
  "goal_reached":false,
  "timestamp":"2026-02-20T01:47:15Z"
}

{
  "session_id": "9092ca1f-8e64-4d6d-a11c-3f71db2f6462",
  "event_type": "player_move",
  "input": {"device":"keyboard","move_sequence":141},
  "player": {"position":{"x":18,"y":13}},
  "goal_reached":false,
  "timestamp":"2026-02-20T01:47:15Z"
}

{
  "session_id": "9092ca1f-8e64-4d6d-a11c-3f71db2f6462",
  "event_type": "player_move",
  "input": {"device":"keyboard","move_sequence":142},
  "player": {"position":{"x":19,"y":13}},
  "goal_reached":false,
  "timestamp":"2026-02-20T01:47:16Z"
}

{
  "session_id": "9092ca1f-8e64-4d6d-a11c-3f71db2f6462",
  "event_type": "player_move",
  "input": {"device":"keyboard","move_sequence":143},
  "player": {"position":{"x":19,"y":14}},
  "goal_reached":false,
  "timestamp":"2026-02-20T01:47:17Z"
}

{
  "session_id": "9092ca1f-8e64-4d6d-a11c-3f71db2f6462",
  "event_type": "player_move",
  "input": {"device":"keyboard","move_sequence":144},
  "player": {"position":{"x":20,"y":14}},
  "goal_reached":true,
  "timestamp":"2026-02-20T01:47:17Z"
}

{
  "session_id": "fd03e2c1-ae1c-46e3-9286-ea5c2c0d808b",
  "event_type": "player_move",
  "input": {"device":"keyboard","move_sequence":1},
  "player": {"position":{"x":0,"y":1}},
  "goal_reached":false,
  "timestamp":"2026-02-20T01:51:55Z"
}

{
  "session_id": "fd03e2c1-ae1c-46e3-9286-ea5c2c0d808b",
  "event_type": "player_move",
  "input": {"device":"keyboard","move_sequence":2},
  "player": {"position":{"x":0,"y":2}},
  "goal_reached":false,
  "timestamp":"2026-02-20T01:51:55Z"
}

{
  "session_id": "fd03e2c1-ae1c-46e3-9286-ea5c2c0d808b",
  "event_type": "player_move",
  "input": {"device":"keyboard","move_sequence":3},
  "player": {"position":{"x":0,"y":3}},
  "goal_reached":false,
  "timestamp":"2026-02-20T01:51:56Z"
}

{
  "session_id": "fd03e2c1-ae1c-46e3-9286-ea5c2c0d808b",
  "event_type": "player_move",
  "input": {"device":"keyboard","move_sequence":4},
  "player": {"position":{"x":1,"y":3}},
  "goal_reached":false,
  "timestamp":"2026-02-20T01:51:56Z"
}

{
  "session_id": "fd03e2c1-ae1c-46e3-9286-ea5c2c0d808b",
  "event_type": "player_move",
  "input": {"device":"keyboard","move_sequence":5},
  "player": {"position":{"x":1,"y":2}},
  "goal_reached":false,
  "timestamp":"2026-02-20T01:51:58Z"
}

{
  "session_id": "fd03e2c1-ae1c-46e3-9286-ea5c2c0d808b",
  "event_type": "player_move",
  "input": {"device":"keyboard","move_sequence":6},
  "player": {"position":{"x":1,"y":1}},
  "goal_reached":false,
  "timestamp":"2026-02-20T01:51:58Z"
}

{
  "session_id": "fd03e2c1-ae1c-46e3-9286-ea5c2c0d808b",
  "event_type": "player_move",
  "input": {"device":"keyboard","move_sequence":7},
  "player": {"position":{"x":1,"y":0}},
  "goal_reached":false,
  "timestamp":"2026-02-20T01:51:58Z"
}

{
  "session_id": "fd03e2c1-ae1c-46e3-9286-ea5c2c0d808b",
  "event_type": "player_move",
  "input": {"device":"keyboard","move_sequence":8},
  "player": {"position":{"x":2,"y":0}},
  "goal_reached":false,
  "timestamp":"2026-02-20T01:51:59Z"
}

{
  "session_id": "fd03e2c1-ae1c-46e3-9286-ea5c2c0d808b",
  "event_type": "player_move",
  "input": {"device":"keyboard","move_sequence":9},
  "player": {"position":{"x":2,"y":1}},
  "goal_reached":false,
  "timestamp":"2026-02-20T01:51:59Z"
}

{
  "session_id": "fd03e2c1-ae1c-46e3-9286-ea5c2c0d808b",
  "event_type": "player_move",
  "input": {"device":"keyboard","move_sequence":10},
  "player": {"position":{"x":3,"y":1}},
  "goal_reached":false,
  "timestamp":"2026-02-20T01:52:00Z"
}

{
  "session_id": "fd03e2c1-ae1c-46e3-9286-ea5c2c0d808b",
  "event_type": "player_move",
  "input": {"device":"keyboard","move_sequence":11},
  "player": {"position":{"x":3,"y":0}},
  "goal_reached":false,
  "timestamp":"2026-02-20T01:52:00Z"
}

{
  "session_id": "fd03e2c1-ae1c-46e3-9286-ea5c2c0d808b",
  "event_type": "player_move",
  "input": {"device":"keyboard","move_sequence":12},
  "player": {"position":{"x":4,"y":0}},
  "goal_reached":false,
  "timestamp":"2026-02-20T01:52:01Z"
}

{
  "session_id": "fd03e2c1-ae1c-46e3-9286-ea5c2c0d808b",
  "event_type": "player_move",
  "input": {"device":"keyboard","move_sequence":13},
  "player": {"position":{"x":5,"y":0}},
  "goal_reached":false,
  "timestamp":"2026-02-20T01:52:01Z"
}

{
  "session_id": "fd03e2c1-ae1c-46e3-9286-ea5c2c0d808b",
  "event_type": "player_move",
  "input": {"device":"keyboard","move_sequence":14},
  "player": {"position":{"x":6,"y":0}},
  "goal_reached":false,
  "timestamp":"2026-02-20T01:52:02Z"
}

{
  "session_id": "fd03e2c1-ae1c-46e3-9286-ea5c2c0d808b",
  "event_type": "player_move",
  "input": {"device":"keyboard","move_sequence":15},
  "player": {"position":{"x":7,"y":0}},
  "goal_reached":false,
  "timestamp":"2026-02-20T01:52:02Z"
}

{
  "session_id": "fd03e2c1-ae1c-46e3-9286-ea5c2c0d808b",
  "event_type": "player_move",
  "input": {"device":"keyboard","move_sequence":16},
  "player": {"position":{"x":7,"y":1}},
  "goal_reached":false,
  "timestamp":"2026-02-20T01:52:02Z"
}

{
  "session_id": "fd03e2c1-ae1c-46e3-9286-ea5c2c0d808b",
  "event_type": "player_move",
  "input": {"device":"keyboard","move_sequence":17},
  "player": {"position":{"x":7,"y":2}},
  "goal_reached":false,
  "timestamp":"2026-02-20T01:52:03Z"
}

{
  "session_id": "fd03e2c1-ae1c-46e3-9286-ea5c2c0d808b",
  "event_type": "player_move",
  "input": {"device":"keyboard","move_sequence":18},
  "player": {"position":{"x":6,"y":2}},
  "goal_reached":false,
  "timestamp":"2026-02-20T01:52:04Z"
}

{
  "session_id": "fd03e2c1-ae1c-46e3-9286-ea5c2c0d808b",
  "event_type": "player_move",
  "input": {"device":"keyboard","move_sequence":19},
  "player": {"position":{"x":6,"y":3}},
  "goal_reached":false,
  "timestamp":"2026-02-20T01:52:04Z"
}

{
  "session_id": "fd03e2c1-ae1c-46e3-9286-ea5c2c0d808b",
  "event_type": "player_move",
  "input": {"device":"keyboard","move_sequence":20},
  "player": {"position":{"x":7,"y":3}},
  "goal_reached":false,
  "timestamp":"2026-02-20T01:52:05Z"
}

{
  "session_id": "fd03e2c1-ae1c-46e3-9286-ea5c2c0d808b",
  "event_type": "player_move",
  "input": {"device":"keyboard","move_sequence":21},
  "player": {"position":{"x":8,"y":3}},
  "goal_reached":false,
  "timestamp":"2026-02-20T01:52:05Z"
}

{
  "session_id": "fd03e2c1-ae1c-46e3-9286-ea5c2c0d808b",
  "event_type": "player_move",
  "input": {"device":"keyboard","move_sequence":22},
  "player": {"position":{"x":9,"y":3}},
  "goal_reached":false,
  "timestamp":"2026-02-20T01:52:05Z"
}

{
  "session_id": "fd03e2c1-ae1c-46e3-9286-ea5c2c0d808b",
  "event_type": "player_move",
  "input": {"device":"keyboard","move_sequence":23},
  "player": {"position":{"x":10,"y":3}},
  "goal_reached":false,
  "timestamp":"2026-02-20T01:52:06Z"
}

{
  "session_id": "fd03e2c1-ae1c-46e3-9286-ea5c2c0d808b",
  "event_type": "player_move",
  "input": {"device":"keyboard","move_sequence":24},
  "player": {"position":{"x":10,"y":4}},
  "goal_reached":false,
  "timestamp":"2026-02-20T01:52:06Z"
}

{
  "session_id": "fd03e2c1-ae1c-46e3-9286-ea5c2c0d808b",
  "event_type": "player_move",
  "input": {"device":"keyboard","move_sequence":25},
  "player": {"position":{"x":9,"y":4}},
  "goal_reached":false,
  "timestamp":"2026-02-20T01:52:07Z"
}

{
  "session_id": "fd03e2c1-ae1c-46e3-9286-ea5c2c0d808b",
  "event_type": "player_move",
  "input": {"device":"keyboard","move_sequence":26},
  "player": {"position":{"x":8,"y":4}},
  "goal_reached":false,
  "timestamp":"2026-02-20T01:52:07Z"
}

{
  "session_id": "fd03e2c1-ae1c-46e3-9286-ea5c2c0d808b",
  "event_type": "player_move",
  "input": {"device":"keyboard","move_sequence":27},
  "player": {"position":{"x":7,"y":4}},
  "goal_reached":false,
  "timestamp":"2026-02-20T01:52:07Z"
}

{
  "session_id": "fd03e2c1-ae1c-46e3-9286-ea5c2c0d808b",
  "event_type": "player_move",
  "input": {"device":"keyboard","move_sequence":28},
  "player": {"position":{"x":7,"y":5}},
  "goal_reached":false,
  "timestamp":"2026-02-20T01:52:08Z"
}

{
  "session_id": "fd03e2c1-ae1c-46e3-9286-ea5c2c0d808b",
  "event_type": "player_move",
  "input": {"device":"keyboard","move_sequence":29},
  "player": {"position":{"x":7,"y":6}},
  "goal_reached":false,
  "timestamp":"2026-02-20T01:52:08Z"
}

{
  "session_id": "fd03e2c1-ae1c-46e3-9286-ea5c2c0d808b",
  "event_type": "player_move",
  "input": {"device":"keyboard","move_sequence":30},
  "player": {"position":{"x":6,"y":6}},
  "goal_reached":false,
  "timestamp":"2026-02-20T01:52:09Z"
}

{
  "session_id": "fd03e2c1-ae1c-46e3-9286-ea5c2c0d808b",
  "event_type": "player_move",
  "input": {"device":"keyboard","move_sequence":31},
  "player": {"position":{"x":5,"y":6}},
  "goal_reached":false,
  "timestamp":"2026-02-20T01:52:10Z"
}

{
  "session_id": "fd03e2c1-ae1c-46e3-9286-ea5c2c0d808b",
  "event_type": "player_move",
  "input": {"device":"keyboard","move_sequence":32},
  "player": {"position":{"x":5,"y":5}},
  "goal_reached":false,
  "timestamp":"2026-02-20T01:52:10Z"
}

{
  "session_id": "fd03e2c1-ae1c-46e3-9286-ea5c2c0d808b",
  "event_type": "player_move",
  "input": {"device":"keyboard","move_sequence":33},
  "player": {"position":{"x":6,"y":5}},
  "goal_reached":false,
  "timestamp":"2026-02-20T01:52:11Z"
}

{
  "session_id": "fd03e2c1-ae1c-46e3-9286-ea5c2c0d808b",
  "event_type": "player_move",
  "input": {"device":"keyboard","move_sequence":34},
  "player": {"position":{"x":6,"y":4}},
  "goal_reached":false,
  "timestamp":"2026-02-20T01:52:11Z"
}

{
  "session_id": "fd03e2c1-ae1c-46e3-9286-ea5c2c0d808b",
  "event_type": "player_move",
  "input": {"device":"keyboard","move_sequence":35},
  "player": {"position":{"x":5,"y":4}},
  "goal_reached":false,
  "timestamp":"2026-02-20T01:52:11Z"
}

{
  "session_id": "fd03e2c1-ae1c-46e3-9286-ea5c2c0d808b",
  "event_type": "player_move",
  "input": {"device":"keyboard","move_sequence":36},
  "player": {"position":{"x":4,"y":4}},
  "goal_reached":false,
  "timestamp":"2026-02-20T01:52:12Z"
}

{
  "session_id": "fd03e2c1-ae1c-46e3-9286-ea5c2c0d808b",
  "event_type": "player_move",
  "input": {"device":"keyboard","move_sequence":37},
  "player": {"position":{"x":3,"y":4}},
  "goal_reached":false,
  "timestamp":"2026-02-20T01:52:12Z"
}

{
  "session_id": "fd03e2c1-ae1c-46e3-9286-ea5c2c0d808b",
  "event_type": "player_move",
  "input": {"device":"keyboard","move_sequence":38},
  "player": {"position":{"x":3,"y":3}},
  "goal_reached":false,
  "timestamp":"2026-02-20T01:52:12Z"
}

{
  "session_id": "fd03e2c1-ae1c-46e3-9286-ea5c2c0d808b",
  "event_type": "player_move",
  "input": {"device":"keyboard","move_sequence":39},
  "player": {"position":{"x":2,"y":3}},
  "goal_reached":false,
  "timestamp":"2026-02-20T01:52:13Z"
}

{
  "session_id": "fd03e2c1-ae1c-46e3-9286-ea5c2c0d808b",
  "event_type": "player_move",
  "input": {"device":"keyboard","move_sequence":40},
  "player": {"position":{"x":2,"y":4}},
  "goal_reached":false,
  "timestamp":"2026-02-20T01:52:14Z"
}

{
  "session_id": "fd03e2c1-ae1c-46e3-9286-ea5c2c0d808b",
  "event_type": "player_move",
  "input": {"device":"keyboard","move_sequence":41},
  "player": {"position":{"x":2,"y":5}},
  "goal_reached":false,
  "timestamp":"2026-02-20T01:52:14Z"
}

{
  "session_id": "fd03e2c1-ae1c-46e3-9286-ea5c2c0d808b",
  "event_type": "player_move",
  "input": {"device":"keyboard","move_sequence":42},
  "player": {"position":{"x":2,"y":6}},
  "goal_reached":false,
  "timestamp":"2026-02-20T01:52:14Z"
}

{
  "session_id": "fd03e2c1-ae1c-46e3-9286-ea5c2c0d808b",
  "event_type": "player_move",
  "input": {"device":"keyboard","move_sequence":43},
  "player": {"position":{"x":1,"y":6}},
  "goal_reached":false,
  "timestamp":"2026-02-20T01:52:15Z"
}

{
  "session_id": "fd03e2c1-ae1c-46e3-9286-ea5c2c0d808b",
  "event_type": "player_move",
  "input": {"device":"keyboard","move_sequence":44},
  "player": {"position":{"x":0,"y":6}},
  "goal_reached":false,
  "timestamp":"2026-02-20T01:52:15Z"
}

{
  "session_id": "fd03e2c1-ae1c-46e3-9286-ea5c2c0d808b",
  "event_type": "player_move",
  "input": {"device":"keyboard","move_sequence":45},
  "player": {"position":{"x":0,"y":7}},
  "goal_reached":false,
  "timestamp":"2026-02-20T01:52:15Z"
}

{
  "session_id": "fd03e2c1-ae1c-46e3-9286-ea5c2c0d808b",
  "event_type": "player_move",
  "input": {"device":"keyboard","move_sequence":46},
  "player": {"position":{"x":0,"y":8}},
  "goal_reached":false,
  "timestamp":"2026-02-20T01:52:16Z"
}

{
  "session_id": "fd03e2c1-ae1c-46e3-9286-ea5c2c0d808b",
  "event_type": "player_move",
  "input": {"device":"keyboard","move_sequence":47},
  "player": {"position":{"x":0,"y":9}},
  "goal_reached":false,
  "timestamp":"2026-02-20T01:52:16Z"
}

{
  "session_id": "fd03e2c1-ae1c-46e3-9286-ea5c2c0d808b",
  "event_type": "player_move",
  "input": {"device":"keyboard","move_sequence":48},
  "player": {"position":{"x":1,"y":9}},
  "goal_reached":false,
  "timestamp":"2026-02-20T01:52:17Z"
}

{
  "session_id": "fd03e2c1-ae1c-46e3-9286-ea5c2c0d808b",
  "event_type": "player_move",
  "input": {"device":"keyboard","move_sequence":49},
  "player": {"position":{"x":1,"y":10}},
  "goal_reached":false,
  "timestamp":"2026-02-20T01:52:17Z"
}

{
  "session_id": "fd03e2c1-ae1c-46e3-9286-ea5c2c0d808b",
  "event_type": "player_move",
  "input": {"device":"keyboard","move_sequence":50},
  "player": {"position":{"x":0,"y":10}},
  "goal_reached":false,
  "timestamp":"2026-02-20T01:52:18Z"
}

{
  "session_id": "fd03e2c1-ae1c-46e3-9286-ea5c2c0d808b",
  "event_type": "player_move",
  "input": {"device":"keyboard","move_sequence":51},
  "player": {"position":{"x":0,"y":11}},
  "goal_reached":false,
  "timestamp":"2026-02-20T01:52:18Z"
}

{
  "session_id": "fd03e2c1-ae1c-46e3-9286-ea5c2c0d808b",
  "event_type": "player_move",
  "input": {"device":"keyboard","move_sequence":52},
  "player": {"position":{"x":1,"y":11}},
  "goal_reached":false,
  "timestamp":"2026-02-20T01:52:19Z"
}

{
  "session_id": "fd03e2c1-ae1c-46e3-9286-ea5c2c0d808b",
  "event_type": "player_move",
  "input": {"device":"keyboard","move_sequence":53},
  "player": {"position":{"x":1,"y":12}},
  "goal_reached":false,
  "timestamp":"2026-02-20T01:52:19Z"
}

{
  "session_id": "fd03e2c1-ae1c-46e3-9286-ea5c2c0d808b",
  "event_type": "player_move",
  "input": {"device":"keyboard","move_sequence":54},
  "player": {"position":{"x":0,"y":12}},
  "goal_reached":false,
  "timestamp":"2026-02-20T01:52:19Z"
}

{
  "session_id": "fd03e2c1-ae1c-46e3-9286-ea5c2c0d808b",
  "event_type": "player_move",
  "input": {"device":"keyboard","move_sequence":55},
  "player": {"position":{"x":0,"y":13}},
  "goal_reached":false,
  "timestamp":"2026-02-20T01:52:20Z"
}

{
  "session_id": "fd03e2c1-ae1c-46e3-9286-ea5c2c0d808b",
  "event_type": "player_move",
  "input": {"device":"keyboard","move_sequence":56},
  "player": {"position":{"x":0,"y":14}},
  "goal_reached":false,
  "timestamp":"2026-02-20T01:52:21Z"
}

{
  "session_id": "fd03e2c1-ae1c-46e3-9286-ea5c2c0d808b",
  "event_type": "player_move",
  "input": {"device":"keyboard","move_sequence":57},
  "player": {"position":{"x":1,"y":14}},
  "goal_reached":false,
  "timestamp":"2026-02-20T01:52:21Z"
}

{
  "session_id": "fd03e2c1-ae1c-46e3-9286-ea5c2c0d808b",
  "event_type": "player_move",
  "input": {"device":"keyboard","move_sequence":58},
  "player": {"position":{"x":2,"y":14}},
  "goal_reached":false,
  "timestamp":"2026-02-20T01:52:21Z"
}

{
  "session_id": "fd03e2c1-ae1c-46e3-9286-ea5c2c0d808b",
  "event_type": "player_move",
  "input": {"device":"keyboard","move_sequence":59},
  "player": {"position":{"x":3,"y":14}},
  "goal_reached":false,
  "timestamp":"2026-02-20T01:52:22Z"
}

{
  "session_id": "fd03e2c1-ae1c-46e3-9286-ea5c2c0d808b",
  "event_type": "player_move",
  "input": {"device":"keyboard","move_sequence":60},
  "player": {"position":{"x":4,"y":14}},
  "goal_reached":false,
  "timestamp":"2026-02-20T01:52:22Z"
}

{
  "session_id": "fd03e2c1-ae1c-46e3-9286-ea5c2c0d808b",
  "event_type": "player_move",
  "input": {"device":"keyboard","move_sequence":61},
  "player": {"position":{"x":4,"y":13}},
  "goal_reached":false,
  "timestamp":"2026-02-20T01:52:23Z"
}

{
  "session_id": "fd03e2c1-ae1c-46e3-9286-ea5c2c0d808b",
  "event_type": "player_move",
  "input": {"device":"keyboard","move_sequence":62},
  "player": {"position":{"x":3,"y":13}},
  "goal_reached":false,
  "timestamp":"2026-02-20T01:52:23Z"
}

{
  "session_id": "fd03e2c1-ae1c-46e3-9286-ea5c2c0d808b",
  "event_type": "player_move",
  "input": {"device":"keyboard","move_sequence":63},
  "player": {"position":{"x":2,"y":13}},
  "goal_reached":false,
  "timestamp":"2026-02-20T01:52:24Z"
}

{
  "session_id": "fd03e2c1-ae1c-46e3-9286-ea5c2c0d808b",
  "event_type": "player_move",
  "input": {"device":"keyboard","move_sequence":64},
  "player": {"position":{"x":2,"y":12}},
  "goal_reached":false,
  "timestamp":"2026-02-20T01:52:24Z"
}

{
  "session_id": "fd03e2c1-ae1c-46e3-9286-ea5c2c0d808b",
  "event_type": "player_move",
  "input": {"device":"keyboard","move_sequence":65},
  "player": {"position":{"x":3,"y":12}},
  "goal_reached":false,
  "timestamp":"2026-02-20T01:52:25Z"
}

{
  "session_id": "fd03e2c1-ae1c-46e3-9286-ea5c2c0d808b",
  "event_type": "player_move",
  "input": {"device":"keyboard","move_sequence":66},
  "player": {"position":{"x":4,"y":12}},
  "goal_reached":false,
  "timestamp":"2026-02-20T01:52:25Z"
}

{
  "session_id": "fd03e2c1-ae1c-46e3-9286-ea5c2c0d808b",
  "event_type": "player_move",
  "input": {"device":"keyboard","move_sequence":67},
  "player": {"position":{"x":5,"y":12}},
  "goal_reached":false,
  "timestamp":"2026-02-20T01:52:25Z"
}

{
  "session_id": "fd03e2c1-ae1c-46e3-9286-ea5c2c0d808b",
  "event_type": "player_move",
  "input": {"device":"keyboard","move_sequence":68},
  "player": {"position":{"x":5,"y":11}},
  "goal_reached":false,
  "timestamp":"2026-02-20T01:52:26Z"
}

{
  "session_id": "fd03e2c1-ae1c-46e3-9286-ea5c2c0d808b",
  "event_type": "player_move",
  "input": {"device":"keyboard","move_sequence":69},
  "player": {"position":{"x":6,"y":11}},
  "goal_reached":false,
  "timestamp":"2026-02-20T01:52:26Z"
}

{
  "session_id": "fd03e2c1-ae1c-46e3-9286-ea5c2c0d808b",
  "event_type": "player_move",
  "input": {"device":"keyboard","move_sequence":70},
  "player": {"position":{"x":6,"y":10}},
  "goal_reached":false,
  "timestamp":"2026-02-20T01:52:27Z"
}

{
  "session_id": "fd03e2c1-ae1c-46e3-9286-ea5c2c0d808b",
  "event_type": "player_move",
  "input": {"device":"keyboard","move_sequence":71},
  "player": {"position":{"x":7,"y":10}},
  "goal_reached":false,
  "timestamp":"2026-02-20T01:52:27Z"
}

{
  "session_id": "fd03e2c1-ae1c-46e3-9286-ea5c2c0d808b",
  "event_type": "player_move",
  "input": {"device":"keyboard","move_sequence":72},
  "player": {"position":{"x":7,"y":9}},
  "goal_reached":false,
  "timestamp":"2026-02-20T01:52:28Z"
}

{
  "session_id": "fd03e2c1-ae1c-46e3-9286-ea5c2c0d808b",
  "event_type": "player_move",
  "input": {"device":"keyboard","move_sequence":73},
  "player": {"position":{"x":8,"y":9}},
  "goal_reached":false,
  "timestamp":"2026-02-20T01:52:28Z"
}

{
  "session_id": "fd03e2c1-ae1c-46e3-9286-ea5c2c0d808b",
  "event_type": "player_move",
  "input": {"device":"keyboard","move_sequence":74},
  "player": {"position":{"x":9,"y":9}},
  "goal_reached":false,
  "timestamp":"2026-02-20T01:52:29Z"
}

{
  "session_id": "fd03e2c1-ae1c-46e3-9286-ea5c2c0d808b",
  "event_type": "player_move",
  "input": {"device":"keyboard","move_sequence":75},
  "player": {"position":{"x":9,"y":8}},
  "goal_reached":false,
  "timestamp":"2026-02-20T01:52:29Z"
}

{
  "session_id": "fd03e2c1-ae1c-46e3-9286-ea5c2c0d808b",
  "event_type": "player_move",
  "input": {"device":"keyboard","move_sequence":76},
  "player": {"position":{"x":10,"y":8}},
  "goal_reached":false,
  "timestamp":"2026-02-20T01:52:30Z"
}

{
  "session_id": "fd03e2c1-ae1c-46e3-9286-ea5c2c0d808b",
  "event_type": "player_move",
  "input": {"device":"keyboard","move_sequence":77},
  "player": {"position":{"x":11,"y":8}},
  "goal_reached":false,
  "timestamp":"2026-02-20T01:52:30Z"
}

{
  "session_id": "fd03e2c1-ae1c-46e3-9286-ea5c2c0d808b",
  "event_type": "player_move",
  "input": {"device":"keyboard","move_sequence":78},
  "player": {"position":{"x":11,"y":7}},
  "goal_reached":false,
  "timestamp":"2026-02-20T01:52:31Z"
}

{
  "session_id": "fd03e2c1-ae1c-46e3-9286-ea5c2c0d808b",
  "event_type": "player_move",
  "input": {"device":"keyboard","move_sequence":79},
  "player": {"position":{"x":10,"y":7}},
  "goal_reached":false,
  "timestamp":"2026-02-20T01:52:31Z"
}

{
  "session_id": "fd03e2c1-ae1c-46e3-9286-ea5c2c0d808b",
  "event_type": "player_move",
  "input": {"device":"keyboard","move_sequence":80},
  "player": {"position":{"x":9,"y":7}},
  "goal_reached":false,
  "timestamp":"2026-02-20T01:52:32Z"
}

{
  "session_id": "fd03e2c1-ae1c-46e3-9286-ea5c2c0d808b",
  "event_type": "player_move",
  "input": {"device":"keyboard","move_sequence":81},
  "player": {"position":{"x":9,"y":6}},
  "goal_reached":false,
  "timestamp":"2026-02-20T01:52:32Z"
}

{
  "session_id": "fd03e2c1-ae1c-46e3-9286-ea5c2c0d808b",
  "event_type": "player_move",
  "input": {"device":"keyboard","move_sequence":82},
  "player": {"position":{"x":9,"y":5}},
  "goal_reached":false,
  "timestamp":"2026-02-20T01:52:34Z"
}

{
  "session_id": "fd03e2c1-ae1c-46e3-9286-ea5c2c0d808b",
  "event_type": "player_move",
  "input": {"device":"keyboard","move_sequence":83},
  "player": {"position":{"x":10,"y":5}},
  "goal_reached":false,
  "timestamp":"2026-02-20T01:52:35Z"
}

{
  "session_id": "fd03e2c1-ae1c-46e3-9286-ea5c2c0d808b",
  "event_type": "player_move",
  "input": {"device":"keyboard","move_sequence":84},
  "player": {"position":{"x":10,"y":6}},
  "goal_reached":false,
  "timestamp":"2026-02-20T01:52:36Z"
}

{
  "session_id": "fd03e2c1-ae1c-46e3-9286-ea5c2c0d808b",
  "event_type": "player_move",
  "input": {"device":"keyboard","move_sequence":85},
  "player": {"position":{"x":11,"y":6}},
  "goal_reached":false,
  "timestamp":"2026-02-20T01:52:36Z"
}

{
  "session_id": "fd03e2c1-ae1c-46e3-9286-ea5c2c0d808b",
  "event_type": "player_move",
  "input": {"device":"keyboard","move_sequence":86},
  "player": {"position":{"x":11,"y":5}},
  "goal_reached":false,
  "timestamp":"2026-02-20T01:52:37Z"
}

{
  "session_id": "fd03e2c1-ae1c-46e3-9286-ea5c2c0d808b",
  "event_type": "player_move",
  "input": {"device":"keyboard","move_sequence":87},
  "player": {"position":{"x":11,"y":4}},
  "goal_reached":false,
  "timestamp":"2026-02-20T01:52:37Z"
}

{
  "session_id": "fd03e2c1-ae1c-46e3-9286-ea5c2c0d808b",
  "event_type": "player_move",
  "input": {"device":"keyboard","move_sequence":88},
  "player": {"position":{"x":12,"y":4}},
  "goal_reached":false,
  "timestamp":"2026-02-20T01:52:37Z"
}

{
  "session_id": "fd03e2c1-ae1c-46e3-9286-ea5c2c0d808b",
  "event_type": "player_move",
  "input": {"device":"keyboard","move_sequence":89},
  "player": {"position":{"x":12,"y":5}},
  "goal_reached":false,
  "timestamp":"2026-02-20T01:52:38Z"
}

{
  "session_id": "fd03e2c1-ae1c-46e3-9286-ea5c2c0d808b",
  "event_type": "player_move",
  "input": {"device":"keyboard","move_sequence":90},
  "player": {"position":{"x":12,"y":6}},
  "goal_reached":false,
  "timestamp":"2026-02-20T01:52:38Z"
}

{
  "session_id": "fd03e2c1-ae1c-46e3-9286-ea5c2c0d808b",
  "event_type": "player_move",
  "input": {"device":"keyboard","move_sequence":91},
  "player": {"position":{"x":12,"y":7}},
  "goal_reached":false,
  "timestamp":"2026-02-20T01:52:39Z"
}

{
  "session_id": "fd03e2c1-ae1c-46e3-9286-ea5c2c0d808b",
  "event_type": "player_move",
  "input": {"device":"keyboard","move_sequence":92},
  "player": {"position":{"x":12,"y":8}},
  "goal_reached":false,
  "timestamp":"2026-02-20T01:52:39Z"
}

{
  "session_id": "fd03e2c1-ae1c-46e3-9286-ea5c2c0d808b",
  "event_type": "player_move",
  "input": {"device":"keyboard","move_sequence":93},
  "player": {"position":{"x":13,"y":8}},
  "goal_reached":false,
  "timestamp":"2026-02-20T01:52:40Z"
}

{
  "session_id": "fd03e2c1-ae1c-46e3-9286-ea5c2c0d808b",
  "event_type": "player_move",
  "input": {"device":"keyboard","move_sequence":94},
  "player": {"position":{"x":13,"y":7}},
  "goal_reached":false,
  "timestamp":"2026-02-20T01:52:40Z"
}

{
  "session_id": "fd03e2c1-ae1c-46e3-9286-ea5c2c0d808b",
  "event_type": "player_move",
  "input": {"device":"keyboard","move_sequence":95},
  "player": {"position":{"x":14,"y":7}},
  "goal_reached":false,
  "timestamp":"2026-02-20T01:52:41Z"
}

{
  "session_id": "fd03e2c1-ae1c-46e3-9286-ea5c2c0d808b",
  "event_type": "player_move",
  "input": {"device":"keyboard","move_sequence":96},
  "player": {"position":{"x":14,"y":8}},
  "goal_reached":false,
  "timestamp":"2026-02-20T01:52:41Z"
}

{
  "session_id": "fd03e2c1-ae1c-46e3-9286-ea5c2c0d808b",
  "event_type": "player_move",
  "input": {"device":"keyboard","move_sequence":97},
  "player": {"position":{"x":14,"y":9}},
  "goal_reached":false,
  "timestamp":"2026-02-20T01:52:42Z"
}

{
  "session_id": "fd03e2c1-ae1c-46e3-9286-ea5c2c0d808b",
  "event_type": "player_move",
  "input": {"device":"keyboard","move_sequence":98},
  "player": {"position":{"x":14,"y":10}},
  "goal_reached":false,
  "timestamp":"2026-02-20T01:52:42Z"
}

{
  "session_id": "fd03e2c1-ae1c-46e3-9286-ea5c2c0d808b",
  "event_type": "player_move",
  "input": {"device":"keyboard","move_sequence":99},
  "player": {"position":{"x":15,"y":10}},
  "goal_reached":false,
  "timestamp":"2026-02-20T01:52:43Z"
}

{
  "session_id": "fd03e2c1-ae1c-46e3-9286-ea5c2c0d808b",
  "event_type": "player_move",
  "input": {"device":"keyboard","move_sequence":100},
  "player": {"position":{"x":16,"y":10}},
  "goal_reached":false,
  "timestamp":"2026-02-20T01:52:43Z"
}

{
  "session_id": "fd03e2c1-ae1c-46e3-9286-ea5c2c0d808b",
  "event_type": "player_move",
  "input": {"device":"keyboard","move_sequence":101},
  "player": {"position":{"x":17,"y":10}},
  "goal_reached":false,
  "timestamp":"2026-02-20T01:52:44Z"
}

{
  "session_id": "fd03e2c1-ae1c-46e3-9286-ea5c2c0d808b",
  "event_type": "player_move",
  "input": {"device":"keyboard","move_sequence":102},
  "player": {"position":{"x":17,"y":9}},
  "goal_reached":false,
  "timestamp":"2026-02-20T01:52:44Z"
}

{
  "session_id": "fd03e2c1-ae1c-46e3-9286-ea5c2c0d808b",
  "event_type": "player_move",
  "input": {"device":"keyboard","move_sequence":103},
  "player": {"position":{"x":17,"y":8}},
  "goal_reached":false,
  "timestamp":"2026-02-20T01:52:45Z"
}

{
  "session_id": "fd03e2c1-ae1c-46e3-9286-ea5c2c0d808b",
  "event_type": "player_move",
  "input": {"device":"keyboard","move_sequence":104},
  "player": {"position":{"x":16,"y":8}},
  "goal_reached":false,
  "timestamp":"2026-02-20T01:52:45Z"
}

{
  "session_id": "fd03e2c1-ae1c-46e3-9286-ea5c2c0d808b",
  "event_type": "player_move",
  "input": {"device":"keyboard","move_sequence":105},
  "player": {"position":{"x":16,"y":7}},
  "goal_reached":false,
  "timestamp":"2026-02-20T01:52:46Z"
}

{
  "session_id": "fd03e2c1-ae1c-46e3-9286-ea5c2c0d808b",
  "event_type": "player_move",
  "input": {"device":"keyboard","move_sequence":106},
  "player": {"position":{"x":15,"y":7}},
  "goal_reached":false,
  "timestamp":"2026-02-20T01:52:46Z"
}

{
  "session_id": "fd03e2c1-ae1c-46e3-9286-ea5c2c0d808b",
  "event_type": "player_move",
  "input": {"device":"keyboard","move_sequence":107},
  "player": {"position":{"x":15,"y":6}},
  "goal_reached":false,
  "timestamp":"2026-02-20T01:52:47Z"
}

{
  "session_id": "fd03e2c1-ae1c-46e3-9286-ea5c2c0d808b",
  "event_type": "player_move",
  "input": {"device":"keyboard","move_sequence":108},
  "player": {"position":{"x":14,"y":6}},
  "goal_reached":false,
  "timestamp":"2026-02-20T01:52:47Z"
}

{
  "session_id": "fd03e2c1-ae1c-46e3-9286-ea5c2c0d808b",
  "event_type": "player_move",
  "input": {"device":"keyboard","move_sequence":109},
  "player": {"position":{"x":13,"y":6}},
  "goal_reached":false,
  "timestamp":"2026-02-20T01:52:48Z"
}

{
  "session_id": "fd03e2c1-ae1c-46e3-9286-ea5c2c0d808b",
  "event_type": "player_move",
  "input": {"device":"keyboard","move_sequence":110},
  "player": {"position":{"x":13,"y":5}},
  "goal_reached":false,
  "timestamp":"2026-02-20T01:52:48Z"
}

{
  "session_id": "fd03e2c1-ae1c-46e3-9286-ea5c2c0d808b",
  "event_type": "player_move",
  "input": {"device":"keyboard","move_sequence":111},
  "player": {"position":{"x":14,"y":5}},
  "goal_reached":false,
  "timestamp":"2026-02-20T01:52:49Z"
}

{
  "session_id": "fd03e2c1-ae1c-46e3-9286-ea5c2c0d808b",
  "event_type": "player_move",
  "input": {"device":"keyboard","move_sequence":112},
  "player": {"position":{"x":14,"y":4}},
  "goal_reached":false,
  "timestamp":"2026-02-20T01:52:49Z"
}

{
  "session_id": "fd03e2c1-ae1c-46e3-9286-ea5c2c0d808b",
  "event_type": "player_move",
  "input": {"device":"keyboard","move_sequence":113},
  "player": {"position":{"x":13,"y":4}},
  "goal_reached":false,
  "timestamp":"2026-02-20T01:52:50Z"
}

{
  "session_id": "fd03e2c1-ae1c-46e3-9286-ea5c2c0d808b",
  "event_type": "player_move",
  "input": {"device":"keyboard","move_sequence":114},
  "player": {"position":{"x":13,"y":3}},
  "goal_reached":false,
  "timestamp":"2026-02-20T01:52:50Z"
}

{
  "session_id": "fd03e2c1-ae1c-46e3-9286-ea5c2c0d808b",
  "event_type": "player_move",
  "input": {"device":"keyboard","move_sequence":115},
  "player": {"position":{"x":12,"y":3}},
  "goal_reached":false,
  "timestamp":"2026-02-20T01:52:51Z"
}

{
  "session_id": "fd03e2c1-ae1c-46e3-9286-ea5c2c0d808b",
  "event_type": "player_move",
  "input": {"device":"keyboard","move_sequence":116},
  "player": {"position":{"x":12,"y":2}},
  "goal_reached":false,
  "timestamp":"2026-02-20T01:52:51Z"
}

{
  "session_id": "fd03e2c1-ae1c-46e3-9286-ea5c2c0d808b",
  "event_type": "player_move",
  "input": {"device":"keyboard","move_sequence":117},
  "player": {"position":{"x":11,"y":2}},
  "goal_reached":false,
  "timestamp":"2026-02-20T01:52:52Z"
}

{
  "session_id": "fd03e2c1-ae1c-46e3-9286-ea5c2c0d808b",
  "event_type": "player_move",
  "input": {"device":"keyboard","move_sequence":118},
  "player": {"position":{"x":10,"y":2}},
  "goal_reached":false,
  "timestamp":"2026-02-20T01:52:52Z"
}

{
  "session_id": "fd03e2c1-ae1c-46e3-9286-ea5c2c0d808b",
  "event_type": "player_move",
  "input": {"device":"keyboard","move_sequence":119},
  "player": {"position":{"x":10,"y":1}},
  "goal_reached":false,
  "timestamp":"2026-02-20T01:52:53Z"
}

{
  "session_id": "fd03e2c1-ae1c-46e3-9286-ea5c2c0d808b",
  "event_type": "player_move",
  "input": {"device":"keyboard","move_sequence":120},
  "player": {"position":{"x":11,"y":1}},
  "goal_reached":false,
  "timestamp":"2026-02-20T01:52:53Z"
}

{
  "session_id": "fd03e2c1-ae1c-46e3-9286-ea5c2c0d808b",
  "event_type": "player_move",
  "input": {"device":"keyboard","move_sequence":121},
  "player": {"position":{"x":11,"y":0}},
  "goal_reached":false,
  "timestamp":"2026-02-20T01:52:54Z"
}

{
  "session_id": "fd03e2c1-ae1c-46e3-9286-ea5c2c0d808b",
  "event_type": "player_move",
  "input": {"device":"keyboard","move_sequence":122},
  "player": {"position":{"x":12,"y":0}},
  "goal_reached":false,
  "timestamp":"2026-02-20T01:52:54Z"
}

{
  "session_id": "fd03e2c1-ae1c-46e3-9286-ea5c2c0d808b",
  "event_type": "player_move",
  "input": {"device":"keyboard","move_sequence":123},
  "player": {"position":{"x":13,"y":0}},
  "goal_reached":false,
  "timestamp":"2026-02-20T01:52:55Z"
}

{
  "session_id": "fd03e2c1-ae1c-46e3-9286-ea5c2c0d808b",
  "event_type": "player_move",
  "input": {"device":"keyboard","move_sequence":124},
  "player": {"position":{"x":13,"y":1}},
  "goal_reached":false,
  "timestamp":"2026-02-20T01:52:55Z"
}

{
  "session_id": "fd03e2c1-ae1c-46e3-9286-ea5c2c0d808b",
  "event_type": "player_move",
  "input": {"device":"keyboard","move_sequence":125},
  "player": {"position":{"x":13,"y":2}},
  "goal_reached":false,
  "timestamp":"2026-02-20T01:52:56Z"
}

{
  "session_id": "fd03e2c1-ae1c-46e3-9286-ea5c2c0d808b",
  "event_type": "player_move",
  "input": {"device":"keyboard","move_sequence":126},
  "player": {"position":{"x":14,"y":2}},
  "goal_reached":false,
  "timestamp":"2026-02-20T01:52:56Z"
}

{
  "session_id": "fd03e2c1-ae1c-46e3-9286-ea5c2c0d808b",
  "event_type": "player_move",
  "input": {"device":"keyboard","move_sequence":127},
  "player": {"position":{"x":14,"y":3}},
  "goal_reached":false,
  "timestamp":"2026-02-20T01:52:57Z"
}

{
  "session_id": "fd03e2c1-ae1c-46e3-9286-ea5c2c0d808b",
  "event_type": "player_move",
  "input": {"device":"keyboard","move_sequence":128},
  "player": {"position":{"x":15,"y":3}},
  "goal_reached":false,
  "timestamp":"2026-02-20T01:52:57Z"
}

{
  "session_id": "fd03e2c1-ae1c-46e3-9286-ea5c2c0d808b",
  "event_type": "player_move",
  "input": {"device":"keyboard","move_sequence":129},
  "player": {"position":{"x":16,"y":3}},
  "goal_reached":false,
  "timestamp":"2026-02-20T01:52:58Z"
}

{
  "session_id": "fd03e2c1-ae1c-46e3-9286-ea5c2c0d808b",
  "event_type": "player_move",
  "input": {"device":"keyboard","move_sequence":130},
  "player": {"position":{"x":17,"y":3}},
  "goal_reached":false,
  "timestamp":"2026-02-20T01:52:58Z"
}

{
  "session_id": "fd03e2c1-ae1c-46e3-9286-ea5c2c0d808b",
  "event_type": "player_move",
  "input": {"device":"keyboard","move_sequence":131},
  "player": {"position":{"x":18,"y":3}},
  "goal_reached":false,
  "timestamp":"2026-02-20T01:52:59Z"
}

{
  "session_id": "fd03e2c1-ae1c-46e3-9286-ea5c2c0d808b",
  "event_type": "player_move",
  "input": {"device":"keyboard","move_sequence":132},
  "player": {"position":{"x":18,"y":4}},
  "goal_reached":false,
  "timestamp":"2026-02-20T01:52:59Z"
}

{
  "session_id": "fd03e2c1-ae1c-46e3-9286-ea5c2c0d808b",
  "event_type": "player_move",
  "input": {"device":"keyboard","move_sequence":133},
  "player": {"position":{"x":17,"y":4}},
  "goal_reached":false,
  "timestamp":"2026-02-20T01:53:00Z"
}

{
  "session_id": "fd03e2c1-ae1c-46e3-9286-ea5c2c0d808b",
  "event_type": "player_move",
  "input": {"device":"keyboard","move_sequence":134},
  "player": {"position":{"x":16,"y":4}},
  "goal_reached":false,
  "timestamp":"2026-02-20T01:53:00Z"
}

{
  "session_id": "fd03e2c1-ae1c-46e3-9286-ea5c2c0d808b",
  "event_type": "player_move",
  "input": {"device":"keyboard","move_sequence":135},
  "player": {"position":{"x":15,"y":4}},
  "goal_reached":false,
  "timestamp":"2026-02-20T01:53:00Z"
}

{
  "session_id": "fd03e2c1-ae1c-46e3-9286-ea5c2c0d808b",
  "event_type": "player_move",
  "input": {"device":"keyboard","move_sequence":136},
  "player": {"position":{"x":15,"y":5}},
  "goal_reached":false,
  "timestamp":"2026-02-20T01:53:01Z"
}

{
  "session_id": "fd03e2c1-ae1c-46e3-9286-ea5c2c0d808b",
  "event_type": "player_move",
  "input": {"device":"keyboard","move_sequence":137},
  "player": {"position":{"x":16,"y":5}},
  "goal_reached":false,
  "timestamp":"2026-02-20T01:53:01Z"
}

{
  "session_id": "fd03e2c1-ae1c-46e3-9286-ea5c2c0d808b",
  "event_type": "player_move",
  "input": {"device":"keyboard","move_sequence":138},
  "player": {"position":{"x":16,"y":6}},
  "goal_reached":false,
  "timestamp":"2026-02-20T01:53:02Z"
}

{
  "session_id": "fd03e2c1-ae1c-46e3-9286-ea5c2c0d808b",
  "event_type": "player_move",
  "input": {"device":"keyboard","move_sequence":139},
  "player": {"position":{"x":17,"y":6}},
  "goal_reached":false,
  "timestamp":"2026-02-20T01:53:02Z"
}

{
  "session_id": "fd03e2c1-ae1c-46e3-9286-ea5c2c0d808b",
  "event_type": "player_move",
  "input": {"device":"keyboard","move_sequence":140},
  "player": {"position":{"x":18,"y":6}},
  "goal_reached":false,
  "timestamp":"2026-02-20T01:53:03Z"
}

{
  "session_id": "fd03e2c1-ae1c-46e3-9286-ea5c2c0d808b",
  "event_type": "player_move",
  "input": {"device":"keyboard","move_sequence":141},
  "player": {"position":{"x":18,"y":7}},
  "goal_reached":false,
  "timestamp":"2026-02-20T01:53:03Z"
}

{
  "session_id": "fd03e2c1-ae1c-46e3-9286-ea5c2c0d808b",
  "event_type": "player_move",
  "input": {"device":"keyboard","move_sequence":142},
  "player": {"position":{"x":19,"y":7}},
  "goal_reached":false,
  "timestamp":"2026-02-20T01:53:04Z"
}

{
  "session_id": "fd03e2c1-ae1c-46e3-9286-ea5c2c0d808b",
  "event_type": "player_move",
  "input": {"device":"keyboard","move_sequence":143},
  "player": {"position":{"x":19,"y":6}},
  "goal_reached":false,
  "timestamp":"2026-02-20T01:53:04Z"
}

{
  "session_id": "fd03e2c1-ae1c-46e3-9286-ea5c2c0d808b",
  "event_type": "player_move",
  "input": {"device":"keyboard","move_sequence":144},
  "player": {"position":{"x":19,"y":5}},
  "goal_reached":false,
  "timestamp":"2026-02-20T01:53:05Z"
}

{
  "session_id": "fd03e2c1-ae1c-46e3-9286-ea5c2c0d808b",
  "event_type": "player_move",
  "input": {"device":"keyboard","move_sequence":145},
  "player": {"position":{"x":19,"y":4}},
  "goal_reached":false,
  "timestamp":"2026-02-20T01:53:05Z"
}

{
  "session_id": "fd03e2c1-ae1c-46e3-9286-ea5c2c0d808b",
  "event_type": "player_move",
  "input": {"device":"keyboard","move_sequence":146},
  "player": {"position":{"x":19,"y":3}},
  "goal_reached":false,
  "timestamp":"2026-02-20T01:53:05Z"
}

{
  "session_id": "fd03e2c1-ae1c-46e3-9286-ea5c2c0d808b",
  "event_type": "player_move",
  "input": {"device":"keyboard","move_sequence":147},
  "player": {"position":{"x":20,"y":3}},
  "goal_reached":false,
  "timestamp":"2026-02-20T01:53:05Z"
}

{
  "session_id": "fd03e2c1-ae1c-46e3-9286-ea5c2c0d808b",
  "event_type": "player_move",
  "input": {"device":"keyboard","move_sequence":148},
  "player": {"position":{"x":20,"y":4}},
  "goal_reached":false,
  "timestamp":"2026-02-20T01:53:06Z"
}

{
  "session_id": "fd03e2c1-ae1c-46e3-9286-ea5c2c0d808b",
  "event_type": "player_move",
  "input": {"device":"keyboard","move_sequence":149},
  "player": {"position":{"x":20,"y":5}},
  "goal_reached":false,
  "timestamp":"2026-02-20T01:53:06Z"
}

{
  "session_id": "fd03e2c1-ae1c-46e3-9286-ea5c2c0d808b",
  "event_type": "player_move",
  "input": {"device":"keyboard","move_sequence":150},
  "player": {"position":{"x":20,"y":6}},
  "goal_reached":false,
  "timestamp":"2026-02-20T01:53:07Z"
}

{
  "session_id": "fd03e2c1-ae1c-46e3-9286-ea5c2c0d808b",
  "event_type": "player_move",
  "input": {"device":"keyboard","move_sequence":151},
  "player": {"position":{"x":20,"y":7}},
  "goal_reached":false,
  "timestamp":"2026-02-20T01:53:07Z"
}

{
  "session_id": "fd03e2c1-ae1c-46e3-9286-ea5c2c0d808b",
  "event_type": "player_move",
  "input": {"device":"keyboard","move_sequence":152},
  "player": {"position":{"x":20,"y":8}},
  "goal_reached":false,
  "timestamp":"2026-02-20T01:53:07Z"
}

{
  "session_id": "fd03e2c1-ae1c-46e3-9286-ea5c2c0d808b",
  "event_type": "player_move",
  "input": {"device":"keyboard","move_sequence":153},
  "player": {"position":{"x":19,"y":8}},
  "goal_reached":false,
  "timestamp":"2026-02-20T01:53:08Z"
}

{
  "session_id": "fd03e2c1-ae1c-46e3-9286-ea5c2c0d808b",
  "event_type": "player_move",
  "input": {"device":"keyboard","move_sequence":154},
  "player": {"position":{"x":19,"y":9}},
  "goal_reached":false,
  "timestamp":"2026-02-20T01:53:08Z"
}

{
  "session_id": "fd03e2c1-ae1c-46e3-9286-ea5c2c0d808b",
  "event_type": "player_move",
  "input": {"device":"keyboard","move_sequence":155},
  "player": {"position":{"x":18,"y":9}},
  "goal_reached":false,
  "timestamp":"2026-02-20T01:53:09Z"
}

{
  "session_id": "fd03e2c1-ae1c-46e3-9286-ea5c2c0d808b",
  "event_type": "player_move",
  "input": {"device":"keyboard","move_sequence":156},
  "player": {"position":{"x":18,"y":10}},
  "goal_reached":false,
  "timestamp":"2026-02-20T01:53:10Z"
}

{
  "session_id": "fd03e2c1-ae1c-46e3-9286-ea5c2c0d808b",
  "event_type": "player_move",
  "input": {"device":"keyboard","move_sequence":157},
  "player": {"position":{"x":19,"y":10}},
  "goal_reached":false,
  "timestamp":"2026-02-20T01:53:10Z"
}

{
  "session_id": "fd03e2c1-ae1c-46e3-9286-ea5c2c0d808b",
  "event_type": "player_move",
  "input": {"device":"keyboard","move_sequence":158},
  "player": {"position":{"x":19,"y":11}},
  "goal_reached":false,
  "timestamp":"2026-02-20T01:53:11Z"
}

{
  "session_id": "fd03e2c1-ae1c-46e3-9286-ea5c2c0d808b",
  "event_type": "player_move",
  "input": {"device":"keyboard","move_sequence":159},
  "player": {"position":{"x":19,"y":12}},
  "goal_reached":false,
  "timestamp":"2026-02-20T01:53:11Z"
}

{
  "session_id": "fd03e2c1-ae1c-46e3-9286-ea5c2c0d808b",
  "event_type": "player_move",
  "input": {"device":"keyboard","move_sequence":160},
  "player": {"position":{"x":20,"y":12}},
  "goal_reached":false,
  "timestamp":"2026-02-20T01:53:12Z"
}

{
  "session_id": "fd03e2c1-ae1c-46e3-9286-ea5c2c0d808b",
  "event_type": "player_move",
  "input": {"device":"keyboard","move_sequence":161},
  "player": {"position":{"x":20,"y":13}},
  "goal_reached":false,
  "timestamp":"2026-02-20T01:53:12Z"
}

{
  "session_id": "fd03e2c1-ae1c-46e3-9286-ea5c2c0d808b",
  "event_type": "player_move",
  "input": {"device":"keyboard","move_sequence":162},
  "player": {"position":{"x":20,"y":14}},
  "goal_reached":true,
  "timestamp":"2026-02-20T01:53:13Z"
}

{
  "session_id": "5fbc2a40-093c-4339-aeea-945e1f636c55",
  "event_type": "player_move",
  "input": {"device":"keyboard","move_sequence":1},
  "player": {"position":{"x":1,"y":0}},
  "goal_reached":false,
  "timestamp":"2026-02-20T02:02:34Z"
}

{
  "session_id": "5fbc2a40-093c-4339-aeea-945e1f636c55",
  "event_type": "player_move",
  "input": {"device":"keyboard","move_sequence":2},
  "player": {"position":{"x":2,"y":0}},
  "goal_reached":false,
  "timestamp":"2026-02-20T02:02:34Z"
}

{
  "session_id": "5fbc2a40-093c-4339-aeea-945e1f636c55",
  "event_type": "player_move",
  "input": {"device":"keyboard","move_sequence":3},
  "player": {"position":{"x":2,"y":1}},
  "goal_reached":false,
  "timestamp":"2026-02-20T02:02:35Z"
}

{
  "session_id": "5fbc2a40-093c-4339-aeea-945e1f636c55",
  "event_type": "player_move",
  "input": {"device":"keyboard","move_sequence":4},
  "player": {"position":{"x":3,"y":1}},
  "goal_reached":false,
  "timestamp":"2026-02-20T02:02:36Z"
}

{
  "session_id": "5fbc2a40-093c-4339-aeea-945e1f636c55",
  "event_type": "player_move",
  "input": {"device":"keyboard","move_sequence":5},
  "player": {"position":{"x":4,"y":1}},
  "goal_reached":false,
  "timestamp":"2026-02-20T02:02:36Z"
}

{
  "session_id": "5fbc2a40-093c-4339-aeea-945e1f636c55",
  "event_type": "player_move",
  "input": {"device":"keyboard","move_sequence":6},
  "player": {"position":{"x":5,"y":1}},
  "goal_reached":false,
  "timestamp":"2026-02-20T02:02:41Z"
}

{
  "session_id": "5fbc2a40-093c-4339-aeea-945e1f636c55",
  "event_type": "player_move",
  "input": {"device":"keyboard","move_sequence":7},
  "player": {"position":{"x":5,"y":0}},
  "goal_reached":false,
  "timestamp":"2026-02-20T02:02:42Z"
}

{
  "session_id": "5fbc2a40-093c-4339-aeea-945e1f636c55",
  "event_type": "player_move",
  "input": {"device":"keyboard","move_sequence":8},
  "player": {"position":{"x":6,"y":0}},
  "goal_reached":false,
  "timestamp":"2026-02-20T02:02:42Z"
}

{
  "session_id": "5fbc2a40-093c-4339-aeea-945e1f636c55",
  "event_type": "player_move",
  "input": {"device":"keyboard","move_sequence":9},
  "player": {"position":{"x":6,"y":1}},
  "goal_reached":false,
  "timestamp":"2026-02-20T02:02:43Z"
}

{
  "session_id": "9d0ef615-10cf-4a15-9aa6-9e86ffb3915a",
  "event_type": "player_move",
  "input": {"device":"keyboard","move_sequence":1},
  "player": {"position":{"x":0,"y":1}},
  "goal_reached":false,
  "timestamp":"2026-02-20T02:15:35Z"
}

{
  "session_id": "9d0ef615-10cf-4a15-9aa6-9e86ffb3915a",
  "event_type": "player_move",
  "input": {"device":"keyboard","move_sequence":2},
  "player": {"position":{"x":1,"y":1}},
  "goal_reached":false,
  "timestamp":"2026-02-20T02:15:36Z"
}

{
  "session_id": "9d0ef615-10cf-4a15-9aa6-9e86ffb3915a",
  "event_type": "player_move",
  "input": {"device":"keyboard","move_sequence":3},
  "player": {"position":{"x":1,"y":2}},
  "goal_reached":false,
  "timestamp":"2026-02-20T02:15:37Z"
}

{
  "session_id": "9d0ef615-10cf-4a15-9aa6-9e86ffb3915a",
  "event_type": "player_move",
  "input": {"device":"keyboard","move_sequence":4},
  "player": {"position":{"x":1,"y":3}},
  "goal_reached":false,
  "timestamp":"2026-02-20T02:15:37Z"
}

{
  "session_id": "9d0ef615-10cf-4a15-9aa6-9e86ffb3915a",
  "event_type": "player_move",
  "input": {"device":"keyboard","move_sequence":5},
  "player": {"position":{"x":2,"y":3}},
  "goal_reached":false,
  "timestamp":"2026-02-20T02:15:37Z"
}

{
  "session_id": "9d0ef615-10cf-4a15-9aa6-9e86ffb3915a",
  "event_type": "player_move",
  "input": {"device":"keyboard","move_sequence":6},
  "player": {"position":{"x":2,"y":2}},
  "goal_reached":false,
  "timestamp":"2026-02-20T02:15:38Z"
}

{
  "session_id": "9d0ef615-10cf-4a15-9aa6-9e86ffb3915a",
  "event_type": "player_move",
  "input": {"device":"keyboard","move_sequence":7},
  "player": {"position":{"x":3,"y":2}},
  "goal_reached":false,
  "timestamp":"2026-02-20T02:15:39Z"
}

{
  "session_id": "9d0ef615-10cf-4a15-9aa6-9e86ffb3915a",
  "event_type": "player_move",
  "input": {"device":"keyboard","move_sequence":8},
  "player": {"position":{"x":3,"y":3}},
  "goal_reached":false,
  "timestamp":"2026-02-20T02:15:39Z"
}

{
  "session_id": "9d0ef615-10cf-4a15-9aa6-9e86ffb3915a",
  "event_type": "player_move",
  "input": {"device":"keyboard","move_sequence":9},
  "player": {"position":{"x":4,"y":3}},
  "goal_reached":false,
  "timestamp":"2026-02-20T02:15:40Z"
}

{
  "session_id": "9d0ef615-10cf-4a15-9aa6-9e86ffb3915a",
  "event_type": "player_move",
  "input": {"device":"keyboard","move_sequence":10},
  "player": {"position":{"x":4,"y":4}},
  "goal_reached":false,
  "timestamp":"2026-02-20T02:15:40Z"
}

{
  "session_id": "9d0ef615-10cf-4a15-9aa6-9e86ffb3915a",
  "event_type": "player_move",
  "input": {"device":"keyboard","move_sequence":11},
  "player": {"position":{"x":3,"y":4}},
  "goal_reached":false,
  "timestamp":"2026-02-20T02:15:41Z"
}

{
  "session_id": "9d0ef615-10cf-4a15-9aa6-9e86ffb3915a",
  "event_type": "player_move",
  "input": {"device":"keyboard","move_sequence":12},
  "player": {"position":{"x":2,"y":4}},
  "goal_reached":false,
  "timestamp":"2026-02-20T02:15:41Z"
}

{
  "session_id": "9d0ef615-10cf-4a15-9aa6-9e86ffb3915a",
  "event_type": "player_move",
  "input": {"device":"keyboard","move_sequence":13},
  "player": {"position":{"x":2,"y":5}},
  "goal_reached":false,
  "timestamp":"2026-02-20T02:15:41Z"
}

{
  "session_id": "9d0ef615-10cf-4a15-9aa6-9e86ffb3915a",
  "event_type": "player_move",
  "input": {"device":"keyboard","move_sequence":14},
  "player": {"position":{"x":1,"y":5}},
  "goal_reached":false,
  "timestamp":"2026-02-20T02:15:42Z"
}

{
  "session_id": "9d0ef615-10cf-4a15-9aa6-9e86ffb3915a",
  "event_type": "player_move",
  "input": {"device":"keyboard","move_sequence":15},
  "player": {"position":{"x":1,"y":4}},
  "goal_reached":false,
  "timestamp":"2026-02-20T02:15:42Z"
}

{
  "session_id": "9d0ef615-10cf-4a15-9aa6-9e86ffb3915a",
  "event_type": "player_move",
  "input": {"device":"keyboard","move_sequence":16},
  "player": {"position":{"x":0,"y":4}},
  "goal_reached":false,
  "timestamp":"2026-02-20T02:15:43Z"
}

{
  "session_id": "9d0ef615-10cf-4a15-9aa6-9e86ffb3915a",
  "event_type": "player_move",
  "input": {"device":"keyboard","move_sequence":17},
  "player": {"position":{"x":0,"y":5}},
  "goal_reached":false,
  "timestamp":"2026-02-20T02:15:43Z"
}

{
  "session_id": "9d0ef615-10cf-4a15-9aa6-9e86ffb3915a",
  "event_type": "player_move",
  "input": {"device":"keyboard","move_sequence":18},
  "player": {"position":{"x":0,"y":6}},
  "goal_reached":false,
  "timestamp":"2026-02-20T02:15:44Z"
}

{
  "session_id": "9d0ef615-10cf-4a15-9aa6-9e86ffb3915a",
  "event_type": "player_move",
  "input": {"device":"keyboard","move_sequence":19},
  "player": {"position":{"x":0,"y":7}},
  "goal_reached":false,
  "timestamp":"2026-02-20T02:15:44Z"
}

{
  "session_id": "9d0ef615-10cf-4a15-9aa6-9e86ffb3915a",
  "event_type": "player_move",
  "input": {"device":"keyboard","move_sequence":20},
  "player": {"position":{"x":0,"y":8}},
  "goal_reached":false,
  "timestamp":"2026-02-20T02:15:44Z"
}

{
  "session_id": "9d0ef615-10cf-4a15-9aa6-9e86ffb3915a",
  "event_type": "player_move",
  "input": {"device":"keyboard","move_sequence":21},
  "player": {"position":{"x":0,"y":9}},
  "goal_reached":false,
  "timestamp":"2026-02-20T02:15:45Z"
}

{
  "session_id": "9d0ef615-10cf-4a15-9aa6-9e86ffb3915a",
  "event_type": "player_move",
  "input": {"device":"keyboard","move_sequence":22},
  "player": {"position":{"x":0,"y":10}},
  "goal_reached":false,
  "timestamp":"2026-02-20T02:15:45Z"
}

{
  "session_id": "9d0ef615-10cf-4a15-9aa6-9e86ffb3915a",
  "event_type": "player_move",
  "input": {"device":"keyboard","move_sequence":23},
  "player": {"position":{"x":0,"y":11}},
  "goal_reached":false,
  "timestamp":"2026-02-20T02:15:45Z"
}

{
  "session_id": "9d0ef615-10cf-4a15-9aa6-9e86ffb3915a",
  "event_type": "player_move",
  "input": {"device":"keyboard","move_sequence":24},
  "player": {"position":{"x":1,"y":11}},
  "goal_reached":false,
  "timestamp":"2026-02-20T02:15:46Z"
}

{
  "session_id": "9d0ef615-10cf-4a15-9aa6-9e86ffb3915a",
  "event_type": "player_move",
  "input": {"device":"keyboard","move_sequence":25},
  "player": {"position":{"x":1,"y":12}},
  "goal_reached":false,
  "timestamp":"2026-02-20T02:15:46Z"
}

{
  "session_id": "9d0ef615-10cf-4a15-9aa6-9e86ffb3915a",
  "event_type": "player_move",
  "input": {"device":"keyboard","move_sequence":26},
  "player": {"position":{"x":1,"y":13}},
  "goal_reached":false,
  "timestamp":"2026-02-20T02:15:46Z"
}

{
  "session_id": "9d0ef615-10cf-4a15-9aa6-9e86ffb3915a",
  "event_type": "player_move",
  "input": {"device":"keyboard","move_sequence":27},
  "player": {"position":{"x":2,"y":13}},
  "goal_reached":false,
  "timestamp":"2026-02-20T02:15:47Z"
}

{
  "session_id": "9d0ef615-10cf-4a15-9aa6-9e86ffb3915a",
  "event_type": "player_move",
  "input": {"device":"keyboard","move_sequence":28},
  "player": {"position":{"x":2,"y":14}},
  "goal_reached":false,
  "timestamp":"2026-02-20T02:15:47Z"
}

{
  "session_id": "9d0ef615-10cf-4a15-9aa6-9e86ffb3915a",
  "event_type": "player_move",
  "input": {"device":"keyboard","move_sequence":29},
  "player": {"position":{"x":3,"y":14}},
  "goal_reached":false,
  "timestamp":"2026-02-20T02:15:48Z"
}

{
  "session_id": "9d0ef615-10cf-4a15-9aa6-9e86ffb3915a",
  "event_type": "player_move",
  "input": {"device":"keyboard","move_sequence":30},
  "player": {"position":{"x":4,"y":14}},
  "goal_reached":false,
  "timestamp":"2026-02-20T02:15:48Z"
}

{
  "session_id": "9d0ef615-10cf-4a15-9aa6-9e86ffb3915a",
  "event_type": "player_move",
  "input": {"device":"keyboard","move_sequence":31},
  "player": {"position":{"x":4,"y":13}},
  "goal_reached":false,
  "timestamp":"2026-02-20T02:15:49Z"
}

{
  "session_id": "9d0ef615-10cf-4a15-9aa6-9e86ffb3915a",
  "event_type": "player_move",
  "input": {"device":"keyboard","move_sequence":32},
  "player": {"position":{"x":3,"y":13}},
  "goal_reached":false,
  "timestamp":"2026-02-20T02:15:49Z"
}

{
  "session_id": "9d0ef615-10cf-4a15-9aa6-9e86ffb3915a",
  "event_type": "player_move",
  "input": {"device":"keyboard","move_sequence":33},
  "player": {"position":{"x":3,"y":12}},
  "goal_reached":false,
  "timestamp":"2026-02-20T02:15:50Z"
}

{
  "session_id": "9d0ef615-10cf-4a15-9aa6-9e86ffb3915a",
  "event_type": "player_move",
  "input": {"device":"keyboard","move_sequence":34},
  "player": {"position":{"x":3,"y":11}},
  "goal_reached":false,
  "timestamp":"2026-02-20T02:15:50Z"
}

{
  "session_id": "9d0ef615-10cf-4a15-9aa6-9e86ffb3915a",
  "event_type": "player_move",
  "input": {"device":"keyboard","move_sequence":35},
  "player": {"position":{"x":2,"y":11}},
  "goal_reached":false,
  "timestamp":"2026-02-20T02:15:50Z"
}

{
  "session_id": "9d0ef615-10cf-4a15-9aa6-9e86ffb3915a",
  "event_type": "player_move",
  "input": {"device":"keyboard","move_sequence":36},
  "player": {"position":{"x":2,"y":10}},
  "goal_reached":false,
  "timestamp":"2026-02-20T02:15:51Z"
}

{
  "session_id": "9d0ef615-10cf-4a15-9aa6-9e86ffb3915a",
  "event_type": "player_move",
  "input": {"device":"keyboard","move_sequence":37},
  "player": {"position":{"x":1,"y":10}},
  "goal_reached":false,
  "timestamp":"2026-02-20T02:15:51Z"
}

{
  "session_id": "9d0ef615-10cf-4a15-9aa6-9e86ffb3915a",
  "event_type": "player_move",
  "input": {"device":"keyboard","move_sequence":38},
  "player": {"position":{"x":1,"y":9}},
  "goal_reached":false,
  "timestamp":"2026-02-20T02:15:52Z"
}

{
  "session_id": "9d0ef615-10cf-4a15-9aa6-9e86ffb3915a",
  "event_type": "player_move",
  "input": {"device":"keyboard","move_sequence":39},
  "player": {"position":{"x":2,"y":9}},
  "goal_reached":false,
  "timestamp":"2026-02-20T02:15:52Z"
}

{
  "session_id": "9d0ef615-10cf-4a15-9aa6-9e86ffb3915a",
  "event_type": "player_move",
  "input": {"device":"keyboard","move_sequence":40},
  "player": {"position":{"x":3,"y":9}},
  "goal_reached":false,
  "timestamp":"2026-02-20T02:15:53Z"
}

{
  "session_id": "9d0ef615-10cf-4a15-9aa6-9e86ffb3915a",
  "event_type": "player_move",
  "input": {"device":"keyboard","move_sequence":41},
  "player": {"position":{"x":4,"y":9}},
  "goal_reached":false,
  "timestamp":"2026-02-20T02:15:53Z"
}

{
  "session_id": "9d0ef615-10cf-4a15-9aa6-9e86ffb3915a",
  "event_type": "player_move",
  "input": {"device":"keyboard","move_sequence":42},
  "player": {"position":{"x":5,"y":9}},
  "goal_reached":false,
  "timestamp":"2026-02-20T02:15:53Z"
}

{
  "session_id": "9d0ef615-10cf-4a15-9aa6-9e86ffb3915a",
  "event_type": "player_move",
  "input": {"device":"keyboard","move_sequence":43},
  "player": {"position":{"x":5,"y":8}},
  "goal_reached":false,
  "timestamp":"2026-02-20T02:15:54Z"
}

{
  "session_id": "9d0ef615-10cf-4a15-9aa6-9e86ffb3915a",
  "event_type": "player_move",
  "input": {"device":"keyboard","move_sequence":44},
  "player": {"position":{"x":4,"y":8}},
  "goal_reached":false,
  "timestamp":"2026-02-20T02:15:54Z"
}

{
  "session_id": "9d0ef615-10cf-4a15-9aa6-9e86ffb3915a",
  "event_type": "player_move",
  "input": {"device":"keyboard","move_sequence":45},
  "player": {"position":{"x":3,"y":8}},
  "goal_reached":false,
  "timestamp":"2026-02-20T02:15:55Z"
}

{
  "session_id": "9d0ef615-10cf-4a15-9aa6-9e86ffb3915a",
  "event_type": "player_move",
  "input": {"device":"keyboard","move_sequence":46},
  "player": {"position":{"x":2,"y":8}},
  "goal_reached":false,
  "timestamp":"2026-02-20T02:15:55Z"
}

{
  "session_id": "9d0ef615-10cf-4a15-9aa6-9e86ffb3915a",
  "event_type": "player_move",
  "input": {"device":"keyboard","move_sequence":47},
  "player": {"position":{"x":2,"y":7}},
  "goal_reached":false,
  "timestamp":"2026-02-20T02:15:56Z"
}

{
  "session_id": "9d0ef615-10cf-4a15-9aa6-9e86ffb3915a",
  "event_type": "player_move",
  "input": {"device":"keyboard","move_sequence":48},
  "player": {"position":{"x":3,"y":7}},
  "goal_reached":false,
  "timestamp":"2026-02-20T02:15:56Z"
}

{
  "session_id": "9d0ef615-10cf-4a15-9aa6-9e86ffb3915a",
  "event_type": "player_move",
  "input": {"device":"keyboard","move_sequence":49},
  "player": {"position":{"x":4,"y":7}},
  "goal_reached":false,
  "timestamp":"2026-02-20T02:15:57Z"
}

{
  "session_id": "9d0ef615-10cf-4a15-9aa6-9e86ffb3915a",
  "event_type": "player_move",
  "input": {"device":"keyboard","move_sequence":50},
  "player": {"position":{"x":5,"y":7}},
  "goal_reached":false,
  "timestamp":"2026-02-20T02:15:57Z"
}

{
  "session_id": "9d0ef615-10cf-4a15-9aa6-9e86ffb3915a",
  "event_type": "player_move",
  "input": {"device":"keyboard","move_sequence":51},
  "player": {"position":{"x":6,"y":7}},
  "goal_reached":false,
  "timestamp":"2026-02-20T02:15:57Z"
}

{
  "session_id": "9d0ef615-10cf-4a15-9aa6-9e86ffb3915a",
  "event_type": "player_move",
  "input": {"device":"keyboard","move_sequence":52},
  "player": {"position":{"x":6,"y":6}},
  "goal_reached":false,
  "timestamp":"2026-02-20T02:15:58Z"
}

{
  "session_id": "9d0ef615-10cf-4a15-9aa6-9e86ffb3915a",
  "event_type": "player_move",
  "input": {"device":"keyboard","move_sequence":53},
  "player": {"position":{"x":7,"y":6}},
  "goal_reached":false,
  "timestamp":"2026-02-20T02:15:59Z"
}

{
  "session_id": "9d0ef615-10cf-4a15-9aa6-9e86ffb3915a",
  "event_type": "player_move",
  "input": {"device":"keyboard","move_sequence":54},
  "player": {"position":{"x":7,"y":5}},
  "goal_reached":false,
  "timestamp":"2026-02-20T02:15:59Z"
}

{
  "session_id": "9d0ef615-10cf-4a15-9aa6-9e86ffb3915a",
  "event_type": "player_move",
  "input": {"device":"keyboard","move_sequence":55},
  "player": {"position":{"x":8,"y":5}},
  "goal_reached":false,
  "timestamp":"2026-02-20T02:15:59Z"
}

{
  "session_id": "9d0ef615-10cf-4a15-9aa6-9e86ffb3915a",
  "event_type": "player_move",
  "input": {"device":"keyboard","move_sequence":56},
  "player": {"position":{"x":8,"y":4}},
  "goal_reached":false,
  "timestamp":"2026-02-20T02:16:00Z"
}

{
  "session_id": "9d0ef615-10cf-4a15-9aa6-9e86ffb3915a",
  "event_type": "player_move",
  "input": {"device":"keyboard","move_sequence":57},
  "player": {"position":{"x":8,"y":3}},
  "goal_reached":false,
  "timestamp":"2026-02-20T02:16:00Z"
}

{
  "session_id": "9d0ef615-10cf-4a15-9aa6-9e86ffb3915a",
  "event_type": "player_move",
  "input": {"device":"keyboard","move_sequence":58},
  "player": {"position":{"x":9,"y":3}},
  "goal_reached":false,
  "timestamp":"2026-02-20T02:16:01Z"
}

{
  "session_id": "9d0ef615-10cf-4a15-9aa6-9e86ffb3915a",
  "event_type": "player_move",
  "input": {"device":"keyboard","move_sequence":59},
  "player": {"position":{"x":10,"y":3}},
  "goal_reached":false,
  "timestamp":"2026-02-20T02:16:01Z"
}

{
  "session_id": "9d0ef615-10cf-4a15-9aa6-9e86ffb3915a",
  "event_type": "player_move",
  "input": {"device":"keyboard","move_sequence":60},
  "player": {"position":{"x":11,"y":3}},
  "goal_reached":false,
  "timestamp":"2026-02-20T02:16:02Z"
}

{
  "session_id": "9d0ef615-10cf-4a15-9aa6-9e86ffb3915a",
  "event_type": "player_move",
  "input": {"device":"keyboard","move_sequence":61},
  "player": {"position":{"x":12,"y":3}},
  "goal_reached":false,
  "timestamp":"2026-02-20T02:16:02Z"
}

{
  "session_id": "9d0ef615-10cf-4a15-9aa6-9e86ffb3915a",
  "event_type": "player_move",
  "input": {"device":"keyboard","move_sequence":62},
  "player": {"position":{"x":12,"y":2}},
  "goal_reached":false,
  "timestamp":"2026-02-20T02:16:03Z"
}

{
  "session_id": "9d0ef615-10cf-4a15-9aa6-9e86ffb3915a",
  "event_type": "player_move",
  "input": {"device":"keyboard","move_sequence":63},
  "player": {"position":{"x":11,"y":2}},
  "goal_reached":false,
  "timestamp":"2026-02-20T02:16:03Z"
}

{
  "session_id": "9d0ef615-10cf-4a15-9aa6-9e86ffb3915a",
  "event_type": "player_move",
  "input": {"device":"keyboard","move_sequence":64},
  "player": {"position":{"x":11,"y":1}},
  "goal_reached":false,
  "timestamp":"2026-02-20T02:16:04Z"
}

{
  "session_id": "9d0ef615-10cf-4a15-9aa6-9e86ffb3915a",
  "event_type": "player_move",
  "input": {"device":"keyboard","move_sequence":65},
  "player": {"position":{"x":11,"y":0}},
  "goal_reached":false,
  "timestamp":"2026-02-20T02:16:05Z"
}

{
  "session_id": "9d0ef615-10cf-4a15-9aa6-9e86ffb3915a",
  "event_type": "player_move",
  "input": {"device":"keyboard","move_sequence":66},
  "player": {"position":{"x":12,"y":0}},
  "goal_reached":false,
  "timestamp":"2026-02-20T02:16:06Z"
}

{
  "session_id": "9d0ef615-10cf-4a15-9aa6-9e86ffb3915a",
  "event_type": "player_move",
  "input": {"device":"keyboard","move_sequence":67},
  "player": {"position":{"x":13,"y":0}},
  "goal_reached":false,
  "timestamp":"2026-02-20T02:16:06Z"
}

{
  "session_id": "9d0ef615-10cf-4a15-9aa6-9e86ffb3915a",
  "event_type": "player_move",
  "input": {"device":"keyboard","move_sequence":68},
  "player": {"position":{"x":13,"y":1}},
  "goal_reached":false,
  "timestamp":"2026-02-20T02:16:06Z"
}

{
  "session_id": "9d0ef615-10cf-4a15-9aa6-9e86ffb3915a",
  "event_type": "player_move",
  "input": {"device":"keyboard","move_sequence":69},
  "player": {"position":{"x":13,"y":2}},
  "goal_reached":false,
  "timestamp":"2026-02-20T02:16:07Z"
}

{
  "session_id": "9d0ef615-10cf-4a15-9aa6-9e86ffb3915a",
  "event_type": "player_move",
  "input": {"device":"keyboard","move_sequence":70},
  "player": {"position":{"x":13,"y":3}},
  "goal_reached":false,
  "timestamp":"2026-02-20T02:16:07Z"
}

{
  "session_id": "9d0ef615-10cf-4a15-9aa6-9e86ffb3915a",
  "event_type": "player_move",
  "input": {"device":"keyboard","move_sequence":71},
  "player": {"position":{"x":13,"y":4}},
  "goal_reached":false,
  "timestamp":"2026-02-20T02:16:07Z"
}

{
  "session_id": "9d0ef615-10cf-4a15-9aa6-9e86ffb3915a",
  "event_type": "player_move",
  "input": {"device":"keyboard","move_sequence":72},
  "player": {"position":{"x":14,"y":4}},
  "goal_reached":false,
  "timestamp":"2026-02-20T02:16:08Z"
}

{
  "session_id": "9d0ef615-10cf-4a15-9aa6-9e86ffb3915a",
  "event_type": "player_move",
  "input": {"device":"keyboard","move_sequence":73},
  "player": {"position":{"x":14,"y":5}},
  "goal_reached":false,
  "timestamp":"2026-02-20T02:16:09Z"
}

{
  "session_id": "9d0ef615-10cf-4a15-9aa6-9e86ffb3915a",
  "event_type": "player_move",
  "input": {"device":"keyboard","move_sequence":74},
  "player": {"position":{"x":13,"y":5}},
  "goal_reached":false,
  "timestamp":"2026-02-20T02:16:09Z"
}

{
  "session_id": "9d0ef615-10cf-4a15-9aa6-9e86ffb3915a",
  "event_type": "player_move",
  "input": {"device":"keyboard","move_sequence":75},
  "player": {"position":{"x":13,"y":6}},
  "goal_reached":false,
  "timestamp":"2026-02-20T02:16:10Z"
}

{
  "session_id": "9d0ef615-10cf-4a15-9aa6-9e86ffb3915a",
  "event_type": "player_move",
  "input": {"device":"keyboard","move_sequence":76},
  "player": {"position":{"x":13,"y":7}},
  "goal_reached":false,
  "timestamp":"2026-02-20T02:16:10Z"
}

{
  "session_id": "9d0ef615-10cf-4a15-9aa6-9e86ffb3915a",
  "event_type": "player_move",
  "input": {"device":"keyboard","move_sequence":77},
  "player": {"position":{"x":13,"y":8}},
  "goal_reached":false,
  "timestamp":"2026-02-20T02:16:10Z"
}

{
  "session_id": "9d0ef615-10cf-4a15-9aa6-9e86ffb3915a",
  "event_type": "player_move",
  "input": {"device":"keyboard","move_sequence":78},
  "player": {"position":{"x":13,"y":9}},
  "goal_reached":false,
  "timestamp":"2026-02-20T02:16:11Z"
}

{
  "session_id": "9d0ef615-10cf-4a15-9aa6-9e86ffb3915a",
  "event_type": "player_move",
  "input": {"device":"keyboard","move_sequence":79},
  "player": {"position":{"x":13,"y":10}},
  "goal_reached":false,
  "timestamp":"2026-02-20T02:16:11Z"
}

{
  "session_id": "9d0ef615-10cf-4a15-9aa6-9e86ffb3915a",
  "event_type": "player_move",
  "input": {"device":"keyboard","move_sequence":80},
  "player": {"position":{"x":14,"y":10}},
  "goal_reached":false,
  "timestamp":"2026-02-20T02:16:11Z"
}

{
  "session_id": "9d0ef615-10cf-4a15-9aa6-9e86ffb3915a",
  "event_type": "player_move",
  "input": {"device":"keyboard","move_sequence":81},
  "player": {"position":{"x":14,"y":11}},
  "goal_reached":false,
  "timestamp":"2026-02-20T02:16:12Z"
}

{
  "session_id": "9d0ef615-10cf-4a15-9aa6-9e86ffb3915a",
  "event_type": "player_move",
  "input": {"device":"keyboard","move_sequence":82},
  "player": {"position":{"x":15,"y":11}},
  "goal_reached":false,
  "timestamp":"2026-02-20T02:16:12Z"
}

{
  "session_id": "9d0ef615-10cf-4a15-9aa6-9e86ffb3915a",
  "event_type": "player_move",
  "input": {"device":"keyboard","move_sequence":83},
  "player": {"position":{"x":15,"y":10}},
  "goal_reached":false,
  "timestamp":"2026-02-20T02:16:13Z"
}

{
  "session_id": "9d0ef615-10cf-4a15-9aa6-9e86ffb3915a",
  "event_type": "player_move",
  "input": {"device":"keyboard","move_sequence":84},
  "player": {"position":{"x":16,"y":10}},
  "goal_reached":false,
  "timestamp":"2026-02-20T02:16:13Z"
}

{
  "session_id": "9d0ef615-10cf-4a15-9aa6-9e86ffb3915a",
  "event_type": "player_move",
  "input": {"device":"keyboard","move_sequence":85},
  "player": {"position":{"x":17,"y":10}},
  "goal_reached":false,
  "timestamp":"2026-02-20T02:16:14Z"
}

{
  "session_id": "9d0ef615-10cf-4a15-9aa6-9e86ffb3915a",
  "event_type": "player_move",
  "input": {"device":"keyboard","move_sequence":86},
  "player": {"position":{"x":17,"y":11}},
  "goal_reached":false,
  "timestamp":"2026-02-20T02:16:14Z"
}

{
  "session_id": "9d0ef615-10cf-4a15-9aa6-9e86ffb3915a",
  "event_type": "player_move",
  "input": {"device":"keyboard","move_sequence":87},
  "player": {"position":{"x":16,"y":11}},
  "goal_reached":false,
  "timestamp":"2026-02-20T02:16:15Z"
}

{
  "session_id": "9d0ef615-10cf-4a15-9aa6-9e86ffb3915a",
  "event_type": "player_move",
  "input": {"device":"keyboard","move_sequence":88},
  "player": {"position":{"x":16,"y":12}},
  "goal_reached":false,
  "timestamp":"2026-02-20T02:16:16Z"
}

{
  "session_id": "9d0ef615-10cf-4a15-9aa6-9e86ffb3915a",
  "event_type": "player_move",
  "input": {"device":"keyboard","move_sequence":89},
  "player": {"position":{"x":16,"y":13}},
  "goal_reached":false,
  "timestamp":"2026-02-20T02:16:16Z"
}

{
  "session_id": "9d0ef615-10cf-4a15-9aa6-9e86ffb3915a",
  "event_type": "player_move",
  "input": {"device":"keyboard","move_sequence":90},
  "player": {"position":{"x":15,"y":13}},
  "goal_reached":false,
  "timestamp":"2026-02-20T02:16:17Z"
}

{
  "session_id": "9d0ef615-10cf-4a15-9aa6-9e86ffb3915a",
  "event_type": "player_move",
  "input": {"device":"keyboard","move_sequence":91},
  "player": {"position":{"x":15,"y":14}},
  "goal_reached":false,
  "timestamp":"2026-02-20T02:16:17Z"
}

{
  "session_id": "9d0ef615-10cf-4a15-9aa6-9e86ffb3915a",
  "event_type": "player_move",
  "input": {"device":"keyboard","move_sequence":92},
  "player": {"position":{"x":16,"y":14}},
  "goal_reached":false,
  "timestamp":"2026-02-20T02:16:18Z"
}

{
  "session_id": "9d0ef615-10cf-4a15-9aa6-9e86ffb3915a",
  "event_type": "player_move",
  "input": {"device":"keyboard","move_sequence":93},
  "player": {"position":{"x":17,"y":14}},
  "goal_reached":false,
  "timestamp":"2026-02-20T02:16:18Z"
}

{
  "session_id": "9d0ef615-10cf-4a15-9aa6-9e86ffb3915a",
  "event_type": "player_move",
  "input": {"device":"keyboard","move_sequence":94},
  "player": {"position":{"x":18,"y":14}},
  "goal_reached":false,
  "timestamp":"2026-02-20T02:16:19Z"
}

{
  "session_id": "9d0ef615-10cf-4a15-9aa6-9e86ffb3915a",
  "event_type": "player_move",
  "input": {"device":"keyboard","move_sequence":95},
  "player": {"position":{"x":19,"y":14}},
  "goal_reached":false,
  "timestamp":"2026-02-20T02:16:19Z"
}

{
  "session_id": "9d0ef615-10cf-4a15-9aa6-9e86ffb3915a",
  "event_type": "player_move",
  "input": {"device":"keyboard","move_sequence":96},
  "player": {"position":{"x":20,"y":14}},
  "goal_reached":true,
  "timestamp":"2026-02-20T02:16:19Z"
}

{
  "session_id": "53418bfd-ef31-4237-8e0e-6c228d6c01f4",
  "event_type": "player_move",
  "input": {"device":"keyboard","move_sequence":1},
  "player": {"position":{"x":0,"y":1}},
  "goal_reached":false,
  "timestamp":"2026-02-20T20:11:07Z"
}

{
  "session_id": "53418bfd-ef31-4237-8e0e-6c228d6c01f4",
  "event_type": "player_move",
  "input": {"device":"keyboard","move_sequence":2},
  "player": {"position":{"x":0,"y":2}},
  "goal_reached":false,
  "timestamp":"2026-02-20T20:11:08Z"
}

{
  "session_id": "53418bfd-ef31-4237-8e0e-6c228d6c01f4",
  "event_type": "player_move",
  "input": {"device":"keyboard","move_sequence":3},
  "player": {"position":{"x":0,"y":3}},
  "goal_reached":false,
  "timestamp":"2026-02-20T20:11:08Z"
}

{
  "session_id": "53418bfd-ef31-4237-8e0e-6c228d6c01f4",
  "event_type": "player_move",
  "input": {"device":"keyboard","move_sequence":4},
  "player": {"position":{"x":0,"y":4}},
  "goal_reached":false,
  "timestamp":"2026-02-20T20:11:09Z"
}

{
  "session_id": "53418bfd-ef31-4237-8e0e-6c228d6c01f4",
  "event_type": "player_move",
  "input": {"device":"keyboard","move_sequence":5},
  "player": {"position":{"x":0,"y":5}},
  "goal_reached":false,
  "timestamp":"2026-02-20T20:11:09Z"
}

{
  "session_id": "53418bfd-ef31-4237-8e0e-6c228d6c01f4",
  "event_type": "player_move",
  "input": {"device":"keyboard","move_sequence":6},
  "player": {"position":{"x":1,"y":5}},
  "goal_reached":false,
  "timestamp":"2026-02-20T20:11:14Z"
}

{
  "session_id": "53418bfd-ef31-4237-8e0e-6c228d6c01f4",
  "event_type": "player_move",
  "input": {"device":"keyboard","move_sequence":7},
  "player": {"position":{"x":1,"y":4}},
  "goal_reached":false,
  "timestamp":"2026-02-20T20:11:15Z"
}

{
  "session_id": "53418bfd-ef31-4237-8e0e-6c228d6c01f4",
  "event_type": "player_move",
  "input": {"device":"keyboard","move_sequence":8},
  "player": {"position":{"x":2,"y":4}},
  "goal_reached":false,
  "timestamp":"2026-02-20T20:11:16Z"
}

{
  "session_id": "53418bfd-ef31-4237-8e0e-6c228d6c01f4",
  "event_type": "player_move",
  "input": {"device":"keyboard","move_sequence":9},
  "player": {"position":{"x":2,"y":3}},
  "goal_reached":false,
  "timestamp":"2026-02-20T20:11:17Z"
}

{
  "session_id": "53418bfd-ef31-4237-8e0e-6c228d6c01f4",
  "event_type": "player_move",
  "input": {"device":"keyboard","move_sequence":10},
  "player": {"position":{"x":2,"y":2}},
  "goal_reached":false,
  "timestamp":"2026-02-20T20:11:17Z"
}

{
  "session_id": "53418bfd-ef31-4237-8e0e-6c228d6c01f4",
  "event_type": "player_move",
  "input": {"device":"keyboard","move_sequence":11},
  "player": {"position":{"x":2,"y":1}},
  "goal_reached":false,
  "timestamp":"2026-02-20T20:11:18Z"
}

{
  "session_id": "53418bfd-ef31-4237-8e0e-6c228d6c01f4",
  "event_type": "player_move",
  "input": {"device":"keyboard","move_sequence":12},
  "player": {"position":{"x":1,"y":1}},
  "goal_reached":false,
  "timestamp":"2026-02-20T20:11:19Z"
}

{
  "session_id": "53418bfd-ef31-4237-8e0e-6c228d6c01f4",
  "event_type": "player_move",
  "input": {"device":"keyboard","move_sequence":13},
  "player": {"position":{"x":1,"y":0}},
  "goal_reached":false,
  "timestamp":"2026-02-20T20:11:19Z"
}

{
  "session_id": "53418bfd-ef31-4237-8e0e-6c228d6c01f4",
  "event_type": "player_move",
  "input": {"device":"keyboard","move_sequence":14},
  "player": {"position":{"x":2,"y":0}},
  "goal_reached":false,
  "timestamp":"2026-02-20T20:11:20Z"
}

{
  "session_id": "53418bfd-ef31-4237-8e0e-6c228d6c01f4",
  "event_type": "player_move",
  "input": {"device":"keyboard","move_sequence":15},
  "player": {"position":{"x":3,"y":0}},
  "goal_reached":false,
  "timestamp":"2026-02-20T20:11:21Z"
}

{
  "session_id": "53418bfd-ef31-4237-8e0e-6c228d6c01f4",
  "event_type": "player_move",
  "input": {"device":"keyboard","move_sequence":16},
  "player": {"position":{"x":4,"y":0}},
  "goal_reached":false,
  "timestamp":"2026-02-20T20:11:21Z"
}

{
  "session_id": "53418bfd-ef31-4237-8e0e-6c228d6c01f4",
  "event_type": "player_move",
  "input": {"device":"keyboard","move_sequence":17},
  "player": {"position":{"x":4,"y":1}},
  "goal_reached":false,
  "timestamp":"2026-02-20T20:11:22Z"
}

{
  "session_id": "53418bfd-ef31-4237-8e0e-6c228d6c01f4",
  "event_type": "player_move",
  "input": {"device":"keyboard","move_sequence":18},
  "player": {"position":{"x":5,"y":1}},
  "goal_reached":false,
  "timestamp":"2026-02-20T20:11:23Z"
}

{
  "session_id": "53418bfd-ef31-4237-8e0e-6c228d6c01f4",
  "event_type": "player_move",
  "input": {"device":"keyboard","move_sequence":19},
  "player": {"position":{"x":6,"y":1}},
  "goal_reached":false,
  "timestamp":"2026-02-20T20:11:24Z"
}

{
  "session_id": "53418bfd-ef31-4237-8e0e-6c228d6c01f4",
  "event_type": "player_move",
  "input": {"device":"keyboard","move_sequence":20},
  "player": {"position":{"x":6,"y":2}},
  "goal_reached":false,
  "timestamp":"2026-02-20T20:11:25Z"
}

{
  "session_id": "53418bfd-ef31-4237-8e0e-6c228d6c01f4",
  "event_type": "player_move",
  "input": {"device":"keyboard","move_sequence":21},
  "player": {"position":{"x":7,"y":2}},
  "goal_reached":false,
  "timestamp":"2026-02-20T20:11:25Z"
}

{
  "session_id": "53418bfd-ef31-4237-8e0e-6c228d6c01f4",
  "event_type": "player_move",
  "input": {"device":"keyboard","move_sequence":22},
  "player": {"position":{"x":8,"y":2}},
  "goal_reached":false,
  "timestamp":"2026-02-20T20:11:26Z"
}

{
  "session_id": "53418bfd-ef31-4237-8e0e-6c228d6c01f4",
  "event_type": "player_move",
  "input": {"device":"keyboard","move_sequence":23},
  "player": {"position":{"x":9,"y":2}},
  "goal_reached":false,
  "timestamp":"2026-02-20T20:11:26Z"
}

{
  "session_id": "53418bfd-ef31-4237-8e0e-6c228d6c01f4",
  "event_type": "player_move",
  "input": {"device":"keyboard","move_sequence":24},
  "player": {"position":{"x":9,"y":3}},
  "goal_reached":false,
  "timestamp":"2026-02-20T20:11:27Z"
}

{
  "session_id": "53418bfd-ef31-4237-8e0e-6c228d6c01f4",
  "event_type": "player_move",
  "input": {"device":"keyboard","move_sequence":25},
  "player": {"position":{"x":8,"y":3}},
  "goal_reached":false,
  "timestamp":"2026-02-20T20:11:28Z"
}

{
  "session_id": "53418bfd-ef31-4237-8e0e-6c228d6c01f4",
  "event_type": "player_move",
  "input": {"device":"keyboard","move_sequence":26},
  "player": {"position":{"x":8,"y":4}},
  "goal_reached":false,
  "timestamp":"2026-02-20T20:11:29Z"
}

{
  "session_id": "53418bfd-ef31-4237-8e0e-6c228d6c01f4",
  "event_type": "player_move",
  "input": {"device":"keyboard","move_sequence":27},
  "player": {"position":{"x":9,"y":4}},
  "goal_reached":false,
  "timestamp":"2026-02-20T20:11:30Z"
}

{
  "session_id": "53418bfd-ef31-4237-8e0e-6c228d6c01f4",
  "event_type": "player_move",
  "input": {"device":"keyboard","move_sequence":28},
  "player": {"position":{"x":9,"y":5}},
  "goal_reached":false,
  "timestamp":"2026-02-20T20:11:30Z"
}

{
  "session_id": "53418bfd-ef31-4237-8e0e-6c228d6c01f4",
  "event_type": "player_move",
  "input": {"device":"keyboard","move_sequence":29},
  "player": {"position":{"x":9,"y":6}},
  "goal_reached":false,
  "timestamp":"2026-02-20T20:11:31Z"
}

{
  "session_id": "53418bfd-ef31-4237-8e0e-6c228d6c01f4",
  "event_type": "player_move",
  "input": {"device":"keyboard","move_sequence":30},
  "player": {"position":{"x":10,"y":6}},
  "goal_reached":false,
  "timestamp":"2026-02-20T20:11:32Z"
}

{
  "session_id": "53418bfd-ef31-4237-8e0e-6c228d6c01f4",
  "event_type": "player_move",
  "input": {"device":"keyboard","move_sequence":31},
  "player": {"position":{"x":10,"y":7}},
  "goal_reached":false,
  "timestamp":"2026-02-20T20:11:33Z"
}

{
  "session_id": "53418bfd-ef31-4237-8e0e-6c228d6c01f4",
  "event_type": "player_move",
  "input": {"device":"keyboard","move_sequence":32},
  "player": {"position":{"x":10,"y":8}},
  "goal_reached":false,
  "timestamp":"2026-02-20T20:11:33Z"
}

{
  "session_id": "53418bfd-ef31-4237-8e0e-6c228d6c01f4",
  "event_type": "player_move",
  "input": {"device":"keyboard","move_sequence":33},
  "player": {"position":{"x":9,"y":8}},
  "goal_reached":false,
  "timestamp":"2026-02-20T20:11:34Z"
}

{
  "session_id": "53418bfd-ef31-4237-8e0e-6c228d6c01f4",
  "event_type": "player_move",
  "input": {"device":"keyboard","move_sequence":34},
  "player": {"position":{"x":9,"y":7}},
  "goal_reached":false,
  "timestamp":"2026-02-20T20:11:35Z"
}

{
  "session_id": "53418bfd-ef31-4237-8e0e-6c228d6c01f4",
  "event_type": "player_move",
  "input": {"device":"keyboard","move_sequence":35},
  "player": {"position":{"x":8,"y":7}},
  "goal_reached":false,
  "timestamp":"2026-02-20T20:11:36Z"
}

{
  "session_id": "53418bfd-ef31-4237-8e0e-6c228d6c01f4",
  "event_type": "player_move",
  "input": {"device":"keyboard","move_sequence":36},
  "player": {"position":{"x":7,"y":7}},
  "goal_reached":false,
  "timestamp":"2026-02-20T20:11:36Z"
}

{
  "session_id": "53418bfd-ef31-4237-8e0e-6c228d6c01f4",
  "event_type": "player_move",
  "input": {"device":"keyboard","move_sequence":37},
  "player": {"position":{"x":7,"y":8}},
  "goal_reached":false,
  "timestamp":"2026-02-20T20:11:37Z"
}

{
  "session_id": "53418bfd-ef31-4237-8e0e-6c228d6c01f4",
  "event_type": "player_move",
  "input": {"device":"keyboard","move_sequence":38},
  "player": {"position":{"x":6,"y":8}},
  "goal_reached":false,
  "timestamp":"2026-02-20T20:11:38Z"
}

{
  "session_id": "53418bfd-ef31-4237-8e0e-6c228d6c01f4",
  "event_type": "player_move",
  "input": {"device":"keyboard","move_sequence":39},
  "player": {"position":{"x":6,"y":7}},
  "goal_reached":false,
  "timestamp":"2026-02-20T20:11:39Z"
}

{
  "session_id": "53418bfd-ef31-4237-8e0e-6c228d6c01f4",
  "event_type": "player_move",
  "input": {"device":"keyboard","move_sequence":40},
  "player": {"position":{"x":5,"y":7}},
  "goal_reached":false,
  "timestamp":"2026-02-20T20:11:40Z"
}

{
  "session_id": "53418bfd-ef31-4237-8e0e-6c228d6c01f4",
  "event_type": "player_move",
  "input": {"device":"keyboard","move_sequence":41},
  "player": {"position":{"x":5,"y":6}},
  "goal_reached":false,
  "timestamp":"2026-02-20T20:11:40Z"
}

{
  "session_id": "53418bfd-ef31-4237-8e0e-6c228d6c01f4",
  "event_type": "player_move",
  "input": {"device":"keyboard","move_sequence":42},
  "player": {"position":{"x":4,"y":6}},
  "goal_reached":false,
  "timestamp":"2026-02-20T20:11:41Z"
}

{
  "session_id": "53418bfd-ef31-4237-8e0e-6c228d6c01f4",
  "event_type": "player_move",
  "input": {"device":"keyboard","move_sequence":43},
  "player": {"position":{"x":3,"y":6}},
  "goal_reached":false,
  "timestamp":"2026-02-20T20:11:42Z"
}

{
  "session_id": "53418bfd-ef31-4237-8e0e-6c228d6c01f4",
  "event_type": "player_move",
  "input": {"device":"keyboard","move_sequence":44},
  "player": {"position":{"x":3,"y":7}},
  "goal_reached":false,
  "timestamp":"2026-02-20T20:11:42Z"
}

{
  "session_id": "53418bfd-ef31-4237-8e0e-6c228d6c01f4",
  "event_type": "player_move",
  "input": {"device":"keyboard","move_sequence":45},
  "player": {"position":{"x":2,"y":7}},
  "goal_reached":false,
  "timestamp":"2026-02-20T20:11:43Z"
}

{
  "session_id": "53418bfd-ef31-4237-8e0e-6c228d6c01f4",
  "event_type": "player_move",
  "input": {"device":"keyboard","move_sequence":46},
  "player": {"position":{"x":1,"y":7}},
  "goal_reached":false,
  "timestamp":"2026-02-20T20:11:44Z"
}

{
  "session_id": "53418bfd-ef31-4237-8e0e-6c228d6c01f4",
  "event_type": "player_move",
  "input": {"device":"keyboard","move_sequence":47},
  "player": {"position":{"x":1,"y":8}},
  "goal_reached":false,
  "timestamp":"2026-02-20T20:11:44Z"
}

{
  "session_id": "53418bfd-ef31-4237-8e0e-6c228d6c01f4",
  "event_type": "player_move",
  "input": {"device":"keyboard","move_sequence":48},
  "player": {"position":{"x":0,"y":8}},
  "goal_reached":false,
  "timestamp":"2026-02-20T20:11:45Z"
}

{
  "session_id": "53418bfd-ef31-4237-8e0e-6c228d6c01f4",
  "event_type": "player_move",
  "input": {"device":"keyboard","move_sequence":49},
  "player": {"position":{"x":0,"y":9}},
  "goal_reached":false,
  "timestamp":"2026-02-20T20:11:54Z"
}

{
  "session_id": "53418bfd-ef31-4237-8e0e-6c228d6c01f4",
  "event_type": "player_move",
  "input": {"device":"keyboard","move_sequence":50},
  "player": {"position":{"x":0,"y":10}},
  "goal_reached":false,
  "timestamp":"2026-02-20T20:11:55Z"
}

{
  "session_id": "53418bfd-ef31-4237-8e0e-6c228d6c01f4",
  "event_type": "player_move",
  "input": {"device":"keyboard","move_sequence":51},
  "player": {"position":{"x":0,"y":11}},
  "goal_reached":false,
  "timestamp":"2026-02-20T20:11:55Z"
}

{
  "session_id": "53418bfd-ef31-4237-8e0e-6c228d6c01f4",
  "event_type": "player_move",
  "input": {"device":"keyboard","move_sequence":52},
  "player": {"position":{"x":0,"y":12}},
  "goal_reached":false,
  "timestamp":"2026-02-20T20:11:56Z"
}

{
  "session_id": "53418bfd-ef31-4237-8e0e-6c228d6c01f4",
  "event_type": "player_move",
  "input": {"device":"keyboard","move_sequence":53},
  "player": {"position":{"x":0,"y":13}},
  "goal_reached":false,
  "timestamp":"2026-02-20T20:11:56Z"
}

{
  "session_id": "53418bfd-ef31-4237-8e0e-6c228d6c01f4",
  "event_type": "player_move",
  "input": {"device":"keyboard","move_sequence":54},
  "player": {"position":{"x":1,"y":13}},
  "goal_reached":false,
  "timestamp":"2026-02-20T20:11:58Z"
}

{
  "session_id": "53418bfd-ef31-4237-8e0e-6c228d6c01f4",
  "event_type": "player_move",
  "input": {"device":"keyboard","move_sequence":55},
  "player": {"position":{"x":2,"y":13}},
  "goal_reached":false,
  "timestamp":"2026-02-20T20:11:58Z"
}

{
  "session_id": "53418bfd-ef31-4237-8e0e-6c228d6c01f4",
  "event_type": "player_move",
  "input": {"device":"keyboard","move_sequence":56},
  "player": {"position":{"x":2,"y":14}},
  "goal_reached":false,
  "timestamp":"2026-02-20T20:11:59Z"
}

{
  "session_id": "53418bfd-ef31-4237-8e0e-6c228d6c01f4",
  "event_type": "player_move",
  "input": {"device":"keyboard","move_sequence":57},
  "player": {"position":{"x":3,"y":14}},
  "goal_reached":false,
  "timestamp":"2026-02-20T20:12:00Z"
}

{
  "session_id": "53418bfd-ef31-4237-8e0e-6c228d6c01f4",
  "event_type": "player_move",
  "input": {"device":"keyboard","move_sequence":58},
  "player": {"position":{"x":4,"y":14}},
  "goal_reached":false,
  "timestamp":"2026-02-20T20:12:00Z"
}

{
  "session_id": "53418bfd-ef31-4237-8e0e-6c228d6c01f4",
  "event_type": "player_move",
  "input": {"device":"keyboard","move_sequence":59},
  "player": {"position":{"x":5,"y":14}},
  "goal_reached":false,
  "timestamp":"2026-02-20T20:12:01Z"
}

{
  "session_id": "53418bfd-ef31-4237-8e0e-6c228d6c01f4",
  "event_type": "player_move",
  "input": {"device":"keyboard","move_sequence":60},
  "player": {"position":{"x":5,"y":13}},
  "goal_reached":false,
  "timestamp":"2026-02-20T20:12:02Z"
}

{
  "session_id": "53418bfd-ef31-4237-8e0e-6c228d6c01f4",
  "event_type": "player_move",
  "input": {"device":"keyboard","move_sequence":61},
  "player": {"position":{"x":6,"y":13}},
  "goal_reached":false,
  "timestamp":"2026-02-20T20:12:02Z"
}

{
  "session_id": "53418bfd-ef31-4237-8e0e-6c228d6c01f4",
  "event_type": "player_move",
  "input": {"device":"keyboard","move_sequence":62},
  "player": {"position":{"x":6,"y":14}},
  "goal_reached":false,
  "timestamp":"2026-02-20T20:12:03Z"
}

{
  "session_id": "53418bfd-ef31-4237-8e0e-6c228d6c01f4",
  "event_type": "player_move",
  "input": {"device":"keyboard","move_sequence":63},
  "player": {"position":{"x":7,"y":14}},
  "goal_reached":false,
  "timestamp":"2026-02-20T20:12:04Z"
}

{
  "session_id": "53418bfd-ef31-4237-8e0e-6c228d6c01f4",
  "event_type": "player_move",
  "input": {"device":"keyboard","move_sequence":64},
  "player": {"position":{"x":8,"y":14}},
  "goal_reached":false,
  "timestamp":"2026-02-20T20:12:04Z"
}

{
  "session_id": "53418bfd-ef31-4237-8e0e-6c228d6c01f4",
  "event_type": "player_move",
  "input": {"device":"keyboard","move_sequence":65},
  "player": {"position":{"x":8,"y":13}},
  "goal_reached":false,
  "timestamp":"2026-02-20T20:12:05Z"
}

{
  "session_id": "53418bfd-ef31-4237-8e0e-6c228d6c01f4",
  "event_type": "player_move",
  "input": {"device":"keyboard","move_sequence":66},
  "player": {"position":{"x":8,"y":12}},
  "goal_reached":false,
  "timestamp":"2026-02-20T20:12:06Z"
}

{
  "session_id": "53418bfd-ef31-4237-8e0e-6c228d6c01f4",
  "event_type": "player_move",
  "input": {"device":"keyboard","move_sequence":67},
  "player": {"position":{"x":7,"y":12}},
  "goal_reached":false,
  "timestamp":"2026-02-20T20:12:07Z"
}

{
  "session_id": "53418bfd-ef31-4237-8e0e-6c228d6c01f4",
  "event_type": "player_move",
  "input": {"device":"keyboard","move_sequence":68},
  "player": {"position":{"x":6,"y":12}},
  "goal_reached":false,
  "timestamp":"2026-02-20T20:12:07Z"
}

{
  "session_id": "53418bfd-ef31-4237-8e0e-6c228d6c01f4",
  "event_type": "player_move",
  "input": {"device":"keyboard","move_sequence":69},
  "player": {"position":{"x":6,"y":11}},
  "goal_reached":false,
  "timestamp":"2026-02-20T20:12:08Z"
}

{
  "session_id": "53418bfd-ef31-4237-8e0e-6c228d6c01f4",
  "event_type": "player_move",
  "input": {"device":"keyboard","move_sequence":70},
  "player": {"position":{"x":6,"y":10}},
  "goal_reached":false,
  "timestamp":"2026-02-20T20:12:09Z"
}

{
  "session_id": "53418bfd-ef31-4237-8e0e-6c228d6c01f4",
  "event_type": "player_move",
  "input": {"device":"keyboard","move_sequence":71},
  "player": {"position":{"x":6,"y":9}},
  "goal_reached":false,
  "timestamp":"2026-02-20T20:12:09Z"
}

{
  "session_id": "53418bfd-ef31-4237-8e0e-6c228d6c01f4",
  "event_type": "player_move",
  "input": {"device":"keyboard","move_sequence":72},
  "player": {"position":{"x":7,"y":9}},
  "goal_reached":false,
  "timestamp":"2026-02-20T20:12:10Z"
}

{
  "session_id": "53418bfd-ef31-4237-8e0e-6c228d6c01f4",
  "event_type": "player_move",
  "input": {"device":"keyboard","move_sequence":73},
  "player": {"position":{"x":8,"y":9}},
  "goal_reached":false,
  "timestamp":"2026-02-20T20:12:11Z"
}

{
  "session_id": "53418bfd-ef31-4237-8e0e-6c228d6c01f4",
  "event_type": "player_move",
  "input": {"device":"keyboard","move_sequence":74},
  "player": {"position":{"x":9,"y":9}},
  "goal_reached":false,
  "timestamp":"2026-02-20T20:12:11Z"
}

{
  "session_id": "53418bfd-ef31-4237-8e0e-6c228d6c01f4",
  "event_type": "player_move",
  "input": {"device":"keyboard","move_sequence":75},
  "player": {"position":{"x":10,"y":9}},
  "goal_reached":false,
  "timestamp":"2026-02-20T20:12:12Z"
}

{
  "session_id": "53418bfd-ef31-4237-8e0e-6c228d6c01f4",
  "event_type": "player_move",
  "input": {"device":"keyboard","move_sequence":76},
  "player": {"position":{"x":11,"y":9}},
  "goal_reached":false,
  "timestamp":"2026-02-20T20:12:12Z"
}

{
  "session_id": "53418bfd-ef31-4237-8e0e-6c228d6c01f4",
  "event_type": "player_move",
  "input": {"device":"keyboard","move_sequence":77},
  "player": {"position":{"x":11,"y":10}},
  "goal_reached":false,
  "timestamp":"2026-02-20T20:12:13Z"
}

{
  "session_id": "53418bfd-ef31-4237-8e0e-6c228d6c01f4",
  "event_type": "player_move",
  "input": {"device":"keyboard","move_sequence":78},
  "player": {"position":{"x":10,"y":10}},
  "goal_reached":false,
  "timestamp":"2026-02-20T20:12:14Z"
}

{
  "session_id": "53418bfd-ef31-4237-8e0e-6c228d6c01f4",
  "event_type": "player_move",
  "input": {"device":"keyboard","move_sequence":79},
  "player": {"position":{"x":9,"y":10}},
  "goal_reached":false,
  "timestamp":"2026-02-20T20:12:14Z"
}

{
  "session_id": "53418bfd-ef31-4237-8e0e-6c228d6c01f4",
  "event_type": "player_move",
  "input": {"device":"keyboard","move_sequence":80},
  "player": {"position":{"x":8,"y":10}},
  "goal_reached":false,
  "timestamp":"2026-02-20T20:12:15Z"
}

{
  "session_id": "53418bfd-ef31-4237-8e0e-6c228d6c01f4",
  "event_type": "player_move",
  "input": {"device":"keyboard","move_sequence":81},
  "player": {"position":{"x":7,"y":10}},
  "goal_reached":false,
  "timestamp":"2026-02-20T20:12:16Z"
}

{
  "session_id": "53418bfd-ef31-4237-8e0e-6c228d6c01f4",
  "event_type": "player_move",
  "input": {"device":"keyboard","move_sequence":82},
  "player": {"position":{"x":7,"y":11}},
  "goal_reached":false,
  "timestamp":"2026-02-20T20:12:17Z"
}

{
  "session_id": "53418bfd-ef31-4237-8e0e-6c228d6c01f4",
  "event_type": "player_move",
  "input": {"device":"keyboard","move_sequence":83},
  "player": {"position":{"x":8,"y":11}},
  "goal_reached":false,
  "timestamp":"2026-02-20T20:12:18Z"
}

{
  "session_id": "53418bfd-ef31-4237-8e0e-6c228d6c01f4",
  "event_type": "player_move",
  "input": {"device":"keyboard","move_sequence":84},
  "player": {"position":{"x":9,"y":11}},
  "goal_reached":false,
  "timestamp":"2026-02-20T20:12:19Z"
}

{
  "session_id": "53418bfd-ef31-4237-8e0e-6c228d6c01f4",
  "event_type": "player_move",
  "input": {"device":"keyboard","move_sequence":85},
  "player": {"position":{"x":9,"y":12}},
  "goal_reached":false,
  "timestamp":"2026-02-20T20:12:19Z"
}

{
  "session_id": "53418bfd-ef31-4237-8e0e-6c228d6c01f4",
  "event_type": "player_move",
  "input": {"device":"keyboard","move_sequence":86},
  "player": {"position":{"x":10,"y":12}},
  "goal_reached":false,
  "timestamp":"2026-02-20T20:12:20Z"
}

{
  "session_id": "53418bfd-ef31-4237-8e0e-6c228d6c01f4",
  "event_type": "player_move",
  "input": {"device":"keyboard","move_sequence":87},
  "player": {"position":{"x":10,"y":13}},
  "goal_reached":false,
  "timestamp":"2026-02-20T20:12:21Z"
}

{
  "session_id": "53418bfd-ef31-4237-8e0e-6c228d6c01f4",
  "event_type": "player_move",
  "input": {"device":"keyboard","move_sequence":88},
  "player": {"position":{"x":11,"y":13}},
  "goal_reached":false,
  "timestamp":"2026-02-20T20:12:22Z"
}

{
  "session_id": "53418bfd-ef31-4237-8e0e-6c228d6c01f4",
  "event_type": "player_move",
  "input": {"device":"keyboard","move_sequence":89},
  "player": {"position":{"x":11,"y":14}},
  "goal_reached":false,
  "timestamp":"2026-02-20T20:12:22Z"
}

{
  "session_id": "53418bfd-ef31-4237-8e0e-6c228d6c01f4",
  "event_type": "player_move",
  "input": {"device":"keyboard","move_sequence":90},
  "player": {"position":{"x":12,"y":14}},
  "goal_reached":false,
  "timestamp":"2026-02-20T20:12:23Z"
}

{
  "session_id": "53418bfd-ef31-4237-8e0e-6c228d6c01f4",
  "event_type": "player_move",
  "input": {"device":"keyboard","move_sequence":91},
  "player": {"position":{"x":13,"y":14}},
  "goal_reached":false,
  "timestamp":"2026-02-20T20:12:24Z"
}

{
  "session_id": "53418bfd-ef31-4237-8e0e-6c228d6c01f4",
  "event_type": "player_move",
  "input": {"device":"keyboard","move_sequence":92},
  "player": {"position":{"x":13,"y":13}},
  "goal_reached":false,
  "timestamp":"2026-02-20T20:12:25Z"
}

{
  "session_id": "53418bfd-ef31-4237-8e0e-6c228d6c01f4",
  "event_type": "player_move",
  "input": {"device":"keyboard","move_sequence":93},
  "player": {"position":{"x":12,"y":13}},
  "goal_reached":false,
  "timestamp":"2026-02-20T20:12:25Z"
}

{
  "session_id": "53418bfd-ef31-4237-8e0e-6c228d6c01f4",
  "event_type": "player_move",
  "input": {"device":"keyboard","move_sequence":94},
  "player": {"position":{"x":12,"y":12}},
  "goal_reached":false,
  "timestamp":"2026-02-20T20:12:26Z"
}

{
  "session_id": "53418bfd-ef31-4237-8e0e-6c228d6c01f4",
  "event_type": "player_move",
  "input": {"device":"keyboard","move_sequence":95},
  "player": {"position":{"x":12,"y":11}},
  "goal_reached":false,
  "timestamp":"2026-02-20T20:12:27Z"
}

{
  "session_id": "53418bfd-ef31-4237-8e0e-6c228d6c01f4",
  "event_type": "player_move",
  "input": {"device":"keyboard","move_sequence":96},
  "player": {"position":{"x":13,"y":11}},
  "goal_reached":false,
  "timestamp":"2026-02-20T20:12:28Z"
}

{
  "session_id": "53418bfd-ef31-4237-8e0e-6c228d6c01f4",
  "event_type": "player_move",
  "input": {"device":"keyboard","move_sequence":97},
  "player": {"position":{"x":13,"y":12}},
  "goal_reached":false,
  "timestamp":"2026-02-20T20:12:29Z"
}

{
  "session_id": "53418bfd-ef31-4237-8e0e-6c228d6c01f4",
  "event_type": "player_move",
  "input": {"device":"keyboard","move_sequence":98},
  "player": {"position":{"x":14,"y":12}},
  "goal_reached":false,
  "timestamp":"2026-02-20T20:12:30Z"
}

{
  "session_id": "53418bfd-ef31-4237-8e0e-6c228d6c01f4",
  "event_type": "player_move",
  "input": {"device":"keyboard","move_sequence":99},
  "player": {"position":{"x":15,"y":12}},
  "goal_reached":false,
  "timestamp":"2026-02-20T20:12:30Z"
}

{
  "session_id": "53418bfd-ef31-4237-8e0e-6c228d6c01f4",
  "event_type": "player_move",
  "input": {"device":"keyboard","move_sequence":100},
  "player": {"position":{"x":15,"y":13}},
  "goal_reached":false,
  "timestamp":"2026-02-20T20:12:31Z"
}

{
  "session_id": "53418bfd-ef31-4237-8e0e-6c228d6c01f4",
  "event_type": "player_move",
  "input": {"device":"keyboard","move_sequence":101},
  "player": {"position":{"x":16,"y":13}},
  "goal_reached":false,
  "timestamp":"2026-02-20T20:12:32Z"
}

{
  "session_id": "53418bfd-ef31-4237-8e0e-6c228d6c01f4",
  "event_type": "player_move",
  "input": {"device":"keyboard","move_sequence":102},
  "player": {"position":{"x":16,"y":14}},
  "goal_reached":false,
  "timestamp":"2026-02-20T20:12:32Z"
}

{
  "session_id": "53418bfd-ef31-4237-8e0e-6c228d6c01f4",
  "event_type": "player_move",
  "input": {"device":"keyboard","move_sequence":103},
  "player": {"position":{"x":17,"y":14}},
  "goal_reached":false,
  "timestamp":"2026-02-20T20:12:33Z"
}

{
  "session_id": "53418bfd-ef31-4237-8e0e-6c228d6c01f4",
  "event_type": "player_move",
  "input": {"device":"keyboard","move_sequence":104},
  "player": {"position":{"x":17,"y":13}},
  "goal_reached":false,
  "timestamp":"2026-02-20T20:12:34Z"
}

{
  "session_id": "53418bfd-ef31-4237-8e0e-6c228d6c01f4",
  "event_type": "player_move",
  "input": {"device":"keyboard","move_sequence":105},
  "player": {"position":{"x":18,"y":13}},
  "goal_reached":false,
  "timestamp":"2026-02-20T20:12:34Z"
}

{
  "session_id": "53418bfd-ef31-4237-8e0e-6c228d6c01f4",
  "event_type": "player_move",
  "input": {"device":"keyboard","move_sequence":106},
  "player": {"position":{"x":18,"y":12}},
  "goal_reached":false,
  "timestamp":"2026-02-20T20:12:35Z"
}

{
  "session_id": "53418bfd-ef31-4237-8e0e-6c228d6c01f4",
  "event_type": "player_move",
  "input": {"device":"keyboard","move_sequence":107},
  "player": {"position":{"x":18,"y":11}},
  "goal_reached":false,
  "timestamp":"2026-02-20T20:12:36Z"
}

{
  "session_id": "53418bfd-ef31-4237-8e0e-6c228d6c01f4",
  "event_type": "player_move",
  "input": {"device":"keyboard","move_sequence":108},
  "player": {"position":{"x":18,"y":10}},
  "goal_reached":false,
  "timestamp":"2026-02-20T20:12:36Z"
}

{
  "session_id": "53418bfd-ef31-4237-8e0e-6c228d6c01f4",
  "event_type": "player_move",
  "input": {"device":"keyboard","move_sequence":109},
  "player": {"position":{"x":17,"y":10}},
  "goal_reached":false,
  "timestamp":"2026-02-20T20:12:37Z"
}

{
  "session_id": "53418bfd-ef31-4237-8e0e-6c228d6c01f4",
  "event_type": "player_move",
  "input": {"device":"keyboard","move_sequence":110},
  "player": {"position":{"x":16,"y":10}},
  "goal_reached":false,
  "timestamp":"2026-02-20T20:12:37Z"
}

{
  "session_id": "53418bfd-ef31-4237-8e0e-6c228d6c01f4",
  "event_type": "player_move",
  "input": {"device":"keyboard","move_sequence":111},
  "player": {"position":{"x":15,"y":10}},
  "goal_reached":false,
  "timestamp":"2026-02-20T20:12:38Z"
}

{
  "session_id": "53418bfd-ef31-4237-8e0e-6c228d6c01f4",
  "event_type": "player_move",
  "input": {"device":"keyboard","move_sequence":112},
  "player": {"position":{"x":15,"y":11}},
  "goal_reached":false,
  "timestamp":"2026-02-20T20:12:39Z"
}

{
  "session_id": "53418bfd-ef31-4237-8e0e-6c228d6c01f4",
  "event_type": "player_move",
  "input": {"device":"keyboard","move_sequence":113},
  "player": {"position":{"x":14,"y":11}},
  "goal_reached":false,
  "timestamp":"2026-02-20T20:12:40Z"
}

{
  "session_id": "53418bfd-ef31-4237-8e0e-6c228d6c01f4",
  "event_type": "player_move",
  "input": {"device":"keyboard","move_sequence":114},
  "player": {"position":{"x":14,"y":10}},
  "goal_reached":false,
  "timestamp":"2026-02-20T20:12:40Z"
}

{
  "session_id": "53418bfd-ef31-4237-8e0e-6c228d6c01f4",
  "event_type": "player_move",
  "input": {"device":"keyboard","move_sequence":115},
  "player": {"position":{"x":13,"y":10}},
  "goal_reached":false,
  "timestamp":"2026-02-20T20:12:41Z"
}

{
  "session_id": "53418bfd-ef31-4237-8e0e-6c228d6c01f4",
  "event_type": "player_move",
  "input": {"device":"keyboard","move_sequence":116},
  "player": {"position":{"x":13,"y":9}},
  "goal_reached":false,
  "timestamp":"2026-02-20T20:12:42Z"
}

{
  "session_id": "53418bfd-ef31-4237-8e0e-6c228d6c01f4",
  "event_type": "player_move",
  "input": {"device":"keyboard","move_sequence":117},
  "player": {"position":{"x":14,"y":9}},
  "goal_reached":false,
  "timestamp":"2026-02-20T20:12:43Z"
}

{
  "session_id": "53418bfd-ef31-4237-8e0e-6c228d6c01f4",
  "event_type": "player_move",
  "input": {"device":"keyboard","move_sequence":118},
  "player": {"position":{"x":15,"y":9}},
  "goal_reached":false,
  "timestamp":"2026-02-20T20:12:43Z"
}

{
  "session_id": "53418bfd-ef31-4237-8e0e-6c228d6c01f4",
  "event_type": "player_move",
  "input": {"device":"keyboard","move_sequence":119},
  "player": {"position":{"x":15,"y":8}},
  "goal_reached":false,
  "timestamp":"2026-02-20T20:12:44Z"
}

{
  "session_id": "53418bfd-ef31-4237-8e0e-6c228d6c01f4",
  "event_type": "player_move",
  "input": {"device":"keyboard","move_sequence":120},
  "player": {"position":{"x":15,"y":7}},
  "goal_reached":false,
  "timestamp":"2026-02-20T20:12:45Z"
}

{
  "session_id": "53418bfd-ef31-4237-8e0e-6c228d6c01f4",
  "event_type": "player_move",
  "input": {"device":"keyboard","move_sequence":121},
  "player": {"position":{"x":16,"y":7}},
  "goal_reached":false,
  "timestamp":"2026-02-20T20:12:45Z"
}

{
  "session_id": "53418bfd-ef31-4237-8e0e-6c228d6c01f4",
  "event_type": "player_move",
  "input": {"device":"keyboard","move_sequence":122},
  "player": {"position":{"x":16,"y":8}},
  "goal_reached":false,
  "timestamp":"2026-02-20T20:12:46Z"
}

{
  "session_id": "53418bfd-ef31-4237-8e0e-6c228d6c01f4",
  "event_type": "player_move",
  "input": {"device":"keyboard","move_sequence":123},
  "player": {"position":{"x":16,"y":9}},
  "goal_reached":false,
  "timestamp":"2026-02-20T20:12:47Z"
}

{
  "session_id": "53418bfd-ef31-4237-8e0e-6c228d6c01f4",
  "event_type": "player_move",
  "input": {"device":"keyboard","move_sequence":124},
  "player": {"position":{"x":17,"y":9}},
  "goal_reached":false,
  "timestamp":"2026-02-20T20:12:48Z"
}

{
  "session_id": "53418bfd-ef31-4237-8e0e-6c228d6c01f4",
  "event_type": "player_move",
  "input": {"device":"keyboard","move_sequence":125},
  "player": {"position":{"x":17,"y":8}},
  "goal_reached":false,
  "timestamp":"2026-02-20T20:12:48Z"
}

{
  "session_id": "53418bfd-ef31-4237-8e0e-6c228d6c01f4",
  "event_type": "player_move",
  "input": {"device":"keyboard","move_sequence":126},
  "player": {"position":{"x":18,"y":8}},
  "goal_reached":false,
  "timestamp":"2026-02-20T20:12:49Z"
}

{
  "session_id": "53418bfd-ef31-4237-8e0e-6c228d6c01f4",
  "event_type": "player_move",
  "input": {"device":"keyboard","move_sequence":127},
  "player": {"position":{"x":18,"y":9}},
  "goal_reached":false,
  "timestamp":"2026-02-20T20:12:50Z"
}

{
  "session_id": "53418bfd-ef31-4237-8e0e-6c228d6c01f4",
  "event_type": "player_move",
  "input": {"device":"keyboard","move_sequence":128},
  "player": {"position":{"x":19,"y":9}},
  "goal_reached":false,
  "timestamp":"2026-02-20T20:12:51Z"
}

{
  "session_id": "53418bfd-ef31-4237-8e0e-6c228d6c01f4",
  "event_type": "player_move",
  "input": {"device":"keyboard","move_sequence":129},
  "player": {"position":{"x":20,"y":9}},
  "goal_reached":false,
  "timestamp":"2026-02-20T20:12:52Z"
}

{
  "session_id": "53418bfd-ef31-4237-8e0e-6c228d6c01f4",
  "event_type": "player_move",
  "input": {"device":"keyboard","move_sequence":130},
  "player": {"position":{"x":20,"y":10}},
  "goal_reached":false,
  "timestamp":"2026-02-20T20:12:53Z"
}

{
  "session_id": "53418bfd-ef31-4237-8e0e-6c228d6c01f4",
  "event_type": "player_move",
  "input": {"device":"keyboard","move_sequence":131},
  "player": {"position":{"x":20,"y":11}},
  "goal_reached":false,
  "timestamp":"2026-02-20T20:12:54Z"
}

{
  "session_id": "53418bfd-ef31-4237-8e0e-6c228d6c01f4",
  "event_type": "player_move",
  "input": {"device":"keyboard","move_sequence":132},
  "player": {"position":{"x":19,"y":11}},
  "goal_reached":false,
  "timestamp":"2026-02-20T20:12:54Z"
}

{
  "session_id": "53418bfd-ef31-4237-8e0e-6c228d6c01f4",
  "event_type": "player_move",
  "input": {"device":"keyboard","move_sequence":133},
  "player": {"position":{"x":19,"y":12}},
  "goal_reached":false,
  "timestamp":"2026-02-20T20:12:55Z"
}

{
  "session_id": "53418bfd-ef31-4237-8e0e-6c228d6c01f4",
  "event_type": "player_move",
  "input": {"device":"keyboard","move_sequence":134},
  "player": {"position":{"x":20,"y":12}},
  "goal_reached":false,
  "timestamp":"2026-02-20T20:12:56Z"
}

{
  "session_id": "53418bfd-ef31-4237-8e0e-6c228d6c01f4",
  "event_type": "player_move",
  "input": {"device":"keyboard","move_sequence":135},
  "player": {"position":{"x":20,"y":13}},
  "goal_reached":false,
  "timestamp":"2026-02-20T20:12:57Z"
}

{
  "session_id": "53418bfd-ef31-4237-8e0e-6c228d6c01f4",
  "event_type": "player_move",
  "input": {"device":"keyboard","move_sequence":136},
  "player": {"position":{"x":20,"y":14}},
  "goal_reached":true,
  "timestamp":"2026-02-20T20:12:57Z"
}

